order_id,ship_date,buyer_region,product_category,order_value_usd,buyer_tenure_yrs,new_buyer,payment_terms_days,route_risk_flag,rep_confidence_score,loss_recorded,loss_type,loss_amount_usd,days_to_loss_recorded,notes
18,2025-01-17,EU-West,beauty,4279.91,5.2,0,30,medium,0.86,0,none,0.0,,
99,2025-05-26,EU-West,home_appliance,14589.12,10.7,0,0,medium,0.49,1,dispute,759.7,79.0,quality complaint raised
790,2024-01-10,EU-North,pet_care,3918.59,2.7,0,90,medium,0.32,1,return,907.74,29.0,
631,2024-03-15,EU-South,home_appliance,12236.41,7.3,0,30,low,0.39,0,none,0.0,,
811,2025-04-14,EU-West,pet_care,5810.34,5.1,0,30,low,0.75,0,none,0.0,,
102,2024-03-04,EU-North,pet_care,10433.53,3.7,0,30,low,0.51,1,dispute,4822.01,33.0,buyer disputes invoice
903,2025-05-16,EU-West,beauty,3330.62,3.1,0,60,low,0.54,0,none,0.0,,
1251,2024-11-18,EU-West,pet_care,22871.33,3.5,0,0,low,0.87,0,none,0.0,,
722,2024-05-20,EU-East,home_appliance,16992.85,1.7,0,90,low,0.51,0,none,0.0,,
446,2024-11-17,EU-North,cleaning,14697.64,2.4,0,60,low,0.44,0,none,0.0,,
1153,2025-01-08,EU-West,cleaning,4226.58,4.3,0,0,medium,0.55,0,none,0.0,,
1322,2024-06-11,EU-East,pet_care,9238.25,1.7,0,0,medium,0.45,0,none,0.0,,
1357,2025-02-27,EU-East,pet_care,14564.88,2.6,0,30,low,0.45,0,none,0.0,,
1003,2025-06-10,EU-West,cleaning,3257.63,3.0,0,30,low,0.65,0,none,0.0,,
301,2024-09-29,EU-North,pet_care,5517.08,4.0,0,0,high,0.79,0,none,0.0,,
611,2024-07-22,EU-East,home_appliance,14436.47,3.1,0,30,high,0.5,1,return,522.21,87.0,
829,2024-12-28,EU-South,home_appliance,16352.63,8.0,0,0,medium,0.57,0,none,0.0,,
1138,2025-06-21,EU-East,beauty,13111.23,0.9,1,0,low,0.41,1,freight_overrun,336.14,95.0,
741,2024-09-17,EU-West,pet_care,21951.04,5.2,0,60,medium,0.24,0,none,0.0,,
1073,2024-11-08,EU-East,cleaning,11935.57,4.4,0,60,low,0.4,0,none,0.0,,
345,2025-05-10,EU-North,cleaning,11621.62,3.3,0,30,medium,0.69,0,none,0.0,,
978,2025-03-22,,cleaning,5418.22,1.6,0,90,medium,0.45,0,none,0.0,,
100,2025-05-17,EU-South,cleaning,11631.48,9.0,0,0,low,0.51,0,none,0.0,,
114,2024-04-29,EU-East,cleaning,26947.43,4.3,0,30,low,0.63,1,return,,35.0,
833,2025-03-27,,home_appliance,16448.6,4.9,0,30,low,0.79,0,none,0.0,,
1052,2025-01-17,EU-West,cleaning,7009.29,1.9,0,30,medium,0.57,0,none,0.0,,
64,2025-02-11,EU-North,home_appliance,19513.53,4.1,0,60,medium,0.54,0,none,0.0,,
14,2024-02-03,EU-South,pet_care,7513.48,0.9,1,90,high,0.02,1,late_payment,269.98,31.0,paid 40 days late
573,2024-07-13,EU-East,cleaning,6944.34,5.6,0,60,low,0.48,0,none,0.0,,
173,2025-05-12,EU-West,beauty,7048.06,2.2,0,0,medium,0.29,1,freight_overrun,306.66,29.0,
1257,2025-06-05,EU-North,beauty,15083.05,1.7,0,90,medium,0.42,0,none,0.0,,
1398,2024-08-16,EU-South,beauty,6461.57,0.9,1,30,medium,0.43,0,none,0.0,,
112,2024-07-19,EU-West,home_appliance,19598.12,6.0,0,0,high,0.64,0,none,0.0,,
1193,2025-04-11,EU-South,cleaning,4724.96,0.4,1,30,low,0.34,0,none,0.0,,
1068,2025-03-31,EU-North,beauty,1575.61,2.1,0,30,low,0.83,0,none,0.0,,
35,2024-01-17,EU-East,home_appliance,8341.26,2.7,0,0,high,0.98,0,none,0.0,,
1071,2025-01-15,EU-South,beauty,9235.37,4.6,0,30,low,0.69,0,none,0.0,,
1032,2025-06-15,EU-North,cleaning,16735.65,2.9,0,30,high,0.63,0,none,0.0,,
961,2025-04-06,EU-East,pet_care,4705.88,6.0,0,90,low,0.55,0,none,0.0,,
531,2025-05-29,EU-North,cleaning,7949.55,4.0,0,30,low,0.62,0,none,0.0,,
1188,2024-11-06,EU-South,home_appliance,18432.12,3.8,0,60,low,0.7,0,none,0.0,,
514,2025-05-13,EU-West,beauty,9592.02,3.5,0,0,high,0.74,0,none,0.0,,
111,2024-08-23,EU-East,home_appliance,17160.05,1.3,0,0,medium,0.59,1,freight_overrun,,32.0,extra freight billed
1355,2024-08-15,EU-South,pet_care,5792.11,5.6,0,60,high,0.4,0,none,0.0,,
263,2024-07-11,EU-West,cleaning,23725.74,2.8,0,60,high,0.26,0,none,0.0,,
622,2024-04-23,EU-East,home_appliance,11113.64,10.6,0,60,low,0.44,0,none,0.0,,
502,2024-02-04,EU-South,home_appliance,4419.95,4.1,0,60,low,0.5,1,dispute,1715.23,46.0,quality complaint raised
362,2025-01-20,EU-West,home_appliance,14971.81,6.2,0,0,medium,0.4,0,none,0.0,,
1323,2024-11-15,EU-West,beauty,11748.23,1.1,0,0,low,0.41,0,none,0.0,,
507,2025-01-21,EU-West,beauty,13899.19,2.0,0,60,medium,0.48,0,none,0.0,,
1238,2024-10-28,EU-East,home_appliance,12176.59,3.0,0,30,medium,0.69,1,freight_overrun,238.99,164.0,container reweigh cost
1239,2024-04-16,EU-West,pet_care,12319.01,5.2,0,0,high,0.57,1,freight_overrun,510.82,56.0,extra freight billed
398,2024-09-14,EU-West,home_appliance,4503.23,2.5,0,90,low,0.45,0,none,0.0,,
16,2024-07-28,EU-West,cleaning,10718.35,1.3,0,30,low,0.58,0,none,0.0,,
1080,2024-10-11,EU-West,pet_care,11252.43,4.1,0,30,medium,0.45,1,return,258.13,110.0,
1276,2024-08-05,EU-West,beauty,33056.75,2.7,0,0,medium,0.81,0,none,0.0,,
142,2024-02-08,EU-East,home_appliance,13062.31,7.7,0,30,low,0.65,0,none,0.0,,
1317,2024-05-20,EU-East,beauty,14771.68,10.9,0,30,low,0.61,0,none,0.0,,
753,2025-03-02,EU-West,cleaning,4235.86,4.5,0,0,low,0.45,0,none,0.0,,
494,2025-02-22,EU-West,home_appliance,28478.64,3.4,0,30,low,0.54,0,none,0.0,,
751,2025-04-21,EU-West,cleaning,10537.09,5.4,0,60,low,0.41,0,none,0.0,,
1049,2024-07-22,EU-South,beauty,7859.09,3.4,0,0,medium,0.71,0,none,0.0,,
789,2024-08-15,EU-North,home_appliance,12955.9,2.0,0,0,high,0.29,0,none,0.0,,
641,2025-03-28,EU-North,home_appliance,5036.62,1.0,0,60,low,0.61,0,none,0.0,,
390,2024-07-19,EU-South,home_appliance,13213.89,12.3,0,60,low,0.47,0,none,0.0,,buyer queried ETA
669,2025-06-14,EU-West,home_appliance,16264.88,5.2,0,60,low,0.59,0,none,0.0,,
1160,2024-02-27,EU-North,home_appliance,34669.96,2.3,0,60,high,0.45,0,none,0.0,,
661,2024-03-01,EU-West,pet_care,2695.21,5.6,0,60,low,0.48,0,none,0.0,,
901,2025-02-16,EU-East,pet_care,11685.88,16.4,0,30,medium,0.51,0,none,0.0,,
1319,2024-10-19,EU-North,home_appliance,18143.58,4.9,0,0,low,0.62,0,none,0.0,,
752,2025-01-16,EU-West,home_appliance,8382.64,2.2,0,30,high,0.87,1,freight_overrun,591.4,70.0,
650,2025-03-02,EU-West,home_appliance,6971.37,6.4,0,30,low,0.48,0,none,0.0,,
562,2025-05-29,EU-West,beauty,11004.71,2.8,0,90,low,0.45,0,none,0.0,,
433,2024-10-17,,beauty,20846.61,0.7,1,30,low,0.22,0,none,0.0,,
1231,2024-02-10,EU-West,home_appliance,6421.21,5.8,0,60,medium,0.59,0,none,0.0,,
841,2024-09-28,EU-West,home_appliance,14622.3,5.5,0,90,low,0.36,0,none,0.0,,
620,2024-10-02,EU-West,beauty,6856.21,2.6,0,30,low,0.56,0,none,0.0,,
281,2025-06-07,EU-West,cleaning,12900.84,1.9,0,0,medium,0.22,0,none,0.0,,
253,2024-04-03,EU-East,home_appliance,15498.68,1.3,0,60,low,0.66,0,none,0.0,,
721,2024-11-18,EU-East,home_appliance,8438.54,4.6,0,0,low,0.83,0,none,0.0,,
947,2025-06-20,EU-North,pet_care,4745.16,3.1,0,30,low,0.65,0,none,0.0,,
830,2025-02-26,EU-West,cleaning,4301.67,2.7,0,0,medium,0.47,0,none,0.0,,
636,2024-02-16,EU-West,cleaning,6576.64,4.1,0,60,low,0.34,0,none,0.0,,
759,2025-04-21,EU-West,beauty,19978.93,4.4,0,0,high,0.64,0,none,0.0,,
373,2025-04-26,EU-West,cleaning,11667.75,12.6,0,90,high,0.2,0,none,0.0,,
180,2025-01-22,EU-North,pet_care,35655.83,1.5,0,30,low,0.56,0,none,0.0,,
1105,2024-07-08,EU-West,home_appliance,12176.01,4.4,0,30,low,0.68,0,none,0.0,,
119,2025-06-19,EU-East,home_appliance,9483.3,0.7,1,30,high,0.52,0,none,0.0,,
1348,2024-07-11,EU-West,home_appliance,9761.19,2.4,0,90,medium,0.47,0,none,0.0,,
448,2025-01-09,EU-North,cleaning,3798.8,6.2,0,30,medium,0.72,0,none,0.0,,
52,2024-09-21,EU-West,cleaning,7225.43,3.1,0,30,low,0.52,0,none,0.0,,n/a
849,2024-09-07,EU-West,beauty,4834.08,4.6,0,30,medium,0.68,0,none,0.0,,
772,2024-05-24,EU-East,home_appliance,4790.37,6.6,0,30,high,0.65,0,none,0.0,,
926,2024-09-21,EU-West,pet_care,12336.56,8.0,0,0,medium,0.85,0,none,0.0,,
799,2024-02-02,EU-North,home_appliance,19077.52,6.8,0,60,high,0.4,1,return,688.46,39.0,
1099,2025-04-03,EU-South,pet_care,14834.46,4.1,0,30,medium,0.52,0,none,0.0,,
1320,2025-03-06,EU-South,beauty,16308.18,3.4,0,90,low,0.14,0,none,0.0,,
929,2024-10-03,EU-East,beauty,9963.53,1.7,0,30,medium,0.47,0,none,0.0,,
355,2025-03-22,EU-East,home_appliance,19075.57,1.2,0,90,medium,0.64,0,none,0.0,,
700,2024-01-17,EU-West,home_appliance,10616.01,5.4,0,90,low,0.42,0,none,0.0,,
931,2024-08-12,EU-West,beauty,2939.31,0.2,1,60,low,0.0,1,freight_overrun,,114.0,
975,2024-05-17,EU-West,beauty,8928.9,3.5,0,30,medium,0.7,0,none,0.0,,
413,2025-03-23,EU-West,cleaning,11960.2,7.2,0,30,medium,0.7,0,none,0.0,,
417,2024-09-01,EU-West,cleaning,6465.48,5.2,0,0,low,0.63,0,none,0.0,,n/a
994,2024-01-14,EU-West,home_appliance,16170.53,3.7,0,60,medium,0.66,1,return,281.86,86.0,
839,2024-06-11,EU-East,beauty,12553.43,1.7,0,30,medium,0.33,0,none,0.0,,
260,2024-11-11,EU-East,home_appliance,50600.53,3.3,0,90,medium,0.57,0,none,0.0,,
882,2024-02-06,EU-North,home_appliance,8218.32,3.2,0,30,medium,0.51,0,none,0.0,,
1288,2025-03-29,EU-West,cleaning,5037.59,5.9,0,30,low,0.7,0,none,0.0,,
1189,2024-09-03,EU-West,beauty,17206.68,2.1,0,30,low,0.52,0,none,0.0,,
396,2025-06-04,EU-East,home_appliance,6396.32,0.6,1,30,high,0.33,1,return,,70.0,
21,2025-02-07,EU-North,cleaning,16732.43,4.3,0,30,low,0.31,0,none,0.0,,
340,2025-03-23,EU-South,cleaning,2957.95,3.3,0,30,medium,0.56,0,none,0.0,,
618,2024-06-12,EU-West,home_appliance,1491.19,3.0,0,0,low,0.5,0,none,0.0,,
286,2024-04-07,EU-East,home_appliance,5804.93,3.0,0,60,medium,0.55,0,none,0.0,,
364,2024-10-17,EU-West,home_appliance,6866.66,2.6,0,30,low,0.84,0,none,0.0,,
186,2024-10-09,EU-North,pet_care,6303.63,5.8,0,30,medium,0.66,0,none,0.0,,
1024,2025-02-13,,home_appliance,16840.97,2.6,0,60,high,0.37,0,none,0.0,,
1269,2024-01-01,EU-East,beauty,7921.86,2.9,0,60,medium,0.32,0,none,0.0,,
652,2024-10-29,EU-South,home_appliance,6921.69,5.5,0,30,low,0.61,0,none,0.0,,
400,2024-01-04,EU-East,cleaning,20868.16,0.9,1,30,low,0.05,0,none,0.0,,
217,2024-10-18,EU-West,home_appliance,2231.17,4.2,0,30,high,0.48,0,none,0.0,,
378,2024-06-20,EU-East,beauty,16716.8,4.9,0,30,low,0.71,0,none,0.0,,
1026,2024-03-17,EU-West,cleaning,14961.33,1.7,0,30,high,0.52,0,none,0.0,,
818,2025-01-29,EU-East,pet_care,8292.4,1.6,0,0,medium,0.84,0,none,0.0,,
699,2024-09-20,,home_appliance,6273.18,5.9,0,30,low,0.51,0,none,0.0,,
1338,2025-03-12,EU-East,beauty,5556.73,5.8,0,30,medium,0.77,0,none,0.0,,
1335,2024-12-07,EU-South,home_appliance,8846.66,3.0,0,30,medium,0.58,0,none,0.0,,
886,2024-07-09,EU-West,home_appliance,20670.28,6.0,0,0,medium,0.61,0,none,0.0,,
1265,2024-01-03,EU-East,beauty,11983.97,0.1,1,30,medium,0.31,1,freight_overrun,236.5,7.0,extra freight billed
1256,2024-05-29,EU-South,pet_care,6104.43,2.0,0,30,low,0.51,0,none,0.0,,
129,2025-02-20,EU-West,home_appliance,14144.73,3.8,0,30,low,0.74,0,none,0.0,,
769,2025-03-08,EU-West,home_appliance,8717.94,3.4,0,60,low,0.44,0,none,0.0,,
250,2024-06-02,EU-East,pet_care,30037.52,6.0,0,30,low,0.44,0,none,0.0,,
763,2025-06-01,EU-West,beauty,8345.94,0.8,1,0,medium,0.23,0,none,0.0,,
331,2024-08-04,EU-North,pet_care,42348.91,4.2,0,90,medium,0.37,0,none,0.0,,
922,2024-05-16,EU-South,home_appliance,9927.02,1.7,0,30,low,0.64,1,late_payment,223.39,58.0,paid 40 days late
740,2025-01-12,EU-East,pet_care,8467.79,9.9,0,0,medium,0.43,0,none,0.0,,
603,2024-06-22,EU-South,pet_care,7756.46,4.9,0,60,low,0.25,0,none,0.0,,
190,2024-10-25,EU-West,home_appliance,12013.35,2.9,0,90,low,0.55,0,none,0.0,,
351,2024-05-30,EU-North,cleaning,11024.29,5.7,0,60,low,0.21,0,none,0.0,,
290,2024-10-07,EU-West,beauty,3824.62,0.5,1,90,low,0.08,0,none,0.0,,
147,2025-05-29,EU-West,home_appliance,9883.85,3.8,0,0,low,0.55,0,none,0.0,,
329,2024-11-11,EU-North,home_appliance,11843.62,3.4,0,30,medium,0.31,0,none,0.0,,
415,2025-06-04,,pet_care,13265.86,7.2,0,0,low,0.86,0,none,0.0,,
928,2024-07-25,EU-South,home_appliance,3270.29,2.1,0,30,low,0.58,0,none,0.0,,
821,2024-04-05,EU-West,beauty,14866.11,2.0,0,60,medium,0.44,0,none,0.0,,
165,2024-07-29,EU-East,cleaning,20228.66,3.2,0,0,low,0.59,1,freight_overrun,603.35,57.0,container reweigh cost
370,2024-07-02,EU-South,pet_care,10853.67,5.4,0,30,low,0.46,0,none,0.0,,
109,2024-06-12,EU-West,home_appliance,6651.48,2.8,0,60,medium,0.49,0,none,0.0,,
295,2024-10-17,EU-South,cleaning,4185.35,7.1,0,30,low,0.81,0,none,0.0,,
1304,2024-04-25,EU-West,pet_care,8903.34,0.9,1,30,medium,0.43,1,dispute,1372.72,51.0,buyer disputes invoice
1011,2024-01-19,EU-North,cleaning,5950.04,2.2,0,60,low,0.34,0,none,0.0,,
778,2024-06-07,EU-West,pet_care,7997.35,0.6,1,30,high,0.28,0,none,0.0,,
1196,2024-07-21,EU-West,pet_care,21363.28,6.9,0,60,low,0.44,1,dispute,377.37,7.0,
565,2024-05-27,EU-North,cleaning,19102.88,10.0,0,30,medium,0.8,0,none,0.0,,
572,2025-02-20,EU-South,pet_care,7253.71,0.8,1,90,low,0.1,0,none,0.0,,
1307,2024-01-08,EU-East,pet_care,5045.03,2.6,0,60,low,0.5,1,return,935.96,90.0,goods sent back
1179,2024-06-22,EU-West,home_appliance,7931.08,3.2,0,90,high,0.28,1,dispute,1199.38,26.0,
949,2024-04-19,EU-South,home_appliance,4234.82,0.9,1,30,low,0.21,0,none,0.0,,
977,2025-06-12,EU-East,pet_care,5725.85,11.9,0,60,low,0.39,0,none,0.0,,
285,2025-06-02,EU-East,home_appliance,13112.87,4.1,0,60,medium,0.29,0,none,0.0,,
211,2024-04-23,EU-North,home_appliance,16452.3,6.6,0,30,low,0.75,0,none,0.0,,
128,2024-08-19,EU-West,beauty,4104.47,0.6,1,30,low,0.27,0,none,0.0,,
549,2024-10-19,EU-North,home_appliance,3822.98,0.4,1,60,high,0.24,1,freight_overrun,262.22,58.0,
1346,2025-05-08,EU-North,cleaning,7635.55,4.1,0,0,low,0.61,0,none,0.0,,
864,2024-03-01,,home_appliance,53769.62,5.0,0,30,medium,0.54,0,none,0.0,,
825,2025-03-31,,pet_care,4108.29,7.5,0,0,medium,0.56,1,dispute,1048.84,16.0,chargeback pending
732,2024-09-24,,cleaning,19062.54,2.1,0,60,low,0.28,0,none,0.0,,
547,2025-05-12,EU-West,home_appliance,5893.7,7.5,0,60,high,0.44,1,dispute,1348.18,115.0,quality complaint raised
1250,2024-04-15,EU-South,pet_care,13466.32,2.3,0,60,low,0.29,0,none,0.0,,
171,2024-05-25,EU-West,beauty,4275.34,6.2,0,60,medium,0.45,0,none,0.0,,
61,2025-06-04,,cleaning,14784.78,1.7,0,0,medium,0.48,0,none,0.0,,
485,2025-04-24,EU-West,home_appliance,3093.15,4.8,0,60,low,0.48,0,none,0.0,,
944,2024-08-14,EU-East,home_appliance,14662.94,1.6,0,90,medium,0.51,0,none,0.0,,
1039,2024-04-13,EU-East,beauty,5247.45,3.7,0,0,medium,0.77,0,none,0.0,,
395,2024-12-07,EU-West,pet_care,10262.82,7.5,0,30,low,0.36,0,none,0.0,,
873,2024-04-21,EU-South,cleaning,15546.31,2.0,0,60,low,0.61,0,none,0.0,,
309,2024-11-10,EU-West,pet_care,13900.95,2.7,0,60,medium,0.38,0,none,0.0,,
681,2025-01-04,,beauty,10890.23,3.4,0,0,medium,0.51,0,none,0.0,,
706,2025-01-19,EU-East,cleaning,7620.44,3.2,0,30,low,0.6,1,return,779.69,55.0,
1098,2024-10-28,EU-South,home_appliance,12055.38,3.6,0,30,medium,0.92,0,none,0.0,,
906,2024-04-02,EU-North,home_appliance,6290.61,2.7,0,0,high,0.53,0,none,0.0,,
1302,2024-01-30,EU-East,beauty,8763.64,10.4,0,60,low,0.35,0,none,0.0,,
325,2024-05-17,EU-South,beauty,55841.15,10.7,0,0,medium,0.71,0,none,0.0,,
1040,2024-04-24,EU-West,cleaning,13655.94,3.2,0,60,medium,0.15,0,none,0.0,,
688,2025-03-05,EU-South,home_appliance,12870.33,2.0,0,0,medium,0.7,0,none,0.0,,
319,2024-03-09,EU-West,cleaning,7264.94,3.8,0,0,high,0.7,0,none,0.0,,
575,2024-06-13,EU-South,home_appliance,8761.11,2.0,0,60,low,0.08,0,none,0.0,,
327,2024-01-22,EU-South,home_appliance,8078.44,5.5,0,30,low,0.58,0,none,0.0,,
761,2025-01-28,EU-North,beauty,8416.82,5.5,0,60,high,0.38,0,none,0.0,,
242,2024-02-24,EU-North,home_appliance,49501.83,7.9,0,0,medium,0.81,0,none,0.0,,
774,2024-04-22,,home_appliance,3730.57,1.9,0,30,low,0.5,0,none,0.0,,
643,2024-02-21,EU-West,cleaning,11592.36,0.7,1,30,low,0.52,0,none,0.0,,
284,2024-10-17,,home_appliance,28307.02,7.1,0,0,low,0.57,0,none,0.0,,
241,2024-05-07,EU-South,cleaning,6457.07,3.8,0,0,medium,0.75,0,none,0.0,,
1393,2024-08-04,EU-West,cleaning,20171.46,2.8,0,60,low,0.53,0,none,0.0,,
44,2024-03-11,EU-West,home_appliance,6230.75,20.9,0,90,medium,0.35,0,none,0.0,,
852,2024-08-27,EU-West,cleaning,6748.64,0.4,1,0,low,0.31,0,none,0.0,,
326,2024-01-23,EU-North,home_appliance,11151.79,5.3,0,0,low,0.61,0,none,0.0,,
656,2024-02-02,EU-West,beauty,4755.4,1.2,0,30,low,0.33,0,none,0.0,,
588,2024-04-12,EU-West,cleaning,12073.09,5.2,0,30,low,0.54,0,none,0.0,,
152,2024-06-18,EU-South,beauty,7842.32,6.0,0,60,low,0.26,0,none,0.0,,
229,2025-02-13,EU-North,home_appliance,26553.96,2.6,0,30,low,0.62,0,none,0.0,,
368,2024-06-15,EU-North,home_appliance,10211.41,2.1,0,30,high,0.66,1,freight_overrun,267.01,37.0,extra freight billed
863,2024-12-02,EU-North,beauty,19492.24,6.5,0,0,low,0.43,0,none,0.0,,
408,2024-04-30,EU-South,beauty,12843.95,4.4,0,60,medium,0.58,0,none,0.0,,
1369,2025-04-25,EU-West,pet_care,1820.69,7.0,0,30,high,0.51,0,none,0.0,,
1360,2025-03-04,EU-West,beauty,17542.79,3.3,0,30,low,0.37,0,none,0.0,,
1228,2025-04-26,EU-East,home_appliance,5636.93,6.0,0,60,low,0.44,0,none,0.0,,
153,2024-01-17,EU-West,home_appliance,5584.27,5.9,0,60,low,0.34,0,none,0.0,,
195,2024-07-15,EU-West,pet_care,22577.96,5.8,0,30,low,0.7,0,none,0.0,,
940,2025-03-30,EU-West,home_appliance,15177.79,1.4,0,30,low,0.63,0,none,0.0,,
475,2024-08-24,EU-West,pet_care,16202.22,7.7,0,60,medium,0.35,0,none,0.0,,
733,2024-08-28,EU-West,pet_care,3355.28,2.1,0,30,low,0.78,0,none,0.0,,
1296,2025-01-17,EU-West,home_appliance,15009.92,4.7,0,90,low,0.52,1,dispute,3227.01,47.0,chargeback pending
644,2024-02-29,EU-West,pet_care,12424.42,1.2,0,90,medium,0.61,0,none,0.0,,
69,2024-09-17,EU-West,cleaning,33133.25,1.0,0,90,low,0.58,0,none,0.0,,
397,2024-11-10,,beauty,6846.17,4.1,0,60,low,0.61,0,none,0.0,,
766,2025-01-11,EU-West,home_appliance,4301.25,5.8,0,30,medium,0.86,0,none,0.0,,
698,2024-09-10,EU-East,beauty,14304.67,3.5,0,60,medium,0.43,0,none,0.0,,
1122,2024-05-27,EU-West,beauty,13047.71,12.4,0,0,medium,0.72,0,none,0.0,,
870,2024-06-13,EU-West,pet_care,27657.64,7.5,0,90,low,0.5,1,return,905.12,76.0,
10,2024-04-24,EU-East,cleaning,7123.07,2.1,0,0,medium,0.77,1,late_payment,175.48,48.0,
1364,2024-05-30,EU-West,home_appliance,11155.15,3.3,0,30,medium,0.57,1,default,9942.92,45.0,account written off
1202,2024-08-17,EU-East,cleaning,27898.19,7.3,0,60,medium,0.42,0,none,0.0,,
508,2024-01-23,EU-South,home_appliance,12529.86,2.9,0,30,medium,0.47,0,none,0.0,,
907,2025-04-22,EU-East,beauty,8169.85,0.7,1,0,medium,0.17,1,freight_overrun,423.64,150.0,container reweigh cost
200,2025-01-06,EU-West,home_appliance,26772.72,8.6,0,0,low,0.66,0,none,0.0,,
1310,2024-08-01,EU-South,cleaning,6658.62,1.7,0,30,low,0.68,0,none,0.0,,
783,2024-04-22,EU-East,pet_care,5948.19,9.1,0,90,high,0.43,0,none,0.0,,
205,2025-01-02,EU-West,home_appliance,10067.97,5.5,0,30,medium,0.3,0,none,0.0,,
1144,2024-05-28,EU-South,home_appliance,26492.87,0.7,1,60,low,0.0,1,dispute,1959.82,140.0,chargeback pending
1017,2025-01-15,EU-North,home_appliance,8440.57,1.3,0,30,medium,0.65,0,none,0.0,,
1376,2025-05-16,EU-West,beauty,14515.69,2.4,0,60,low,0.62,1,dispute,1228.69,108.0,quality complaint raised
1235,2024-03-19,EU-West,beauty,11663.47,6.2,0,30,medium,0.62,0,none,0.0,,
519,2024-04-26,EU-West,beauty,6290.39,9.5,0,90,medium,0.36,1,return,688.93,55.0,buyer returned partial shipment
1281,2024-06-08,EU-West,pet_care,7905.5,2.2,0,30,high,0.73,0,none,0.0,,
1312,2024-05-10,EU-South,home_appliance,10329.0,2.3,0,30,medium,0.59,1,freight_overrun,514.81,110.0,extra freight billed
47,2024-06-27,EU-West,pet_care,12956.31,1.9,0,60,low,0.46,0,none,0.0,,
1400,2024-12-30,EU-West,cleaning,11397.63,0.9,1,90,low,0.19,0,none,0.0,,
28,2024-12-07,EU-West,home_appliance,6088.58,5.9,0,0,low,0.58,0,none,0.0,,
964,2024-07-30,EU-West,pet_care,5302.48,5.2,0,0,low,0.52,0,none,0.0,,
393,2024-01-21,EU-East,home_appliance,15802.01,1.7,0,60,high,0.62,0,none,0.0,,
1213,2025-03-23,EU-East,beauty,5949.75,5.2,0,30,high,0.46,0,none,0.0,,
352,2024-05-28,EU-West,home_appliance,19508.14,2.3,0,30,low,0.66,0,none,0.0,,
474,2024-11-26,EU-West,pet_care,9479.99,11.1,0,0,medium,0.43,0,none,0.0,,
1029,2025-06-08,EU-North,cleaning,18907.04,6.7,0,0,low,0.32,0,none,0.0,,
921,2025-02-03,EU-West,home_appliance,5245.6,11.1,0,30,medium,0.9,0,none,0.0,,
208,2024-11-07,EU-North,home_appliance,11602.94,3.4,0,60,low,0.43,0,none,0.0,,
1325,2024-09-03,EU-West,home_appliance,6270.1,1.2,0,30,medium,0.78,0,none,0.0,,
110,2024-04-01,EU-South,cleaning,6408.79,3.6,0,30,low,0.71,0,none,0.0,,
1371,2024-02-28,EU-West,home_appliance,27670.85,3.0,0,60,low,0.53,0,none,0.0,,
254,2024-01-21,EU-West,home_appliance,30920.69,0.7,1,60,low,0.21,1,freight_overrun,464.7,41.0,extra freight billed
123,2024-03-07,EU-West,pet_care,3540.25,2.3,0,0,medium,0.76,0,none,0.0,,
187,2024-01-13,EU-West,home_appliance,6164.9,9.4,0,90,low,0.65,0,none,0.0,,buyer queried ETA
314,2025-06-19,EU-West,pet_care,5146.3,6.1,0,30,medium,0.7,0,none,0.0,,
574,2024-09-04,EU-North,beauty,15573.56,6.1,0,30,low,0.61,0,none,0.0,,
599,2024-03-29,EU-South,pet_care,8326.71,5.5,0,30,low,0.84,0,none,0.0,,
264,2024-08-26,EU-West,home_appliance,16016.66,6.6,0,30,medium,0.39,0,none,0.0,,
1015,2024-12-22,EU-West,beauty,8737.94,10.3,0,0,medium,0.71,1,dispute,1000.61,65.0,
512,2024-03-27,EU-South,home_appliance,11272.08,3.3,0,30,low,0.52,0,none,0.0,,
998,2025-02-06,EU-West,home_appliance,7242.03,11.6,0,30,medium,0.62,1,freight_overrun,354.13,28.0,
458,2025-01-01,EU-East,home_appliance,20764.23,1.6,0,0,medium,0.31,0,none,0.0,,
276,2024-02-07,EU-West,pet_care,10754.34,4.1,0,0,medium,0.56,0,none,0.0,,
1050,2024-08-19,EU-West,beauty,10196.87,3.4,0,0,medium,0.59,0,none,0.0,,
68,2025-03-26,,home_appliance,10679.61,7.3,0,0,low,0.73,1,late_payment,319.64,99.0,
598,2024-05-24,EU-North,home_appliance,8127.76,0.4,1,0,low,0.25,0,none,0.0,,
1106,2024-10-14,EU-North,home_appliance,36146.1,7.7,0,0,low,0.71,0,none,0.0,,
1191,2024-12-24,EU-East,cleaning,3626.58,1.9,0,30,low,0.45,0,none,0.0,,
505,2024-10-05,EU-East,cleaning,11868.93,2.1,0,30,low,0.68,0,none,0.0,,
1336,2024-04-09,EU-South,beauty,26665.88,5.4,0,60,low,0.38,0,none,0.0,,
1275,2024-10-22,EU-West,beauty,16008.38,0.9,1,30,low,0.1,0,none,0.0,,
468,2025-02-22,EU-South,home_appliance,7785.43,1.3,0,90,low,0.37,0,none,0.0,,
432,2024-06-10,EU-North,pet_care,4307.56,2.2,0,90,low,0.35,1,dispute,,17.0,chargeback pending
452,2025-02-14,EU-South,pet_care,3814.5,0.4,1,90,low,0.0,0,none,0.0,,
604,2025-02-05,EU-North,cleaning,16896.81,4.4,0,30,low,0.63,0,none,0.0,,
548,2024-05-08,EU-West,pet_care,20057.73,5.1,0,60,medium,0.74,0,none,0.0,,
594,2025-03-28,EU-East,home_appliance,9659.76,1.4,0,30,low,0.75,0,none,0.0,,
957,2025-01-15,EU-North,beauty,24293.28,12.4,0,0,low,0.62,0,none,0.0,,
1195,2024-10-28,EU-South,home_appliance,12656.38,4.5,0,30,low,0.75,0,none,0.0,,"minor delay, no cost"
1057,2024-06-27,EU-South,cleaning,3519.24,1.3,0,60,medium,0.54,0,none,0.0,,
126,2024-06-07,EU-East,home_appliance,84260.79,5.6,0,30,low,0.54,0,none,0.0,,
591,2024-04-27,EU-South,home_appliance,6175.24,9.0,0,30,high,0.73,0,none,0.0,,
701,2025-04-01,EU-West,cleaning,8112.25,1.7,0,0,medium,0.85,0,none,0.0,,
455,2025-01-02,EU-West,pet_care,10513.1,0.8,1,30,medium,0.3,0,none,0.0,,
868,2025-05-13,EU-North,beauty,17400.78,5.8,0,60,high,0.58,0,none,0.0,,
1349,2024-01-24,EU-East,beauty,5581.49,2.8,0,60,medium,0.69,0,none,0.0,,
735,2025-04-17,EU-West,beauty,21308.59,3.5,0,30,low,0.75,0,none,0.0,,
1382,2025-05-18,EU-West,home_appliance,5922.4,1.6,0,0,medium,0.42,0,none,0.0,,
54,2024-06-09,EU-North,pet_care,9173.04,1.2,0,30,high,0.63,0,none,0.0,,
384,2024-07-01,EU-East,home_appliance,11269.55,5.0,0,60,medium,0.35,1,dispute,525.75,36.0,chargeback pending
694,2024-04-25,EU-West,home_appliance,26434.61,3.8,0,30,low,0.72,1,return,867.35,34.0,goods sent back
41,2025-03-28,EU-East,home_appliance,13709.55,7.5,0,30,medium,0.96,0,none,0.0,,
612,2025-03-15,EU-North,home_appliance,5208.6,1.1,0,0,medium,0.42,0,none,0.0,,
757,2024-01-01,EU-West,home_appliance,27134.71,3.3,0,30,medium,0.31,0,none,0.0,,
838,2024-03-10,EU-South,home_appliance,2621.35,13.3,0,90,low,0.34,1,dispute,823.0,28.0,
386,2024-01-30,EU-South,pet_care,14505.43,1.6,0,60,low,0.43,0,none,0.0,,
84,2025-01-21,EU-West,home_appliance,12200.63,2.3,0,30,high,0.6,0,none,0.0,,
116,2024-05-08,EU-South,home_appliance,11735.56,0.3,1,60,low,0.03,0,none,0.0,,
1078,2024-05-16,EU-East,home_appliance,5928.9,5.0,0,30,low,0.73,0,none,0.0,,
634,2024-12-15,EU-West,beauty,3376.55,0.8,1,60,low,0.13,1,return,586.45,81.0,buyer returned partial shipment
670,2024-12-05,EU-East,beauty,31881.62,5.0,0,0,medium,0.65,0,none,0.0,,
1344,2024-05-11,EU-East,cleaning,18077.66,3.0,0,0,low,0.49,0,none,0.0,,
658,2025-05-30,EU-West,beauty,15074.57,2.0,0,60,medium,0.74,0,none,0.0,,
1165,2025-04-01,EU-West,cleaning,3409.7,2.5,0,60,medium,0.53,1,late_payment,76.58,66.0,
1110,2025-04-13,EU-West,cleaning,67349.64,4.3,0,30,medium,0.87,0,none,0.0,,
713,2024-01-01,EU-South,home_appliance,3271.76,10.0,0,30,low,0.76,0,none,0.0,,
431,2024-10-17,EU-South,beauty,5206.19,4.4,0,30,high,0.61,0,none,0.0,,
97,2025-03-28,EU-West,pet_care,13978.66,6.8,0,30,low,0.4,0,none,0.0,,
1381,2024-06-02,EU-East,home_appliance,6036.24,6.4,0,60,high,0.26,0,none,0.0,,
1274,2025-03-15,EU-East,beauty,11843.34,5.1,0,0,medium,0.42,0,none,0.0,,
621,2024-11-12,EU-North,cleaning,4847.85,11.6,0,0,medium,0.79,0,none,0.0,,
49,2025-04-08,EU-North,cleaning,9972.25,1.4,0,90,medium,0.4,0,none,0.0,,
674,2024-08-05,EU-North,pet_care,2402.55,4.4,0,30,low,0.5,0,none,0.0,,
1147,2025-03-07,EU-North,pet_care,5831.6,3.2,0,0,medium,0.72,1,return,658.67,60.0,QC reject on arrival
682,2025-06-11,EU-West,home_appliance,23385.61,5.9,0,60,low,0.25,1,freight_overrun,321.8,115.0,extra freight billed
238,2024-04-06,EU-North,pet_care,12364.68,11.0,0,30,medium,0.59,0,none,0.0,,
55,2024-03-12,EU-North,home_appliance,5709.82,1.3,0,60,low,0.34,0,none,0.0,,
124,2025-05-03,EU-East,cleaning,15413.64,11.3,0,0,low,0.4,0,none,0.0,,
135,2024-05-20,EU-East,home_appliance,4667.92,1.9,0,60,low,0.46,0,none,0.0,,
269,2024-07-05,EU-West,home_appliance,2485.98,2.5,0,90,medium,0.46,0,none,0.0,,
98,2024-03-30,EU-West,cleaning,9179.48,5.0,0,30,low,0.65,0,none,0.0,,
221,2025-05-28,EU-West,home_appliance,11260.5,1.5,0,30,low,0.76,0,none,0.0,,
42,2024-03-28,EU-South,home_appliance,4877.52,10.0,0,30,medium,0.69,0,none,0.0,,
869,2024-10-15,EU-West,cleaning,3123.02,7.2,0,90,low,0.58,0,none,0.0,,
1343,2024-04-01,EU-East,home_appliance,21490.67,3.7,0,0,medium,0.4,0,none,0.0,,
749,2025-02-12,EU-North,cleaning,16531.72,3.4,0,0,high,0.61,1,dispute,,55.0,quality complaint raised
718,2024-04-28,EU-West,home_appliance,5473.8,4.0,0,60,high,0.47,0,none,0.0,,
986,2024-12-22,EU-South,cleaning,18729.58,6.6,0,0,low,0.57,0,none,0.0,,
607,2024-06-03,EU-South,beauty,3541.18,5.8,0,0,medium,0.36,0,none,0.0,,
13,2024-05-27,EU-North,pet_care,13017.47,0.9,1,0,low,0.28,0,none,0.0,,
1158,2024-06-22,EU-West,home_appliance,3232.63,3.4,0,90,high,0.5,1,dispute,2246.87,21.0,quality complaint raised
1111,2024-06-01,EU-West,beauty,18150.55,5.3,0,60,medium,0.42,0,none,0.0,,
1143,2024-06-27,EU-South,home_appliance,7029.86,1.4,0,0,medium,0.59,0,none,0.0,,
610,2024-09-06,EU-East,cleaning,11207.22,3.7,0,60,medium,0.52,0,none,0.0,,
1211,2024-05-10,,pet_care,9520.31,2.7,0,30,low,0.65,0,none,0.0,,
678,2024-01-19,EU-East,home_appliance,10361.71,1.5,0,60,medium,0.56,0,none,0.0,,
559,2024-10-08,EU-East,pet_care,13488.0,1.8,0,30,medium,0.77,0,none,0.0,,
501,2025-05-02,EU-North,beauty,18702.49,4.7,0,60,low,0.32,0,none,0.0,,
1190,2025-05-14,EU-North,beauty,3658.35,1.9,0,0,low,0.53,0,none,0.0,,
416,2024-12-23,EU-West,beauty,9010.82,3.5,0,0,low,0.49,0,none,0.0,,
817,2024-09-13,EU-South,home_appliance,18935.6,1.6,0,0,medium,0.52,1,return,821.5,57.0,
1241,2024-07-23,EU-South,cleaning,16664.46,9.8,0,0,low,0.8,0,none,0.0,,
490,2025-01-18,EU-East,beauty,9471.83,3.4,0,30,high,0.44,0,none,0.0,,
887,2024-10-30,EU-West,pet_care,9464.38,3.4,0,30,medium,0.66,0,none,0.0,,
447,2024-06-16,EU-South,home_appliance,16043.58,2.2,0,90,low,0.41,0,none,0.0,,
371,2024-01-08,EU-North,beauty,4001.99,1.6,0,90,low,0.4,0,none,0.0,,
1301,2025-06-03,EU-West,cleaning,6092.23,5.1,0,60,medium,0.38,0,none,0.0,,
337,2024-03-01,EU-West,pet_care,24036.69,6.0,0,60,medium,0.57,0,none,0.0,,
233,2024-04-12,EU-South,cleaning,20325.62,9.1,0,30,medium,0.56,1,freight_overrun,416.81,65.0,
472,2025-05-09,EU-East,beauty,6742.31,1.9,0,30,medium,0.84,0,none,0.0,,
663,2025-04-28,EU-West,beauty,13085.86,0.7,1,0,medium,0.35,0,none,0.0,,
596,2025-05-30,EU-West,cleaning,7493.28,3.3,0,30,medium,0.58,0,none,0.0,,
511,2025-02-23,EU-West,home_appliance,18226.72,9.3,0,60,medium,0.4,0,none,0.0,,
1085,2024-05-15,EU-South,pet_care,9465.15,1.2,0,90,medium,0.26,0,none,0.0,,
972,2024-11-21,EU-West,home_appliance,8145.51,1.2,0,0,high,0.75,1,freight_overrun,480.45,52.0,
595,2024-09-03,EU-West,beauty,2644.13,4.8,0,30,medium,0.36,0,none,0.0,,
206,2024-03-07,EU-West,home_appliance,8059.59,4.1,0,30,low,0.8,0,none,0.0,,
639,2024-06-05,EU-North,cleaning,15331.25,0.5,1,30,low,0.44,1,freight_overrun,764.14,72.0,carrier surcharge applied
479,2024-07-24,EU-North,beauty,3936.91,3.6,0,90,high,0.39,0,none,0.0,,
451,2025-05-24,EU-West,home_appliance,7707.02,2.9,0,60,medium,0.41,1,late_payment,349.1,67.0,
981,2024-05-22,EU-South,pet_care,13612.03,5.8,0,0,high,0.62,0,none,0.0,,
1117,2025-04-29,EU-West,home_appliance,10551.98,4.3,0,0,medium,0.5,0,none,0.0,,
1171,2024-10-11,EU-West,home_appliance,4777.05,5.5,0,30,low,0.21,0,none,0.0,,
653,2024-10-12,EU-North,beauty,4667.64,1.9,0,90,high,0.68,0,none,0.0,,
859,2024-05-09,,home_appliance,7337.19,3.2,0,60,medium,0.47,0,none,0.0,,
1286,2024-07-11,EU-South,cleaning,3361.9,1.3,0,0,low,0.62,0,none,0.0,,
542,2025-06-14,EU-East,beauty,7481.56,1.4,0,60,low,0.43,1,return,2459.68,48.0,
619,2025-02-11,EU-West,cleaning,6405.91,3.7,0,30,medium,0.68,0,none,0.0,,
1391,2024-01-07,EU-South,pet_care,8521.1,5.4,0,0,high,0.56,1,default,,70.0,non-payment - escalated
411,2025-01-31,EU-North,home_appliance,34327.56,8.3,0,0,medium,0.57,0,none,0.0,,
1215,2024-08-04,EU-West,home_appliance,9449.01,3.3,0,90,low,0.4,0,none,0.0,,
836,2024-08-16,EU-East,pet_care,9407.96,2.3,0,30,medium,0.6,0,none,0.0,,
158,2025-03-08,EU-North,beauty,4241.71,3.4,0,30,low,0.62,0,none,0.0,,
697,2024-06-13,EU-North,home_appliance,4042.11,2.4,0,60,medium,0.52,0,none,0.0,,
1204,2025-02-27,EU-North,cleaning,7998.12,1.1,0,0,high,0.53,0,none,0.0,,
141,2024-04-04,EU-East,pet_care,5530.87,2.9,0,30,medium,0.78,0,none,0.0,,
161,2024-12-10,EU-West,pet_care,5410.19,4.5,0,30,high,0.53,0,none,0.0,,
306,2024-02-28,EU-East,pet_care,7012.34,2.4,0,60,high,0.41,0,none,0.0,,
1279,2024-03-25,EU-South,cleaning,28455.7,2.7,0,30,low,0.36,0,none,0.0,,
1340,2025-05-19,EU-West,beauty,7068.18,3.5,0,0,low,0.48,0,none,0.0,,
1368,2025-02-12,EU-West,cleaning,17035.02,5.3,0,60,medium,0.2,0,none,0.0,,
1282,2024-05-22,EU-East,pet_care,9933.13,2.6,0,60,low,0.44,0,none,0.0,,
867,2024-01-17,EU-South,cleaning,10395.15,1.6,0,60,low,0.39,1,freight_overrun,,42.0,
570,2024-07-27,EU-East,beauty,16200.71,4.8,0,90,low,0.36,0,none,0.0,,
1094,2025-01-19,EU-West,pet_care,44374.17,10.3,0,30,medium,0.62,0,none,0.0,,
889,2024-06-06,EU-West,home_appliance,10223.22,4.6,0,30,high,0.26,0,none,0.0,,
225,2025-04-04,EU-West,beauty,12247.84,1.5,0,60,low,0.18,0,none,0.0,,
969,2024-01-13,EU-East,beauty,8734.18,3.6,0,0,medium,0.5,0,none,0.0,,
1166,2024-07-04,EU-South,beauty,8419.1,7.9,0,30,low,0.5,0,none,0.0,,
356,2024-03-02,EU-East,beauty,5716.43,0.7,1,90,low,0.22,0,none,0.0,,
755,2024-01-14,EU-North,cleaning,8124.1,5.4,0,30,high,0.62,0,none,0.0,,
956,2024-09-10,EU-South,cleaning,3922.17,1.7,0,90,high,0.39,0,none,0.0,,
1182,2025-05-31,,pet_care,13051.02,1.2,0,60,low,0.17,0,none,0.0,,
803,2024-06-07,EU-South,pet_care,11202.97,0.6,1,0,medium,0.17,0,none,0.0,,
756,2024-12-21,EU-West,pet_care,11719.58,0.4,1,60,low,0.14,0,none,0.0,,
410,2025-01-14,EU-South,home_appliance,9138.56,2.9,0,30,high,0.58,1,return,418.12,23.0,QC reject on arrival
680,2025-02-02,EU-West,home_appliance,19169.79,5.4,0,30,medium,0.67,0,none,0.0,,
27,2025-02-15,EU-East,home_appliance,6772.31,12.4,0,60,low,0.32,0,none,0.0,,
1035,2025-01-09,EU-East,cleaning,13283.18,2.3,0,30,medium,0.57,0,none,0.0,,
359,2025-02-19,EU-East,pet_care,25082.74,3.8,0,0,low,0.87,0,none,0.0,,
279,2024-09-11,EU-South,pet_care,6363.46,9.5,0,0,medium,0.67,0,none,0.0,,
535,2024-03-07,EU-West,cleaning,8740.88,5.0,0,60,medium,0.18,1,late_payment,236.27,102.0,remittance overdue
1290,2024-05-19,EU-East,beauty,15433.53,3.8,0,90,low,0.32,0,none,0.0,,
4,2024-09-07,EU-North,home_appliance,15573.12,2.4,0,60,medium,0.61,1,freight_overrun,352.44,83.0,carrier surcharge applied
24,2025-02-18,EU-South,beauty,3191.12,13.9,0,0,low,0.55,0,none,0.0,,
962,2025-05-19,EU-East,home_appliance,4193.38,1.8,0,30,medium,0.4,0,none,0.0,,
717,2024-01-13,EU-East,home_appliance,27536.27,2.9,0,0,medium,0.59,0,none,0.0,,buyer queried ETA
348,2024-11-24,EU-West,beauty,16606.15,5.1,0,60,high,0.09,1,freight_overrun,552.24,91.0,carrier surcharge applied
532,2024-01-03,EU-North,cleaning,5580.6,3.3,0,0,low,0.73,0,none,0.0,,
1351,2024-10-21,EU-North,home_appliance,7266.86,4.5,0,30,medium,0.76,0,none,0.0,,
427,2024-09-02,EU-West,beauty,6301.85,7.2,0,90,high,0.34,0,none,0.0,,
896,2024-04-25,EU-South,home_appliance,9053.64,5.0,0,60,medium,0.39,0,none,0.0,,
1224,2024-05-29,EU-North,pet_care,25290.35,0.7,1,0,high,0.25,1,default,20811.84,69.0,non-payment - escalated
899,2024-12-27,EU-West,home_appliance,8229.55,4.6,0,60,low,0.46,0,none,0.0,,
1247,2024-04-22,EU-North,cleaning,5629.96,4.8,0,60,low,0.53,1,late_payment,255.35,67.0,
380,2025-02-18,EU-North,beauty,8890.5,2.0,0,0,medium,0.8,0,none,0.0,,
1366,2025-01-02,EU-East,pet_care,36144.81,2.6,0,30,low,0.69,0,none,0.0,,
375,2024-03-12,EU-West,cleaning,30674.52,0.9,1,60,low,0.15,0,none,0.0,,
1261,2024-02-06,EU-West,pet_care,6280.96,4.5,0,0,low,0.81,0,none,0.0,,
537,2024-01-13,EU-East,beauty,2586.93,1.1,0,30,low,0.62,1,late_payment,39.99,47.0,
800,2024-09-07,EU-North,cleaning,7828.67,3.7,0,30,low,0.5,0,none,0.0,,
649,2024-06-01,EU-North,home_appliance,9736.18,2.7,0,0,low,0.81,1,freight_overrun,198.51,16.0,container reweigh cost
566,2024-05-06,EU-North,home_appliance,19598.2,5.8,0,30,medium,0.69,1,default,,72.0,account written off
232,2024-01-12,EU-East,pet_care,9674.69,2.9,0,30,low,0.54,0,none,0.0,,
148,2024-06-15,EU-East,cleaning,12239.54,2.9,0,30,low,0.77,0,none,0.0,,
499,2024-11-28,,home_appliance,21335.53,2.6,0,0,medium,0.67,0,none,0.0,,
168,2024-08-11,EU-South,home_appliance,10186.58,2.6,0,30,medium,0.51,0,none,0.0,,
73,2024-02-09,EU-South,home_appliance,6348.46,2.4,0,30,low,0.5,0,none,0.0,,
71,2024-06-23,,pet_care,12026.08,4.5,0,30,low,0.49,0,none,0.0,,
587,2024-01-25,EU-West,home_appliance,18714.82,1.8,0,30,medium,0.35,0,none,0.0,,n/a
861,2024-08-05,EU-North,cleaning,2857.04,3.3,0,0,medium,0.65,0,none,0.0,,
172,2025-02-25,EU-East,beauty,14482.75,4.8,0,60,low,0.52,0,none,0.0,,
131,2024-01-22,EU-West,home_appliance,10354.88,1.1,0,60,low,0.73,0,none,0.0,,
169,2025-01-26,EU-West,beauty,22022.34,1.6,0,60,medium,0.46,0,none,0.0,,
265,2024-12-30,EU-South,pet_care,39194.4,2.3,0,60,medium,0.65,0,none,0.0,,
504,2025-02-24,EU-East,home_appliance,5448.6,3.4,0,60,high,0.46,0,none,0.0,,
469,2024-01-11,,beauty,13846.44,1.4,0,0,high,0.5,1,freight_overrun,378.38,30.0,carrier surcharge applied
936,2025-03-08,EU-West,cleaning,2558.53,3.9,0,90,medium,0.85,0,none,0.0,,
273,2025-02-14,EU-West,cleaning,51629.08,1.7,0,30,low,0.47,0,none,0.0,,
798,2024-02-08,EU-West,beauty,3885.46,3.3,0,30,medium,0.77,0,none,0.0,,
421,2024-01-24,EU-North,pet_care,3569.25,2.4,0,0,low,0.53,0,none,0.0,,
493,2024-07-16,EU-North,beauty,7228.49,2.9,0,90,low,0.58,0,none,0.0,,
878,2024-04-11,EU-West,home_appliance,18092.11,1.0,0,90,high,0.43,0,none,0.0,,
563,2024-06-27,EU-South,beauty,14547.55,4.2,0,0,low,0.79,0,none,0.0,,
1109,2025-05-18,EU-South,beauty,9266.96,1.4,0,30,low,0.44,0,none,0.0,,
43,2024-11-29,EU-North,home_appliance,28371.91,9.5,0,60,medium,0.65,0,none,0.0,,
57,2025-02-25,EU-East,home_appliance,21381.03,3.9,0,30,low,0.54,0,none,0.0,,
1112,2024-05-10,EU-East,beauty,5610.4,4.4,0,30,low,0.73,0,none,0.0,,
666,2024-12-01,EU-North,pet_care,20667.1,10.2,0,60,high,0.39,0,none,0.0,,
133,2024-05-07,EU-East,beauty,2723.07,1.3,0,30,high,0.77,0,none,0.0,,
784,2024-10-06,EU-North,home_appliance,10180.56,5.1,0,0,medium,0.72,0,none,0.0,,
842,2024-01-31,EU-North,home_appliance,3880.5,2.6,0,60,medium,0.13,0,none,0.0,,
39,2025-05-15,EU-West,pet_care,14605.28,3.0,0,60,medium,0.0,0,none,0.0,,
307,2024-04-22,EU-West,home_appliance,11391.19,1.7,0,60,low,0.48,0,none,0.0,,
489,2025-05-22,EU-East,pet_care,5217.62,6.8,0,60,low,0.4,0,none,0.0,,
1254,2024-10-22,EU-North,cleaning,4798.8,5.0,0,30,medium,0.4,0,none,0.0,,
541,2024-02-24,EU-South,home_appliance,5788.22,2.8,0,60,low,0.09,0,none,0.0,,
271,2024-02-15,EU-West,home_appliance,8190.44,6.2,0,30,low,0.41,0,none,0.0,,
409,2025-05-13,EU-West,beauty,17764.02,2.7,0,60,low,0.54,0,none,0.0,,
463,2024-08-14,,pet_care,6623.84,4.5,0,90,low,0.24,0,none,0.0,,
1233,2024-01-06,EU-West,pet_care,3312.33,2.8,0,30,low,0.51,0,none,0.0,,
167,2025-01-30,EU-South,home_appliance,7433.64,4.9,0,60,medium,0.51,0,none,0.0,,
771,2025-04-07,EU-West,beauty,14503.06,2.7,0,90,high,0.23,0,none,0.0,,
72,2024-09-05,EU-East,home_appliance,3777.32,5.7,0,30,medium,0.79,0,none,0.0,,
946,2024-12-15,EU-West,home_appliance,7231.47,6.9,0,90,medium,0.19,0,none,0.0,,
1096,2025-03-26,EU-East,beauty,5754.05,1.5,0,30,low,0.47,0,none,0.0,,
976,2024-11-21,EU-North,home_appliance,10471.63,12.0,0,0,medium,0.42,0,none,0.0,,
534,2025-01-11,EU-North,pet_care,7876.43,4.8,0,30,low,0.83,0,none,0.0,,
1132,2024-07-28,EU-East,cleaning,14676.47,0.9,1,0,medium,0.19,1,freight_overrun,364.43,56.0,
1318,2025-05-23,EU-West,pet_care,12874.59,10.3,0,60,high,0.56,0,none,0.0,,
1321,2025-03-03,EU-East,beauty,14944.74,1.1,0,30,medium,0.67,0,none,0.0,,
684,2024-10-09,EU-East,home_appliance,9129.49,1.4,0,0,medium,0.45,0,none,0.0,,
1131,2025-06-01,EU-South,cleaning,12339.12,4.5,0,30,low,0.98,0,none,0.0,,
667,2024-03-25,EU-South,beauty,3425.54,1.8,0,30,high,0.71,0,none,0.0,,
317,2024-11-06,EU-West,home_appliance,7216.87,3.8,0,0,high,0.54,0,none,0.0,,
1352,2024-01-25,EU-South,cleaning,16785.16,4.3,0,90,low,0.35,1,dispute,2149.88,53.0,buyer disputes invoice
1199,2024-05-23,EU-West,pet_care,22921.05,6.3,0,60,high,0.44,1,freight_overrun,,40.0,carrier surcharge applied
5,2024-07-29,EU-West,home_appliance,5529.95,0.5,1,30,high,0.44,0,none,0.0,,
1209,2024-05-25,,cleaning,24724.28,3.3,0,60,low,0.42,0,none,0.0,,
1339,2024-07-20,EU-South,cleaning,1589.96,4.3,0,60,low,0.45,0,none,0.0,,
747,2024-08-26,EU-West,home_appliance,18252.18,5.7,0,60,low,0.35,0,none,0.0,,
582,2025-06-16,EU-East,beauty,17012.84,1.4,0,0,medium,0.74,0,none,0.0,,
569,2024-05-27,EU-West,beauty,13894.53,4.9,0,90,medium,0.77,0,none,0.0,,
526,2025-05-22,EU-West,home_appliance,30587.21,12.3,0,0,low,0.95,0,none,0.0,,
689,2024-07-26,EU-North,cleaning,12920.63,5.6,0,60,low,0.7,1,return,,96.0,buyer returned partial shipment
879,2025-04-03,EU-North,pet_care,22790.88,2.2,0,90,medium,0.46,0,none,0.0,,
1045,2024-01-09,EU-West,beauty,5106.76,5.7,0,60,low,0.36,0,none,0.0,,
1237,2024-12-11,,beauty,6199.12,5.6,0,30,medium,0.88,1,dispute,1058.36,73.0,chargeback pending
1047,2024-10-19,EU-West,home_appliance,35504.52,6.3,0,90,low,0.47,0,none,0.0,,
453,2024-01-24,EU-North,beauty,3657.6,5.9,0,30,low,0.7,0,none,0.0,,
95,2024-09-17,EU-West,beauty,19523.0,0.8,1,90,high,0.05,0,none,0.0,,
96,2024-02-04,EU-North,cleaning,4929.62,1.5,0,30,medium,0.57,1,return,,99.0,goods sent back
518,2025-03-12,EU-North,cleaning,12574.2,3.2,0,90,medium,0.23,0,none,0.0,,
984,2025-01-15,EU-East,home_appliance,16114.72,2.5,0,30,high,0.5,1,return,602.62,14.0,
748,2024-05-05,EU-East,pet_care,21098.61,3.1,0,0,medium,0.34,0,none,0.0,,
154,2024-02-22,EU-East,beauty,13294.85,1.4,0,30,high,0.33,0,none,0.0,,
996,2024-12-10,EU-East,pet_care,7613.23,1.0,0,60,medium,0.36,0,none,0.0,,
768,2024-05-10,EU-West,beauty,31372.23,0.4,1,30,high,0.0,0,none,0.0,,
1025,2024-02-18,EU-North,pet_care,12235.95,10.0,0,60,low,0.34,0,none,0.0,,
59,2024-11-07,EU-West,pet_care,14650.51,2.7,0,0,low,0.77,0,none,0.0,,
464,2024-12-31,,beauty,22346.99,7.0,0,0,medium,0.7,0,none,0.0,,
1145,2024-04-21,EU-East,beauty,12414.29,8.2,0,60,medium,0.45,0,none,0.0,,
62,2025-04-24,EU-East,beauty,6307.58,0.6,1,30,medium,0.08,0,none,0.0,,
900,2025-05-24,EU-East,cleaning,25221.84,2.7,0,60,medium,0.59,0,none,0.0,,
25,2024-11-07,EU-North,beauty,6812.65,4.4,0,30,high,0.46,0,none,0.0,,buyer queried ETA
1384,2025-03-16,EU-South,beauty,16528.6,1.3,0,30,low,0.73,0,none,0.0,,
877,2024-08-29,EU-West,beauty,2705.63,3.8,0,0,medium,0.53,1,late_payment,106.88,63.0,payment delayed
916,2025-02-07,EU-South,home_appliance,16372.61,2.8,0,0,medium,0.57,1,dispute,2193.69,65.0,buyer disputes invoice
298,2024-10-21,EU-South,cleaning,13915.7,4.1,0,90,low,0.4,0,none,0.0,,
245,2024-08-12,EU-North,home_appliance,8630.56,1.9,0,30,medium,0.54,0,none,0.0,,
26,2024-07-02,EU-West,beauty,18442.06,2.5,0,30,medium,0.6,0,none,0.0,,
223,2024-01-08,EU-North,pet_care,4070.97,4.2,0,60,medium,0.37,0,none,0.0,,
927,2024-05-29,EU-West,home_appliance,8793.87,2.4,0,60,medium,0.24,1,dispute,1382.48,110.0,
106,2025-04-11,EU-North,beauty,16519.05,2.1,0,60,low,0.41,0,none,0.0,,
651,2024-09-03,EU-East,pet_care,3346.0,2.9,0,30,low,0.7,1,dispute,556.87,35.0,
510,2025-03-29,EU-West,pet_care,3847.17,0.6,1,60,medium,0.09,1,freight_overrun,229.64,24.0,carrier surcharge applied
132,2024-01-05,EU-South,home_appliance,14773.2,3.5,0,30,low,0.52,0,none,0.0,,"minor delay, no cost"
888,2024-10-29,EU-West,cleaning,40760.81,5.1,0,0,medium,0.33,0,none,0.0,,
709,2024-02-09,EU-East,home_appliance,7369.2,5.0,0,60,high,0.41,0,none,0.0,,
509,2024-07-30,EU-East,pet_care,5482.59,2.2,0,60,low,0.26,0,none,0.0,,
1396,2024-10-23,EU-West,beauty,9415.18,2.8,0,60,medium,0.39,0,none,0.0,,
76,2024-02-19,EU-West,beauty,6811.33,2.4,0,0,medium,0.54,1,dispute,5729.54,76.0,quality complaint raised
37,2024-07-07,EU-West,home_appliance,7337.14,2.5,0,60,medium,0.45,0,none,0.0,,
1230,2024-10-28,EU-West,home_appliance,4764.31,4.4,0,30,medium,0.65,0,none,0.0,,
58,2024-10-22,EU-East,beauty,15881.73,2.0,0,60,high,0.68,0,none,0.0,,
197,2025-04-15,EU-East,home_appliance,5833.35,3.5,0,30,low,0.49,0,none,0.0,,
1154,2025-03-05,EU-West,pet_care,3679.52,6.2,0,60,low,0.2,0,none,0.0,,
729,2024-10-07,EU-East,home_appliance,25686.5,1.6,0,60,medium,0.36,0,none,0.0,,
586,2025-03-02,EU-North,pet_care,17071.76,3.6,0,0,low,0.63,1,freight_overrun,346.15,79.0,
478,2024-11-25,EU-North,home_appliance,13717.53,1.4,0,0,low,0.67,0,none,0.0,,
87,2024-03-21,,pet_care,9960.89,4.0,0,90,medium,0.55,0,none,0.0,,
335,2025-06-22,EU-West,pet_care,3295.23,3.1,0,0,medium,0.73,1,return,1238.97,13.0,QC reject on arrival
942,2024-03-29,EU-South,home_appliance,10464.78,0.6,1,30,high,0.3,0,none,0.0,,
1079,2024-12-18,,beauty,9471.43,5.2,0,30,medium,0.72,1,late_payment,125.22,66.0,remittance overdue
780,2025-05-23,EU-South,pet_care,9489.45,2.1,0,60,low,0.3,0,none,0.0,,
1082,2025-03-10,EU-South,home_appliance,8020.73,3.5,0,60,medium,0.68,0,none,0.0,,
1087,2024-11-06,EU-North,cleaning,7860.95,6.6,0,30,low,0.5,0,none,0.0,,
539,2024-08-27,EU-West,home_appliance,19394.9,2.2,0,30,low,0.89,0,none,0.0,,
665,2024-06-12,EU-West,beauty,6008.12,2.8,0,90,low,0.27,0,none,0.0,,
419,2025-05-04,EU-West,beauty,64230.56,4.0,0,60,high,0.33,0,none,0.0,,
1065,2025-01-31,EU-West,home_appliance,8480.64,3.9,0,30,medium,0.69,0,none,0.0,,
1306,2024-04-26,EU-South,beauty,3603.23,4.9,0,0,high,0.45,1,freight_overrun,608.8,62.0,extra freight billed
1043,2025-05-18,EU-North,home_appliance,12868.99,2.0,0,30,low,0.69,0,none,0.0,,
557,2024-07-09,EU-West,beauty,6580.75,4.3,0,30,medium,0.57,0,none,0.0,,
1183,2025-06-12,EU-West,home_appliance,12408.76,3.6,0,90,low,0.33,1,late_payment,262.33,28.0,payment delayed
1009,2024-08-21,EU-North,home_appliance,3081.8,11.4,0,30,low,0.48,0,none,0.0,,
716,2024-09-17,EU-West,pet_care,16397.07,5.0,0,90,low,0.45,0,none,0.0,,
1197,2024-02-03,EU-West,home_appliance,13063.02,6.9,0,0,low,0.73,0,none,0.0,,
1023,2024-04-29,EU-South,cleaning,7252.6,8.1,0,90,medium,0.64,0,none,0.0,,
1016,2024-01-02,EU-West,home_appliance,16822.02,0.6,1,90,low,0.05,1,dispute,4981.94,93.0,quality complaint raised
1127,2024-06-11,EU-East,pet_care,2977.89,1.5,0,0,low,0.71,0,none,0.0,,
1095,2024-04-22,EU-East,pet_care,8738.75,3.2,0,30,low,0.71,0,none,0.0,,
9,2024-12-08,EU-West,pet_care,20583.33,1.6,0,60,low,0.5,0,none,0.0,,
801,2024-06-20,EU-North,home_appliance,18109.01,3.4,0,30,medium,0.68,1,dispute,1341.07,53.0,chargeback pending
1200,2024-01-06,EU-North,pet_care,13750.21,7.8,0,30,medium,0.57,0,none,0.0,,
1194,2025-06-23,EU-South,home_appliance,16792.31,1.2,0,0,high,0.47,0,none,0.0,,
872,2025-03-06,EU-West,cleaning,9631.2,2.3,0,30,low,0.44,0,none,0.0,,
1054,2024-11-12,EU-West,cleaning,29263.84,3.1,0,0,low,0.72,0,none,0.0,,
75,2024-06-17,EU-West,beauty,7373.47,5.8,0,30,low,0.58,0,none,0.0,,
738,2024-07-18,EU-West,cleaning,15176.74,2.9,0,30,low,0.68,0,none,0.0,,
523,2024-02-24,EU-West,beauty,10670.24,5.6,0,60,high,0.35,0,none,0.0,,
336,2024-04-01,EU-North,cleaning,16974.87,1.5,0,0,medium,0.45,0,none,0.0,,
89,2024-10-13,EU-West,pet_care,35936.38,4.2,0,60,medium,0.26,0,none,0.0,,
638,2024-10-08,EU-North,home_appliance,6465.44,5.1,0,30,low,0.61,0,none,0.0,,
218,2025-05-01,EU-West,beauty,4852.83,4.8,0,90,high,0.36,1,late_payment,218.22,50.0,payment delayed
1116,2025-05-17,EU-West,pet_care,7755.38,7.3,0,30,medium,0.61,1,freight_overrun,,48.0,extra freight billed
174,2024-01-15,EU-South,pet_care,37106.48,4.4,0,0,medium,0.53,0,none,0.0,,
958,2025-05-26,EU-East,beauty,5694.01,0.9,1,0,low,0.11,0,none,0.0,,
904,2025-05-12,EU-East,beauty,31740.33,5.1,0,60,low,0.53,0,none,0.0,,
320,2024-03-15,EU-South,pet_care,7099.94,4.2,0,30,low,0.62,0,none,0.0,,
1216,2024-12-31,EU-East,beauty,7439.72,4.7,0,60,medium,0.26,0,none,0.0,,
692,2024-05-12,EU-South,pet_care,17235.99,3.5,0,0,low,0.84,0,none,0.0,,
267,2025-03-04,EU-West,pet_care,8219.36,3.5,0,0,low,0.57,0,none,0.0,,
7,2024-08-09,EU-North,pet_care,20204.44,0.6,1,60,medium,0.0,0,none,0.0,,
139,2025-05-11,EU-North,pet_care,3922.42,8.5,0,0,low,0.76,0,none,0.0,,
164,2025-04-21,EU-West,pet_care,3697.64,3.9,0,0,high,0.48,0,none,0.0,,
1337,2024-08-25,EU-West,home_appliance,4225.7,7.0,0,0,medium,0.66,0,none,0.0,,
1232,2024-10-26,EU-East,beauty,4796.76,2.0,0,0,medium,0.51,0,none,0.0,,
1012,2024-12-25,EU-East,pet_care,24576.42,0.3,1,30,high,0.58,0,none,0.0,,
1293,2024-06-29,EU-East,pet_care,4200.62,0.4,1,0,medium,0.47,0,none,0.0,,
524,2024-11-24,EU-North,beauty,4607.65,2.3,0,60,low,0.47,0,none,0.0,,
736,2024-06-14,EU-North,beauty,14549.38,6.4,0,0,low,0.7,0,none,0.0,,n/a
703,2025-04-20,EU-West,pet_care,39639.53,4.7,0,30,low,0.48,0,none,0.0,,
579,2024-12-02,EU-South,cleaning,8837.82,0.7,1,60,medium,0.24,0,none,0.0,,
1227,2024-07-10,EU-East,beauty,8369.67,3.0,0,60,medium,0.29,0,none,0.0,,
20,2025-02-12,EU-North,pet_care,12482.45,2.2,0,60,medium,0.37,0,none,0.0,,
1272,2025-02-03,EU-West,beauty,22390.72,3.0,0,30,low,0.8,0,none,0.0,,
857,2024-11-18,EU-North,pet_care,7603.65,2.9,0,60,low,0.12,0,none,0.0,,
672,2024-04-18,EU-East,beauty,9621.55,1.4,0,60,low,0.51,0,none,0.0,,
705,2025-01-18,EU-West,cleaning,10350.44,1.8,0,30,low,0.54,0,none,0.0,,
138,2025-04-26,EU-East,cleaning,2059.09,3.2,0,60,medium,0.01,0,none,0.0,,
558,2025-04-19,EU-East,home_appliance,15279.4,2.9,0,60,low,0.2,0,none,0.0,,
1142,2025-04-26,EU-North,beauty,12179.0,6.2,0,30,medium,0.48,0,none,0.0,,
1056,2024-02-04,EU-North,beauty,16408.28,2.9,0,30,medium,0.65,0,none,0.0,,
743,2025-01-06,EU-South,cleaning,6979.58,2.8,0,60,low,0.49,0,none,0.0,,
1081,2024-07-16,EU-West,beauty,29502.95,7.6,0,60,low,0.52,1,freight_overrun,,51.0,
369,2025-01-25,EU-West,home_appliance,16828.8,0.7,1,30,medium,0.0,0,none,0.0,,
1315,2025-01-31,EU-West,pet_care,13086.97,2.6,0,90,low,0.66,0,none,0.0,,
1090,2024-03-02,EU-East,cleaning,11634.23,6.6,0,30,medium,0.59,0,none,0.0,,
328,2024-03-30,EU-East,pet_care,9925.8,1.0,0,0,medium,0.47,0,none,0.0,,
318,2024-05-10,EU-North,cleaning,4461.19,1.4,0,90,medium,0.63,0,none,0.0,,
1063,2024-08-11,EU-West,home_appliance,7915.88,2.7,0,60,medium,0.48,0,none,0.0,,
1379,2024-08-24,EU-North,home_appliance,21782.46,6.6,0,0,medium,0.71,0,none,0.0,,
529,2024-09-27,,home_appliance,1444.32,3.2,0,90,medium,0.31,1,return,310.63,78.0,QC reject on arrival
527,2024-12-30,EU-South,beauty,7021.11,0.6,1,0,low,0.3,0,none,0.0,,
88,2024-11-14,EU-East,beauty,9123.54,4.3,0,0,medium,0.59,0,none,0.0,,
480,2024-12-05,EU-East,beauty,23058.37,5.5,0,30,low,0.58,0,none,0.0,,
339,2024-03-24,EU-West,beauty,9835.43,4.5,0,30,medium,0.51,1,freight_overrun,347.02,40.0,extra freight billed
657,2025-01-30,EU-South,pet_care,14893.06,1.4,0,0,low,0.62,0,none,0.0,,
149,2024-07-29,EU-East,home_appliance,14158.35,3.2,0,90,low,0.49,0,none,0.0,,
1129,2024-10-08,EU-North,pet_care,13255.39,12.1,0,30,medium,0.55,1,late_payment,305.59,88.0,payment delayed
1289,2024-10-06,EU-East,home_appliance,6306.42,7.4,0,60,low,0.53,0,none,0.0,,
1014,2024-01-05,,beauty,6359.65,1.1,0,60,low,0.24,0,none,0.0,,
247,2024-12-11,EU-North,home_appliance,3924.7,1.4,0,30,low,0.78,0,none,0.0,,
366,2024-04-07,EU-East,home_appliance,20678.53,2.8,0,30,low,0.76,0,none,0.0,,
659,2024-11-09,,home_appliance,5256.84,4.2,0,30,low,0.59,0,none,0.0,,
1051,2024-12-22,EU-North,cleaning,34436.04,3.3,0,30,medium,0.7,1,freight_overrun,170.09,57.0,carrier surcharge applied
199,2025-04-16,EU-West,pet_care,2873.04,3.8,0,60,low,0.45,0,none,0.0,,
675,2024-05-08,EU-East,beauty,10835.54,2.6,0,0,high,0.58,0,none,0.0,,
796,2024-12-06,EU-West,pet_care,12661.88,4.4,0,90,low,0.24,0,none,0.0,,
405,2025-05-31,EU-South,cleaning,8439.93,2.4,0,60,low,0.33,0,none,0.0,,
1181,2025-01-07,,home_appliance,11556.03,6.7,0,0,low,0.59,0,none,0.0,,
484,2025-02-21,EU-West,cleaning,10506.61,0.9,1,60,low,0.32,0,none,0.0,,
159,2025-04-29,EU-North,cleaning,19637.36,3.4,0,30,medium,0.68,0,none,0.0,,
316,2024-07-23,EU-West,cleaning,9385.86,10.4,0,60,high,0.52,0,none,0.0,,
257,2024-03-25,EU-South,home_appliance,7046.05,1.3,0,0,low,0.48,0,none,0.0,,
1088,2025-06-10,EU-North,pet_care,8274.42,9.3,0,30,low,0.81,0,none,0.0,,
883,2025-05-24,EU-South,home_appliance,12453.93,5.8,0,90,medium,0.5,1,freight_overrun,484.79,70.0,carrier surcharge applied
385,2024-03-15,EU-West,home_appliance,16016.21,1.2,0,0,low,0.56,0,none,0.0,,
178,2024-05-16,EU-South,pet_care,38608.14,1.3,0,60,medium,0.66,0,none,0.0,,
884,2024-06-12,EU-East,cleaning,6378.55,4.4,0,0,medium,0.48,0,none,0.0,,
315,2024-06-18,EU-West,home_appliance,5258.1,4.8,0,30,medium,0.66,0,none,0.0,,
358,2024-09-15,EU-North,pet_care,4475.44,7.5,0,0,low,0.73,0,none,0.0,,
299,2025-06-06,EU-North,pet_care,10909.38,0.1,1,30,medium,0.19,1,dispute,3417.71,91.0,
456,2024-10-11,EU-West,pet_care,4331.13,1.7,0,30,low,0.56,0,none,0.0,,
544,2024-12-23,EU-South,home_appliance,16949.99,5.6,0,30,high,0.67,1,return,483.97,53.0,goods sent back
1358,2024-02-01,EU-East,cleaning,2877.76,7.6,0,30,low,0.66,1,freight_overrun,367.92,56.0,
1107,2024-11-29,EU-West,pet_care,10511.23,2.7,0,0,low,0.84,0,none,0.0,,
528,2025-01-20,,cleaning,13050.74,1.9,0,30,high,0.76,0,none,0.0,,
1167,2024-09-13,EU-South,home_appliance,3188.29,2.7,0,30,low,0.54,0,none,0.0,,
160,2024-09-22,EU-North,pet_care,10457.06,2.7,0,90,medium,0.4,0,none,0.0,,
1353,2024-09-07,EU-West,pet_care,48706.95,8.3,0,60,medium,0.24,1,freight_overrun,206.5,63.0,
361,2025-03-23,EU-South,home_appliance,40508.72,3.2,0,30,medium,0.67,0,none,0.0,,
1229,2024-02-02,EU-South,home_appliance,4932.78,1.9,0,0,low,0.69,0,none,0.0,,"minor delay, no cost"
203,2025-03-13,EU-East,cleaning,31252.74,4.4,0,30,low,0.79,0,none,0.0,,
810,2024-10-08,EU-South,home_appliance,20625.16,5.7,0,90,medium,0.62,0,none,0.0,,
673,2024-02-02,EU-South,home_appliance,2128.92,5.9,0,30,low,0.51,0,none,0.0,,
113,2025-03-23,EU-West,cleaning,8878.69,2.3,0,0,medium,0.6,0,none,0.0,,
1103,2025-02-17,EU-North,pet_care,3759.66,2.7,0,90,medium,0.43,0,none,0.0,,
308,2025-05-31,EU-North,beauty,7620.07,5.9,0,0,high,0.67,1,default,5422.98,49.0,
858,2025-05-02,EU-South,cleaning,56665.29,6.3,0,30,medium,0.57,0,none,0.0,,
423,2024-02-28,EU-West,beauty,9546.24,2.9,0,0,low,0.5,0,none,0.0,,
1363,2025-02-15,EU-North,home_appliance,14697.88,13.1,0,60,medium,0.25,1,return,384.08,33.0,QC reject on arrival
1034,2024-12-07,EU-South,home_appliance,3863.28,4.9,0,30,low,0.68,0,none,0.0,,
1136,2025-06-12,EU-West,beauty,4237.22,5.6,0,90,high,0.16,0,none,0.0,,
460,2025-05-27,EU-North,home_appliance,8565.42,8.3,0,90,high,0.31,1,default,,122.0,non-payment - escalated
1084,2024-12-22,EU-South,home_appliance,23444.37,3.6,0,0,high,0.82,0,none,0.0,,
1207,2024-11-10,EU-North,cleaning,23527.74,5.4,0,30,low,0.72,0,none,0.0,,
708,2024-10-17,,pet_care,7861.68,1.5,0,30,high,0.67,1,late_payment,385.96,23.0,paid 40 days late
792,2024-06-10,EU-East,beauty,9149.78,1.4,0,30,medium,0.72,0,none,0.0,,
450,2024-09-21,EU-North,cleaning,5965.42,1.3,0,60,low,0.66,0,none,0.0,,
840,2024-02-28,EU-East,beauty,11273.8,2.3,0,30,medium,0.55,0,none,0.0,,
81,2024-05-07,EU-North,beauty,16764.36,3.5,0,60,medium,0.56,0,none,0.0,,
1219,2024-08-08,EU-North,pet_care,5814.4,2.5,0,30,low,0.54,0,none,0.0,,
1278,2024-07-26,EU-West,pet_care,9144.17,8.9,0,90,low,0.35,0,none,0.0,,
216,2024-05-16,EU-North,home_appliance,1700.59,5.3,0,60,medium,0.6,0,none,0.0,,
1125,2025-06-02,EU-East,pet_care,4321.55,5.4,0,30,low,0.68,0,none,0.0,,
31,2024-12-15,EU-North,pet_care,17641.33,0.6,1,0,low,0.38,0,none,0.0,,
243,2024-10-26,EU-West,beauty,9294.6,2.3,0,0,low,0.66,0,none,0.0,,
846,2024-07-23,EU-South,home_appliance,9479.0,5.0,0,60,medium,0.2,0,none,0.0,,
642,2024-04-03,EU-South,cleaning,8146.41,4.0,0,60,low,0.57,0,none,0.0,,
210,2025-04-02,EU-East,beauty,13302.77,3.7,0,30,medium,0.85,0,none,0.0,,
719,2024-08-22,EU-North,home_appliance,11677.59,2.1,0,0,medium,0.62,0,none,0.0,,
436,2025-01-25,EU-West,home_appliance,10173.27,2.5,0,30,medium,0.49,0,none,0.0,,
935,2024-01-08,EU-North,beauty,14720.84,1.4,0,30,low,0.91,1,dispute,1034.49,39.0,chargeback pending
1308,2024-06-30,EU-North,home_appliance,8914.78,3.3,0,90,low,0.48,0,none,0.0,,
1019,2024-11-24,EU-West,home_appliance,8611.19,3.5,0,60,low,0.38,0,none,0.0,,
1273,2024-12-17,EU-West,beauty,12747.88,5.0,0,30,medium,0.34,1,default,,28.0,buyer did not pay
552,2025-05-10,EU-West,home_appliance,4817.68,2.7,0,30,high,0.79,0,none,0.0,,
545,2024-02-08,EU-West,pet_care,6700.79,2.3,0,0,medium,0.83,0,none,0.0,,
1134,2024-01-12,EU-North,home_appliance,4824.78,2.7,0,90,high,0.52,0,none,0.0,,
968,2025-06-10,EU-West,beauty,8412.82,3.8,0,0,medium,0.38,1,dispute,1662.3,64.0,buyer disputes invoice
745,2025-04-29,EU-East,home_appliance,19581.22,6.3,0,30,medium,0.54,0,none,0.0,,
404,2025-03-28,EU-West,cleaning,82638.73,10.1,0,0,medium,0.63,0,none,0.0,,n/a
1380,2025-01-10,EU-East,home_appliance,19579.93,2.5,0,60,low,0.1,0,none,0.0,,buyer queried ETA
363,2025-01-16,EU-West,home_appliance,4859.97,1.8,0,60,high,0.47,1,return,710.28,71.0,goods sent back
272,2024-07-01,EU-West,cleaning,16609.7,5.8,0,30,medium,0.23,1,freight_overrun,282.97,18.0,
467,2025-02-11,EU-North,pet_care,13363.41,3.5,0,90,low,0.4,1,dispute,2678.77,58.0,
1245,2024-01-18,EU-West,home_appliance,7705.8,8.5,0,0,low,0.73,0,none,0.0,,
1027,2025-01-14,EU-South,home_appliance,9456.6,3.4,0,30,low,0.82,0,none,0.0,,
278,2024-02-07,EU-East,beauty,6656.18,1.4,0,30,medium,0.64,0,none,0.0,,
1243,2025-01-16,EU-West,beauty,12446.41,7.1,0,60,high,0.4,0,none,0.0,,
1326,2024-12-09,EU-South,cleaning,6374.84,2.5,0,60,medium,0.27,1,return,,11.0,QC reject on arrival
1316,2024-12-22,EU-North,home_appliance,6774.22,2.5,0,30,low,0.47,0,none,0.0,,
923,2024-04-20,EU-North,beauty,10000.8,3.7,0,30,low,0.75,0,none,0.0,,
1074,2024-11-07,EU-South,beauty,7995.17,4.9,0,30,low,0.7,0,none,0.0,,
443,2024-12-16,EU-North,home_appliance,4959.51,5.8,0,60,medium,0.44,0,none,0.0,,
300,2024-04-05,EU-North,cleaning,9254.65,3.2,0,30,high,0.54,1,freight_overrun,553.02,38.0,
1168,2025-04-22,EU-East,home_appliance,54853.57,3.5,0,30,medium,0.52,0,none,0.0,,
376,2024-08-11,EU-West,beauty,17080.12,1.3,0,30,low,0.59,0,none,0.0,,
880,2024-05-25,EU-East,cleaning,6057.54,7.9,0,60,low,0.67,0,none,0.0,,
1341,2024-01-26,EU-West,home_appliance,7502.93,4.0,0,60,low,0.07,0,none,0.0,,
1104,2024-07-27,,pet_care,9306.34,0.7,1,60,medium,0.36,1,return,1048.29,38.0,
1118,2025-03-23,EU-North,home_appliance,2669.09,3.4,0,60,low,0.27,0,none,0.0,,
473,2024-10-17,EU-West,pet_care,10186.76,2.2,0,60,medium,0.24,0,none,0.0,,
979,2024-04-04,,home_appliance,16956.44,4.4,0,0,medium,0.62,0,none,0.0,,
564,2024-12-27,EU-North,home_appliance,41909.15,3.1,0,90,medium,0.49,0,none,0.0,,
1266,2024-10-13,EU-South,pet_care,47438.16,1.8,0,30,medium,0.62,0,none,0.0,,
389,2024-01-07,EU-West,pet_care,9605.79,3.4,0,30,low,0.4,0,none,0.0,,
23,2024-07-02,EU-South,beauty,6086.78,3.5,0,60,low,0.4,0,none,0.0,,
714,2025-02-06,EU-South,cleaning,16202.7,4.3,0,30,low,0.48,0,none,0.0,,buyer queried ETA
125,2025-05-31,EU-West,cleaning,5719.4,4.7,0,30,medium,0.74,0,none,0.0,,
424,2024-05-13,EU-West,cleaning,14511.07,6.6,0,30,low,0.61,0,none,0.0,,
1253,2024-12-22,EU-West,pet_care,12069.16,5.7,0,90,low,0.45,0,none,0.0,,
1334,2024-03-29,EU-South,home_appliance,8865.1,2.2,0,30,low,0.47,0,none,0.0,,
1055,2025-06-03,EU-West,cleaning,7613.27,2.9,0,0,medium,0.59,0,none,0.0,,
1397,2024-09-08,,cleaning,4736.49,3.3,0,30,medium,0.36,1,return,,73.0,QC reject on arrival
143,2024-04-03,EU-South,beauty,12257.66,4.4,0,30,high,0.78,0,none,0.0,,
51,2025-01-12,EU-West,pet_care,6609.82,3.9,0,0,high,0.74,0,none,0.0,,
1303,2024-03-11,EU-North,beauty,10556.78,2.0,0,30,low,0.57,0,none,0.0,,
1018,2024-10-10,EU-South,beauty,6990.4,4.1,0,30,medium,0.58,0,none,0.0,,"minor delay, no cost"
624,2024-12-18,EU-East,home_appliance,2035.61,4.2,0,30,low,0.38,0,none,0.0,,
1180,2024-01-19,,pet_care,6273.52,1.7,0,30,low,0.48,0,none,0.0,,
82,2024-11-14,EU-East,home_appliance,17858.27,2.7,0,30,medium,0.63,0,none,0.0,,
704,2024-04-21,EU-South,pet_care,10224.68,2.8,0,60,low,0.31,0,none,0.0,,
483,2024-07-07,EU-East,beauty,26873.32,4.2,0,90,low,0.65,0,none,0.0,,
322,2024-02-12,EU-East,home_appliance,7934.28,1.4,0,60,low,0.3,0,none,0.0,,
1163,2025-04-07,EU-South,cleaning,15515.92,3.3,0,0,high,0.63,0,none,0.0,,
955,2024-05-26,EU-South,beauty,2547.51,2.6,0,60,low,0.43,0,none,0.0,,
1329,2024-01-25,EU-West,beauty,5558.73,5.6,0,60,low,0.42,0,none,0.0,,
67,2024-06-06,EU-East,beauty,5437.81,1.7,0,0,medium,0.38,1,late_payment,215.2,82.0,
862,2024-10-29,,pet_care,26298.42,8.6,0,30,high,0.82,0,none,0.0,,
1234,2024-03-25,,cleaning,11540.08,1.3,0,60,medium,0.56,0,none,0.0,,
737,2024-07-24,EU-West,home_appliance,3958.55,4.7,0,30,medium,0.54,0,none,0.0,,
1022,2024-12-02,,home_appliance,2833.57,3.2,0,30,medium,0.7,0,none,0.0,,
418,2024-04-22,EU-North,beauty,5747.2,1.9,0,60,medium,0.37,1,dispute,,30.0,chargeback pending
633,2024-04-20,EU-West,home_appliance,8278.24,2.7,0,30,high,0.53,0,none,0.0,,
1114,2024-08-07,EU-South,home_appliance,5887.52,9.2,0,30,high,0.66,0,none,0.0,,
65,2024-07-07,EU-North,cleaning,18251.35,2.3,0,30,low,0.62,0,none,0.0,,
140,2025-01-28,EU-West,beauty,6795.15,5.7,0,60,low,0.33,0,none,0.0,,
1123,2024-10-15,EU-South,beauty,4229.05,3.7,0,0,high,0.65,0,none,0.0,,
1139,2024-05-22,EU-West,home_appliance,4508.75,6.0,0,0,medium,0.55,0,none,0.0,,
492,2024-10-31,EU-North,cleaning,3579.83,2.7,0,90,high,0.55,1,freight_overrun,833.51,16.0,container reweigh cost
1091,2024-03-06,EU-West,pet_care,11669.14,0.5,1,0,medium,0.48,0,none,0.0,,
973,2024-08-04,EU-West,home_appliance,13757.17,1.2,0,30,low,0.44,0,none,0.0,,
533,2024-05-13,EU-West,cleaning,21099.73,1.3,0,90,low,0.37,0,none,0.0,,
66,2024-03-07,EU-East,cleaning,4977.4,1.9,0,30,high,0.54,1,dispute,,67.0,
1175,2024-06-28,EU-East,beauty,7093.79,2.1,0,30,low,0.58,0,none,0.0,,
782,2024-09-27,EU-South,pet_care,15674.23,1.4,0,30,low,0.67,0,none,0.0,,
1170,2024-03-19,EU-West,pet_care,4752.91,15.5,0,90,low,0.48,0,none,0.0,,
297,2024-11-10,EU-South,home_appliance,21249.92,6.1,0,0,medium,0.48,0,none,0.0,,
592,2024-04-16,EU-East,cleaning,8242.96,3.7,0,0,low,0.74,0,none,0.0,,
420,2024-01-31,EU-South,cleaning,8230.2,1.9,0,30,low,0.93,0,none,0.0,,
439,2024-06-19,EU-North,cleaning,18108.94,1.8,0,0,medium,0.55,1,late_payment,638.18,34.0,
262,2025-03-08,EU-South,cleaning,7833.11,1.7,0,30,low,0.94,0,none,0.0,,
725,2024-10-26,EU-West,beauty,3942.14,6.1,0,60,high,0.29,0,none,0.0,,
1226,2025-05-06,EU-South,beauty,7196.99,3.8,0,0,low,0.53,0,none,0.0,,
282,2024-11-14,EU-West,pet_care,2365.37,1.0,0,30,high,1.0,0,none,0.0,,
627,2025-06-19,EU-North,pet_care,13904.7,2.6,0,30,medium,0.45,0,none,0.0,,
875,2024-10-14,EU-North,pet_care,6597.14,4.7,0,90,high,0.23,0,none,0.0,,
934,2024-06-01,,home_appliance,14309.64,4.0,0,60,medium,0.7,0,none,0.0,,
1354,2024-04-27,EU-West,home_appliance,10333.3,10.3,0,60,low,0.33,0,none,0.0,,
189,2024-11-30,EU-North,home_appliance,17335.36,5.2,0,0,low,0.55,0,none,0.0,,
1121,2024-09-22,EU-North,home_appliance,7437.42,9.5,0,60,medium,0.23,1,freight_overrun,492.52,16.0,carrier surcharge applied
252,2024-04-11,EU-South,home_appliance,26071.66,5.8,0,30,medium,0.5,0,none,0.0,,
584,2024-02-01,EU-West,home_appliance,7948.93,4.7,0,30,low,0.66,0,none,0.0,,
902,2024-08-17,EU-West,cleaning,3857.43,1.0,0,90,low,0.56,0,none,0.0,,
1161,2024-02-29,EU-West,cleaning,6338.85,5.9,0,30,high,0.6,0,none,0.0,,
991,2024-12-17,EU-North,beauty,12057.73,2.7,0,90,low,0.46,0,none,0.0,,
515,2024-01-25,EU-West,home_appliance,3701.1,5.3,0,0,low,0.78,0,none,0.0,,
913,2025-02-03,EU-South,beauty,26921.28,6.0,0,30,low,0.67,0,none,0.0,,
707,2024-09-03,EU-North,cleaning,21465.55,4.3,0,30,medium,0.74,0,none,0.0,,
488,2025-01-03,EU-West,home_appliance,6539.49,1.5,0,30,medium,0.52,0,none,0.0,,
664,2024-11-27,EU-West,home_appliance,17631.75,7.9,0,0,low,0.66,0,none,0.0,,
274,2024-05-29,EU-East,home_appliance,7728.96,3.1,0,90,high,0.67,0,none,0.0,,
686,2024-01-14,EU-West,home_appliance,4989.5,2.8,0,30,low,0.63,1,late_payment,118.15,52.0,payment delayed
1159,2024-02-06,EU-East,beauty,3798.32,9.5,0,0,high,0.38,0,none,0.0,,
1258,2024-05-24,EU-South,beauty,6153.94,1.4,0,0,low,0.65,0,none,0.0,,
449,2024-01-04,,beauty,4980.23,7.0,0,30,medium,0.6,0,none,0.0,,
412,2024-11-17,EU-North,beauty,11700.71,3.3,0,0,low,0.56,0,none,0.0,,
459,2024-08-16,EU-North,home_appliance,3978.87,0.5,1,30,low,0.55,0,none,0.0,,
1042,2024-12-10,EU-North,home_appliance,2643.78,6.7,0,30,high,0.62,0,none,0.0,,
1218,2024-01-16,EU-East,pet_care,2435.8,7.4,0,60,low,0.22,0,none,0.0,,
668,2024-09-15,EU-South,pet_care,4132.59,0.5,1,0,low,0.44,0,none,0.0,,
1333,2024-11-15,EU-East,beauty,8486.94,0.7,1,30,low,0.19,0,none,0.0,,
150,2025-02-21,,home_appliance,10928.83,4.9,0,60,medium,0.49,0,none,0.0,,
802,2025-06-02,EU-West,pet_care,5597.53,3.7,0,90,low,0.33,0,none,0.0,,
954,2025-02-04,EU-West,beauty,9321.46,2.6,0,30,low,0.77,0,none,0.0,,
734,2024-09-13,EU-West,pet_care,8004.5,2.9,0,0,low,0.42,0,none,0.0,,
219,2024-08-27,,pet_care,14355.04,0.0,1,30,low,0.22,1,dispute,1240.24,45.0,chargeback pending
240,2024-01-07,EU-West,cleaning,9067.65,5.0,0,30,medium,0.78,0,none,0.0,,
1000,2024-05-17,EU-West,beauty,29176.38,2.6,0,30,medium,0.63,0,none,0.0,,
726,2024-10-18,EU-West,beauty,3763.8,0.7,1,30,low,0.63,0,none,0.0,,
193,2025-01-23,EU-West,pet_care,5870.64,2.9,0,60,medium,0.38,0,none,0.0,,
1374,2025-02-22,EU-South,home_appliance,14631.92,3.7,0,60,medium,0.66,0,none,0.0,,
192,2025-06-20,EU-West,home_appliance,7957.36,6.5,0,30,low,0.59,0,none,0.0,,
807,2024-07-22,EU-North,cleaning,8213.4,2.5,0,90,high,0.63,0,none,0.0,,
948,2024-12-31,EU-South,pet_care,11937.52,3.0,0,30,low,0.5,0,none,0.0,,
831,2024-01-26,EU-North,home_appliance,13952.65,1.1,0,30,low,0.69,0,none,0.0,,
645,2025-04-21,EU-North,pet_care,36859.38,5.8,0,60,high,0.63,0,none,0.0,,
983,2024-01-05,EU-North,home_appliance,10222.46,3.9,0,0,high,0.84,0,none,0.0,,
826,2024-01-21,EU-West,home_appliance,8787.52,3.2,0,30,medium,0.8,0,none,0.0,,
1356,2024-06-02,EU-West,cleaning,4317.9,2.6,0,60,low,0.31,0,none,0.0,,
17,2025-01-05,,beauty,21063.71,4.8,0,90,medium,0.25,0,none,0.0,,
987,2025-04-09,EU-West,pet_care,9223.0,6.6,0,60,low,0.44,0,none,0.0,,
1124,2024-03-30,EU-West,cleaning,16315.64,3.7,0,90,low,0.24,0,none,0.0,,
583,2025-01-12,EU-West,pet_care,3215.12,6.3,0,30,medium,0.7,1,return,1101.69,52.0,goods sent back
1327,2024-06-30,EU-West,cleaning,11237.39,0.5,1,60,low,0.15,0,none,0.0,,
982,2025-01-30,EU-South,home_appliance,12047.33,10.5,0,30,low,0.7,0,none,0.0,,
628,2024-02-14,EU-West,beauty,4034.77,6.6,0,60,low,0.37,0,none,0.0,,
1297,2024-07-25,EU-West,pet_care,5959.84,7.1,0,60,high,0.6,0,none,0.0,,
324,2025-06-20,EU-East,beauty,11378.34,3.9,0,60,low,0.31,0,none,0.0,,
1140,2025-05-05,EU-North,beauty,12378.15,2.7,0,30,low,0.57,0,none,0.0,,
632,2025-03-26,EU-South,beauty,10799.86,2.7,0,30,low,0.56,0,none,0.0,,
1362,2025-05-03,EU-West,pet_care,8486.54,1.4,0,30,low,0.56,0,none,0.0,,
779,2024-11-22,EU-North,home_appliance,13528.08,4.0,0,0,medium,0.52,0,none,0.0,,
908,2025-04-25,EU-West,beauty,3518.83,1.2,0,60,low,0.28,0,none,0.0,,
438,2024-07-13,EU-East,beauty,2884.47,2.7,0,30,low,0.54,0,none,0.0,,
120,2024-12-25,EU-North,home_appliance,10810.96,1.2,0,0,low,0.92,0,none,0.0,,
1086,2024-04-18,EU-North,beauty,8539.83,1.0,0,90,low,0.4,0,none,0.0,,
791,2024-12-02,EU-West,home_appliance,3366.91,5.1,0,30,low,0.77,0,none,0.0,,
342,2024-10-29,EU-South,home_appliance,20611.83,11.5,0,0,low,0.4,0,none,0.0,,
816,2024-08-16,EU-South,home_appliance,3002.29,7.1,0,60,low,0.41,0,none,0.0,,
3,2024-05-25,EU-South,pet_care,5447.67,2.8,0,30,medium,0.89,0,none,0.0,,
230,2025-04-01,EU-West,beauty,6141.78,4.8,0,0,medium,0.73,0,none,0.0,,
893,2024-03-11,EU-West,cleaning,16462.02,3.5,0,60,medium,0.51,0,none,0.0,,
1347,2024-05-10,,home_appliance,20299.12,0.4,1,0,low,0.58,0,none,0.0,,
77,2024-04-28,EU-West,beauty,9947.19,1.8,0,30,low,0.61,0,none,0.0,,
1291,2024-07-04,EU-East,pet_care,8793.34,1.4,0,60,low,0.51,0,none,0.0,,
1126,2024-03-29,EU-East,home_appliance,31254.36,3.2,0,60,medium,0.27,0,none,0.0,,
372,2024-12-31,EU-West,cleaning,5602.22,1.5,0,30,medium,0.55,0,none,0.0,,"minor delay, no cost"
181,2025-03-30,EU-South,pet_care,4847.26,1.4,0,0,medium,0.46,1,late_payment,223.06,66.0,
1248,2024-08-07,EU-West,cleaning,6403.47,2.1,0,60,medium,0.47,1,freight_overrun,522.83,15.0,extra freight billed
578,2025-03-01,EU-East,pet_care,18109.75,2.3,0,30,low,0.49,0,none,0.0,,
937,2024-02-13,EU-South,pet_care,3817.26,3.9,0,0,low,0.89,0,none,0.0,,
1149,2024-09-07,EU-East,home_appliance,4980.27,6.5,0,0,low,0.57,0,none,0.0,,
1038,2024-06-15,EU-East,cleaning,5138.8,8.9,0,30,medium,0.61,0,none,0.0,,
1201,2025-03-09,EU-East,beauty,10380.36,2.6,0,90,medium,0.62,0,none,0.0,,
1386,2024-10-05,EU-West,cleaning,12704.34,1.8,0,30,medium,0.56,0,none,0.0,,
894,2024-04-06,EU-West,home_appliance,22775.04,5.5,0,30,medium,0.5,0,none,0.0,,
590,2024-07-10,EU-West,home_appliance,10351.59,6.6,0,0,medium,0.7,0,none,0.0,,
1046,2025-01-08,EU-West,beauty,25493.45,3.3,0,30,low,0.66,0,none,0.0,,
786,2024-12-09,EU-West,home_appliance,3261.94,2.7,0,30,low,0.44,0,none,0.0,,
1070,2025-06-01,,home_appliance,11063.07,3.5,0,30,low,0.69,0,none,0.0,,
312,2024-10-09,EU-East,beauty,26808.97,5.7,0,0,low,0.51,0,none,0.0,,
302,2025-06-05,EU-West,pet_care,9410.68,2.6,0,60,medium,0.38,0,none,0.0,,
723,2024-11-17,EU-West,home_appliance,10628.29,8.1,0,60,medium,0.45,0,none,0.0,,
690,2025-01-06,EU-East,beauty,14293.6,2.2,0,30,low,0.48,1,freight_overrun,520.08,72.0,carrier surcharge applied
813,2024-01-10,EU-South,pet_care,5884.78,0.5,1,30,low,0.07,1,return,,83.0,
38,2024-07-09,EU-East,beauty,62587.35,4.2,0,30,medium,0.48,0,none,0.0,,
354,2025-02-14,EU-East,pet_care,6213.36,1.0,0,0,high,0.6,0,none,0.0,,buyer queried ETA
1283,2025-01-18,EU-East,home_appliance,11347.66,2.6,0,30,low,0.58,0,none,0.0,,
715,2024-07-12,EU-North,home_appliance,38507.44,5.6,0,30,medium,0.53,0,none,0.0,,
237,2025-02-06,EU-East,beauty,10757.8,4.3,0,30,low,0.67,0,none,0.0,,
1164,2024-11-13,EU-West,beauty,15736.97,3.7,0,90,high,0.26,0,none,0.0,,
730,2024-11-12,EU-East,home_appliance,2624.93,4.4,0,60,medium,0.35,0,none,0.0,,
1150,2025-05-27,EU-South,home_appliance,7409.19,7.7,0,60,high,0.21,1,dispute,3895.52,106.0,quality complaint raised
952,2025-06-15,EU-West,pet_care,25466.5,4.3,0,30,high,0.77,0,none,0.0,,
500,2024-07-01,EU-East,home_appliance,16628.9,2.2,0,30,medium,0.56,0,none,0.0,,
1152,2025-03-22,EU-South,beauty,5954.48,2.8,0,30,low,0.82,0,none,0.0,,
554,2024-02-03,EU-South,pet_care,12017.76,0.7,1,60,low,0.04,0,none,0.0,,
56,2024-12-24,EU-North,home_appliance,6895.28,3.9,0,90,low,0.27,1,return,423.39,63.0,QC reject on arrival
303,2024-03-04,EU-East,beauty,23903.83,4.2,0,60,high,0.13,0,none,0.0,,
795,2024-12-28,,beauty,24708.43,6.1,0,60,medium,0.62,0,none,0.0,,
287,2024-05-16,EU-West,beauty,8784.23,5.5,0,60,medium,0.47,0,none,0.0,,
1064,2024-08-28,EU-North,beauty,5859.83,6.7,0,30,low,0.67,0,none,0.0,,
220,2024-10-18,EU-West,home_appliance,10717.78,5.3,0,30,low,0.51,0,none,0.0,,
881,2024-08-24,EU-East,beauty,12628.89,7.2,0,60,low,0.47,0,none,0.0,,
388,2024-03-21,,cleaning,14612.49,4.2,0,30,low,0.76,0,none,0.0,,
1021,2024-06-11,EU-South,home_appliance,13068.0,5.4,0,30,low,0.63,0,none,0.0,,
391,2025-03-22,EU-North,cleaning,5953.29,5.8,0,0,low,0.28,1,return,720.15,35.0,
1119,2024-06-01,EU-West,beauty,4427.49,2.5,0,0,low,0.55,1,dispute,1252.79,58.0,chargeback pending
353,2024-07-13,,pet_care,23546.02,7.9,0,30,low,0.39,0,none,0.0,,
194,2024-04-27,EU-South,beauty,18192.65,0.6,1,60,low,0.07,1,freight_overrun,548.53,45.0,container reweigh cost
236,2024-03-08,EU-South,beauty,6575.98,6.1,0,30,medium,0.64,0,none,0.0,,
1203,2024-10-25,EU-South,beauty,10728.15,0.8,1,30,low,0.3,0,none,0.0,,
695,2025-02-04,EU-South,pet_care,7796.05,4.5,0,30,low,0.51,0,none,0.0,,
481,2024-07-29,EU-East,beauty,47281.06,1.4,0,30,low,0.96,0,none,0.0,,
568,2024-01-13,EU-West,pet_care,14202.47,0.8,1,30,medium,0.46,0,none,0.0,,
117,2025-04-25,EU-North,home_appliance,5567.36,4.6,0,0,low,0.6,0,none,0.0,,
1332,2024-04-25,EU-East,home_appliance,2099.18,2.5,0,60,medium,0.42,0,none,0.0,,
654,2025-02-13,EU-West,pet_care,2955.36,6.7,0,30,medium,0.39,0,none,0.0,,
1169,2024-03-20,EU-South,cleaning,3240.84,5.4,0,60,medium,0.5,0,none,0.0,,
1295,2025-03-07,EU-West,pet_care,14929.29,2.0,0,60,medium,0.24,0,none,0.0,,
758,2025-04-26,EU-South,home_appliance,9611.75,4.6,0,0,low,0.69,0,none,0.0,,
445,2025-03-24,EU-West,home_appliance,6012.3,3.3,0,0,high,0.61,0,none,0.0,,
1089,2024-06-10,EU-East,home_appliance,17997.14,2.8,0,0,low,0.85,0,none,0.0,,
121,2024-06-14,EU-East,home_appliance,7803.1,6.1,0,90,high,0.43,1,return,618.99,55.0,
1072,2024-11-12,EU-North,pet_care,13126.17,3.1,0,30,medium,0.56,0,none,0.0,,
1198,2025-01-29,EU-North,beauty,11453.55,3.9,0,60,medium,0.35,0,none,0.0,,
1048,2025-02-23,EU-North,beauty,4226.12,8.8,0,60,low,0.58,0,none,0.0,,
63,2024-08-07,EU-East,home_appliance,8252.49,9.0,0,30,high,0.76,0,none,0.0,,
744,2024-05-28,EU-West,pet_care,18444.89,4.0,0,30,medium,0.64,0,none,0.0,,
919,2024-11-19,EU-West,beauty,8408.55,2.4,0,60,low,0.65,0,none,0.0,,
454,2024-11-14,EU-West,cleaning,5567.58,3.2,0,0,medium,0.66,0,none,0.0,,
516,2025-05-27,EU-West,home_appliance,19463.39,1.9,0,30,medium,0.81,0,none,0.0,,
571,2024-03-15,EU-West,home_appliance,4884.02,1.4,0,90,low,0.52,0,none,0.0,,
224,2025-01-27,EU-South,home_appliance,9708.88,6.8,0,30,low,1.0,0,none,0.0,,
1028,2024-02-01,EU-West,cleaning,22444.98,0.4,1,30,high,0.4,0,none,0.0,,
614,2025-05-08,EU-South,beauty,13282.81,2.1,0,0,high,0.68,0,none,0.0,,
844,2024-12-05,EU-East,home_appliance,41696.88,2.1,0,60,low,0.48,0,none,0.0,,
222,2025-05-13,EU-East,beauty,38780.02,3.1,0,0,low,0.63,0,none,0.0,,
985,2024-11-09,EU-West,home_appliance,19045.31,4.7,0,90,medium,0.32,1,late_payment,,34.0,
517,2024-10-18,EU-West,cleaning,7636.85,2.0,0,0,medium,0.4,0,none,0.0,,
466,2025-02-10,EU-North,pet_care,21442.85,2.7,0,0,low,0.68,0,none,0.0,,
53,2024-06-03,EU-North,pet_care,27881.35,3.4,0,30,low,0.65,0,none,0.0,,
1280,2024-11-06,EU-East,home_appliance,19482.76,1.1,0,30,low,0.56,0,none,0.0,,
486,2024-09-18,EU-East,home_appliance,2721.98,7.0,0,30,low,0.31,0,none,0.0,,
876,2024-05-21,EU-South,home_appliance,7155.16,3.8,0,60,low,0.46,0,none,0.0,,
1331,2025-05-08,EU-North,home_appliance,9266.87,3.5,0,0,high,0.66,0,none,0.0,,
819,2024-02-07,,pet_care,8534.89,4.2,0,30,low,0.36,0,none,0.0,,
387,2024-04-09,EU-North,home_appliance,11729.37,5.2,0,60,low,0.49,0,none,0.0,,
156,2024-07-07,EU-North,cleaning,6221.58,1.3,0,30,low,0.38,0,none,0.0,,
1394,2025-01-24,EU-West,pet_care,5787.38,2.5,0,0,medium,0.67,0,none,0.0,,
601,2025-05-02,EU-East,pet_care,4650.5,3.4,0,60,low,0.5,0,none,0.0,,
1151,2024-08-06,EU-West,beauty,8238.12,1.5,0,30,low,0.56,0,none,0.0,,
249,2025-02-10,EU-West,pet_care,11468.67,3.2,0,0,low,0.56,0,none,0.0,,
762,2024-08-15,EU-West,home_appliance,15007.17,7.2,0,0,low,0.48,0,none,0.0,,
871,2025-03-16,EU-North,cleaning,17163.87,1.3,0,30,low,0.7,0,none,0.0,,
856,2024-02-15,EU-East,beauty,13544.01,3.9,0,0,medium,0.54,0,none,0.0,,
442,2024-09-05,EU-West,beauty,12913.34,1.6,0,60,low,0.26,0,none,0.0,,
1270,2024-04-19,EU-East,beauty,13749.91,1.1,0,30,medium,0.5,1,return,505.05,40.0,goods sent back
1284,2024-02-05,EU-North,beauty,12749.78,1.7,0,30,low,0.37,0,none,0.0,,
543,2025-02-22,EU-South,beauty,33541.38,0.9,1,0,medium,0.41,0,none,0.0,,
1075,2024-11-01,EU-South,beauty,6844.51,3.0,0,0,medium,0.7,1,dispute,472.87,120.0,quality complaint raised
702,2024-01-04,EU-West,home_appliance,38082.46,2.9,0,0,high,0.44,0,none,0.0,,
118,2024-06-08,EU-North,pet_care,29814.9,3.0,0,0,low,0.3,0,none,0.0,,
1006,2025-01-06,EU-West,home_appliance,15402.16,1.3,0,0,low,0.17,1,dispute,2616.66,47.0,chargeback pending
629,2025-05-14,EU-East,beauty,10107.21,1.9,0,30,medium,0.67,0,none,0.0,,
993,2024-02-05,EU-North,beauty,5913.38,2.7,0,0,medium,0.58,0,none,0.0,,
207,2024-08-18,EU-West,pet_care,9022.97,1.4,0,0,low,0.57,0,none,0.0,,
292,2025-04-11,EU-West,pet_care,11980.9,4.5,0,30,low,0.71,0,none,0.0,,
1222,2025-03-11,EU-West,pet_care,5540.21,2.3,0,0,low,0.67,0,none,0.0,,
382,2024-01-21,EU-South,cleaning,4129.37,4.0,0,90,medium,0.69,0,none,0.0,,
820,2024-09-16,EU-West,home_appliance,13184.88,14.2,0,0,low,0.43,0,none,0.0,,
971,2024-09-26,EU-West,beauty,8960.42,5.3,0,90,medium,0.54,0,none,0.0,,
1212,2024-11-30,EU-South,pet_care,9623.21,1.9,0,0,medium,0.34,1,dispute,,44.0,chargeback pending
201,2024-07-17,EU-North,pet_care,7473.52,4.1,0,30,low,0.55,0,none,0.0,,
597,2025-01-21,EU-North,home_appliance,10294.28,5.7,0,30,medium,0.39,0,none,0.0,,
898,2025-01-05,EU-West,home_appliance,4009.72,3.5,0,30,low,0.69,0,none,0.0,,
1178,2024-08-27,EU-West,pet_care,8342.55,5.4,0,30,high,0.71,0,none,0.0,,
855,2024-04-16,EU-West,pet_care,34915.75,1.2,0,60,medium,0.59,0,none,0.0,,
1328,2024-02-22,EU-East,home_appliance,13236.0,0.8,1,30,low,0.39,0,none,0.0,,
1389,2024-08-22,EU-South,pet_care,20071.27,3.5,0,90,medium,0.43,0,none,0.0,,
805,2025-03-18,EU-West,home_appliance,8885.51,0.3,1,60,medium,0.15,1,late_payment,,38.0,
1128,2024-04-29,EU-North,pet_care,4606.45,1.1,0,90,medium,0.38,0,none,0.0,,
963,2024-01-19,EU-West,beauty,9553.55,3.1,0,30,low,0.37,0,none,0.0,,
793,2025-06-08,EU-West,cleaning,29520.22,6.7,0,30,low,0.68,0,none,0.0,,
770,2024-09-05,EU-North,beauty,13539.96,4.4,0,90,low,0.37,0,none,0.0,,
1174,2024-12-09,EU-North,pet_care,53944.64,3.2,0,30,high,0.55,1,freight_overrun,489.64,46.0,
814,2024-07-21,EU-East,beauty,4318.75,1.8,0,60,low,0.28,1,freight_overrun,590.83,160.0,container reweigh cost
1115,2024-04-02,EU-South,home_appliance,3836.57,5.9,0,90,medium,0.24,0,none,0.0,,
506,2025-06-20,EU-North,beauty,11858.17,4.5,0,30,high,0.65,1,freight_overrun,594.24,19.0,container reweigh cost
892,2024-04-27,EU-South,cleaning,15391.34,10.0,0,30,medium,0.43,1,dispute,1351.45,13.0,chargeback pending
349,2024-10-12,EU-East,beauty,4388.69,2.3,0,60,high,0.27,1,return,1576.21,65.0,QC reject on arrival
1287,2024-11-17,EU-West,home_appliance,5317.86,2.2,0,30,medium,0.45,0,none,0.0,,
1141,2024-02-07,EU-West,beauty,3978.75,1.9,0,0,low,0.74,0,none,0.0,,
1392,2024-08-04,EU-South,home_appliance,4993.68,0.6,1,0,low,0.38,1,freight_overrun,809.86,57.0,extra freight billed
341,2025-04-18,EU-West,home_appliance,4100.38,2.3,0,30,high,0.48,0,none,0.0,,
787,2024-03-17,EU-South,pet_care,5196.19,5.3,0,60,low,0.32,0,none,0.0,,
616,2024-05-24,EU-North,beauty,5630.75,6.1,0,60,high,0.73,1,freight_overrun,112.12,21.0,container reweigh cost
155,2025-03-20,EU-West,home_appliance,9266.76,0.3,1,0,high,0.21,0,none,0.0,,
1292,2024-07-23,EU-North,beauty,11355.71,2.3,0,30,low,0.58,0,none,0.0,,
1263,2025-03-16,EU-West,beauty,11816.39,6.9,0,30,medium,0.47,0,none,0.0,,
78,2024-12-25,EU-North,pet_care,6804.38,3.0,0,30,low,0.54,0,none,0.0,,
1387,2024-06-17,EU-North,cleaning,16693.8,1.6,0,30,medium,0.73,0,none,0.0,,
288,2024-10-21,EU-West,beauty,9989.26,7.0,0,30,low,0.61,0,none,0.0,,
323,2024-09-29,EU-West,cleaning,22582.16,0.8,1,30,medium,0.0,1,freight_overrun,481.62,47.0,extra freight billed
687,2024-01-04,EU-East,beauty,70977.15,5.8,0,60,low,0.44,0,none,0.0,,
1076,2024-07-08,EU-West,home_appliance,8334.42,5.6,0,30,medium,0.71,0,none,0.0,,
1059,2025-05-15,EU-East,home_appliance,3097.29,2.2,0,90,medium,0.59,0,none,0.0,,
914,2024-11-21,EU-South,home_appliance,11845.3,6.8,0,90,medium,0.24,0,none,0.0,,
1267,2024-10-30,EU-West,pet_care,26926.1,2.4,0,30,low,0.75,1,return,903.17,97.0,goods sent back
1260,2024-02-21,EU-South,home_appliance,8333.14,1.6,0,30,medium,0.6,0,none,0.0,,
83,2024-09-04,EU-South,beauty,3366.02,9.8,0,30,low,0.53,0,none,0.0,,
513,2024-04-01,EU-West,pet_care,22127.22,9.5,0,60,high,0.44,0,none,0.0,,
1395,2024-09-11,EU-South,pet_care,12642.76,8.4,0,30,medium,0.66,0,none,0.0,,
965,2025-06-13,EU-South,cleaning,5891.62,2.1,0,30,low,0.81,0,none,0.0,,
465,2024-03-18,EU-East,cleaning,7987.7,3.4,0,30,low,0.58,0,none,0.0,,
1252,2024-09-17,,beauty,5241.46,2.6,0,0,high,0.41,0,none,0.0,,
360,2024-10-29,EU-East,pet_care,6250.77,0.7,1,60,low,0.52,0,none,0.0,,
1367,2024-10-06,EU-West,beauty,7737.43,2.0,0,0,low,0.5,0,none,0.0,,
930,2024-10-11,EU-North,beauty,4580.69,2.8,0,0,medium,0.35,1,dispute,714.34,48.0,buyer disputes invoice
1135,2024-11-18,EU-South,pet_care,7022.7,1.0,0,30,low,0.46,0,none,0.0,,n/a
334,2024-11-28,EU-South,home_appliance,11446.34,5.1,0,60,low,0.59,0,none,0.0,,
11,2024-06-11,EU-West,pet_care,8806.6,8.1,0,60,low,0.58,0,none,0.0,,
739,2024-12-02,EU-West,cleaning,2216.64,4.1,0,30,low,0.58,1,late_payment,22.68,58.0,payment delayed
471,2024-05-28,EU-East,home_appliance,20223.85,0.3,1,30,medium,0.51,0,none,0.0,,
832,2025-02-02,EU-East,cleaning,17954.62,3.2,0,0,low,0.83,1,return,394.08,75.0,goods sent back
33,2025-05-11,EU-West,home_appliance,19485.15,0.4,1,60,low,0.0,0,none,0.0,,
151,2025-02-21,EU-South,home_appliance,7494.79,3.8,0,0,low,0.56,0,none,0.0,,
414,2024-10-15,,home_appliance,5238.03,3.1,0,30,low,0.5,1,late_payment,,54.0,remittance overdue
581,2024-11-21,EU-East,pet_care,21909.87,4.2,0,30,low,0.57,0,none,0.0,,
383,2025-01-07,EU-North,home_appliance,12500.0,2.9,0,90,medium,0.57,1,freight_overrun,579.31,99.0,
794,2025-06-21,EU-West,home_appliance,8684.28,3.8,0,90,low,0.42,0,none,0.0,,
1077,2025-02-02,EU-East,home_appliance,22117.39,6.5,0,90,high,0.49,1,dispute,1760.46,92.0,
377,2025-06-02,EU-South,cleaning,12101.73,6.4,0,60,low,0.41,1,freight_overrun,776.8,16.0,container reweigh cost
1324,2024-11-16,EU-North,beauty,20836.39,7.3,0,60,medium,0.14,0,none,0.0,,
615,2024-09-06,EU-West,beauty,17640.8,2.8,0,30,low,0.63,0,none,0.0,,
1330,2024-08-29,EU-West,pet_care,9392.49,4.3,0,90,high,0.44,0,none,0.0,,
379,2024-02-08,EU-West,home_appliance,6206.02,2.1,0,0,medium,0.55,0,none,0.0,,
90,2025-04-23,EU-East,beauty,38068.68,3.4,0,60,low,0.63,0,none,0.0,,
693,2025-02-22,,beauty,3217.82,2.2,0,60,high,0.54,0,none,0.0,,
602,2024-03-07,EU-North,beauty,3166.46,11.8,0,30,high,0.57,0,none,0.0,,
214,2024-08-18,EU-South,beauty,16787.73,4.4,0,30,medium,0.3,1,return,891.2,40.0,buyer returned partial shipment
834,2024-05-04,EU-North,pet_care,17145.11,1.8,0,60,medium,0.4,0,none,0.0,,
333,2024-07-29,EU-North,cleaning,18057.79,3.4,0,60,low,0.3,0,none,0.0,,
134,2025-02-11,,cleaning,6159.44,3.2,0,60,low,0.49,0,none,0.0,,buyer queried ETA
347,2024-12-28,EU-South,cleaning,7118.3,10.9,0,30,low,0.68,0,none,0.0,,
556,2024-05-24,EU-West,pet_care,14585.27,2.8,0,0,low,0.65,0,none,0.0,,
8,2024-03-19,EU-North,home_appliance,22293.82,8.7,0,30,high,0.24,0,none,0.0,,
29,2024-10-02,EU-West,cleaning,2765.72,1.4,0,0,high,0.89,0,none,0.0,,
321,2024-06-15,EU-South,home_appliance,6183.91,7.5,0,90,high,0.49,1,default,,93.0,
1225,2024-04-10,EU-West,beauty,14212.73,0.4,1,30,low,0.0,1,dispute,,63.0,buyer disputes invoice
188,2025-06-07,EU-West,beauty,18564.17,1.3,0,60,low,0.54,0,none,0.0,,
1206,2025-03-17,EU-West,home_appliance,16189.49,0.7,1,0,low,0.34,1,late_payment,228.65,43.0,paid 40 days late
635,2024-02-27,EU-West,home_appliance,3519.08,1.9,0,90,medium,0.41,1,dispute,341.25,11.0,chargeback pending
553,2024-03-11,EU-West,cleaning,8501.51,2.6,0,90,high,0.28,0,none,0.0,,
305,2025-01-22,EU-South,beauty,5308.89,13.1,0,30,high,0.61,0,none,0.0,,
32,2024-04-07,EU-South,cleaning,16965.33,4.2,0,30,low,0.53,0,none,0.0,,
1083,2024-06-20,EU-South,home_appliance,19363.88,2.1,0,60,low,0.4,0,none,0.0,,
685,2024-10-29,EU-North,cleaning,20848.11,2.7,0,30,low,0.41,0,none,0.0,,
797,2024-06-13,EU-West,home_appliance,13764.87,0.8,1,0,low,0.16,1,freight_overrun,652.11,44.0,container reweigh cost
1157,2024-06-11,EU-West,home_appliance,15355.76,7.7,0,90,medium,0.21,0,none,0.0,,
175,2025-02-24,EU-West,home_appliance,9889.37,3.2,0,0,high,0.77,1,return,373.26,68.0,goods sent back
767,2025-03-01,EU-West,pet_care,11081.89,2.1,0,0,low,0.64,0,none,0.0,,
246,2024-10-15,EU-South,beauty,11866.82,9.7,0,30,low,0.57,0,none,0.0,,
1294,2024-12-27,EU-West,pet_care,7164.19,9.0,0,30,medium,0.91,0,none,0.0,,
146,2025-06-16,EU-West,beauty,21994.97,1.4,0,30,low,0.69,0,none,0.0,,
91,2025-04-02,EU-West,home_appliance,3086.99,3.3,0,60,low,0.42,0,none,0.0,,
683,2024-07-16,EU-West,cleaning,9952.67,11.1,0,30,low,0.91,0,none,0.0,,
311,2025-04-06,EU-East,cleaning,18440.2,2.9,0,0,high,0.53,0,none,0.0,,
94,2024-08-07,EU-West,cleaning,19662.55,1.8,0,0,low,0.52,0,none,0.0,,
1187,2025-05-08,EU-West,home_appliance,9984.21,17.0,0,30,low,0.51,0,none,0.0,,
925,2024-03-26,EU-West,home_appliance,7327.35,2.8,0,30,low,0.69,0,none,0.0,,
1173,2024-12-26,EU-West,cleaning,25509.74,0.6,1,30,low,0.04,0,none,0.0,,
1036,2025-01-16,,pet_care,14505.2,6.0,0,30,medium,0.81,0,none,0.0,,
244,2025-02-25,,home_appliance,29192.37,11.6,0,90,medium,0.6,0,none,0.0,,
215,2024-10-06,EU-North,pet_care,8053.02,5.8,0,90,medium,0.53,0,none,0.0,,
999,2024-09-12,EU-South,home_appliance,7033.12,6.4,0,60,low,0.56,0,none,0.0,,
854,2025-02-18,EU-South,beauty,25415.8,2.4,0,60,medium,0.32,0,none,0.0,,
426,2024-05-29,EU-South,home_appliance,15892.94,3.7,0,30,medium,0.43,0,none,0.0,,
1399,2025-01-22,EU-East,cleaning,26056.19,1.7,0,0,medium,0.41,0,none,0.0,,
227,2025-03-08,,beauty,10095.34,2.5,0,90,low,0.24,0,none,0.0,,
1133,2024-04-18,EU-West,cleaning,10019.37,3.3,0,90,low,0.43,0,none,0.0,,
1,2025-03-04,EU-North,beauty,55313.4,1.3,0,0,high,0.6,0,none,0.0,,
402,2024-08-26,EU-South,cleaning,39361.25,8.9,0,30,low,0.42,0,none,0.0,,
85,2024-12-29,EU-West,cleaning,15885.87,1.8,0,30,low,0.54,0,none,0.0,,
163,2025-05-23,EU-West,pet_care,6685.43,2.7,0,90,low,0.35,1,late_payment,219.62,58.0,
115,2024-06-11,EU-West,pet_care,25794.81,2.5,0,0,medium,0.51,0,none,0.0,,
671,2024-02-25,EU-West,pet_care,13980.27,1.3,0,60,low,0.45,0,none,0.0,,
1062,2024-10-22,EU-North,cleaning,9557.35,10.6,0,90,low,0.33,0,none,0.0,,
890,2024-08-21,EU-North,home_appliance,5175.78,3.5,0,0,medium,0.37,0,none,0.0,,
626,2024-12-27,,beauty,5167.65,6.2,0,60,low,0.39,0,none,0.0,,
953,2025-02-19,EU-West,home_appliance,16364.07,8.6,0,0,low,0.57,0,none,0.0,,
808,2024-02-14,EU-West,beauty,6283.35,4.6,0,60,high,0.36,0,none,0.0,,
259,2024-05-09,EU-West,beauty,4242.73,2.0,0,60,high,0.37,0,none,0.0,,
625,2024-05-20,EU-South,beauty,11508.67,2.0,0,0,medium,0.61,0,none,0.0,,
827,2025-02-16,EU-East,cleaning,26027.15,15.1,0,30,medium,0.88,0,none,0.0,,
235,2025-04-10,EU-South,pet_care,9686.41,4.4,0,0,medium,0.69,0,none,0.0,,
136,2025-04-27,EU-West,beauty,2626.66,3.1,0,30,low,0.63,0,none,0.0,,
617,2025-04-15,EU-North,home_appliance,7772.83,3.2,0,30,high,0.7,0,none,0.0,,
837,2024-02-23,,home_appliance,6464.9,1.4,0,30,medium,0.81,1,freight_overrun,527.64,28.0,carrier surcharge applied
843,2024-01-08,EU-East,beauty,15545.27,1.4,0,30,medium,0.63,0,none,0.0,,
960,2024-01-12,EU-East,home_appliance,8813.54,6.1,0,0,medium,0.73,1,return,188.25,76.0,buyer returned partial shipment
593,2024-06-19,EU-West,home_appliance,10029.58,8.2,0,30,medium,0.67,0,none,0.0,,
344,2025-04-04,EU-East,pet_care,4554.35,3.5,0,30,low,0.57,0,none,0.0,,
1146,2024-03-13,EU-West,beauty,23506.87,11.0,0,60,high,0.43,1,late_payment,279.76,31.0,remittance overdue
294,2024-01-27,EU-West,cleaning,14769.23,4.6,0,30,low,0.64,0,none,0.0,,
365,2024-01-30,EU-North,home_appliance,17099.88,11.8,0,30,medium,0.57,0,none,0.0,,
179,2024-07-14,,pet_care,29826.25,2.6,0,0,low,0.64,0,none,0.0,,
660,2024-03-04,EU-West,home_appliance,8248.94,3.3,0,90,low,0.42,0,none,0.0,,
997,2024-08-08,EU-North,home_appliance,10401.41,2.2,0,0,medium,0.41,0,none,0.0,,
15,2024-07-13,EU-East,home_appliance,3186.41,4.2,0,60,low,0.28,1,late_payment,,61.0,payment delayed
166,2024-07-17,,beauty,6795.61,2.0,0,60,low,0.17,0,none,0.0,,
60,2024-07-20,EU-West,beauty,8264.59,4.7,0,30,medium,0.75,1,freight_overrun,469.8,40.0,extra freight billed
710,2025-05-01,EU-East,home_appliance,19633.94,3.7,0,90,medium,0.44,0,none,0.0,,
677,2024-06-21,EU-South,pet_care,4563.82,4.1,0,90,high,0.46,0,none,0.0,,
781,2024-06-29,EU-West,cleaning,9984.66,2.4,0,60,low,0.49,1,default,5622.36,35.0,buyer did not pay
425,2024-09-21,EU-North,cleaning,14593.88,2.3,0,0,high,0.58,0,none,0.0,,
293,2025-02-21,EU-South,home_appliance,9229.09,1.7,0,30,low,0.65,0,none,0.0,,
1066,2024-10-20,EU-South,cleaning,12219.39,1.1,0,0,low,0.82,0,none,0.0,,
1242,2025-06-12,,cleaning,17028.79,3.5,0,90,high,0.43,1,freight_overrun,,100.0,
330,2024-09-11,EU-West,beauty,13422.37,7.6,0,0,low,0.81,0,none,0.0,,
430,2024-02-02,EU-South,beauty,6414.07,0.8,1,0,low,0.3,1,freight_overrun,261.93,62.0,carrier surcharge applied
1013,2024-10-17,EU-East,beauty,8124.01,1.9,0,30,medium,0.39,0,none,0.0,,
80,2025-05-30,EU-North,beauty,17084.19,1.6,0,0,low,0.73,0,none,0.0,,n/a
1053,2024-04-29,EU-West,cleaning,7088.16,3.4,0,30,low,0.62,0,none,0.0,,
938,2025-02-22,EU-West,beauty,39397.79,3.9,0,60,medium,0.75,0,none,0.0,,
835,2024-09-11,EU-North,cleaning,12762.73,7.2,0,30,low,0.47,1,return,256.53,102.0,
750,2024-11-25,EU-South,home_appliance,11918.77,15.1,0,60,low,0.48,0,none,0.0,,
891,2024-11-18,EU-West,pet_care,23361.83,2.9,0,90,medium,0.66,1,freight_overrun,311.47,43.0,
255,2024-01-24,EU-West,pet_care,9496.42,1.1,0,60,medium,0.29,0,none,0.0,,
1361,2024-01-01,EU-North,cleaning,13432.01,2.4,0,30,high,0.43,0,none,0.0,,
137,2024-06-09,EU-South,cleaning,10741.67,2.1,0,90,low,0.3,0,none,0.0,,
853,2024-11-01,EU-South,beauty,9559.46,6.5,0,30,low,0.61,0,none,0.0,,
724,2024-04-30,EU-South,home_appliance,3681.78,3.0,0,0,medium,0.7,0,none,0.0,,
860,2024-02-16,EU-East,beauty,6635.6,2.0,0,0,medium,0.65,0,none,0.0,,
970,2024-03-22,EU-West,beauty,15030.88,9.6,0,90,low,0.29,0,none,0.0,,
497,2024-07-28,EU-East,cleaning,7049.33,1.8,0,90,medium,0.66,0,none,0.0,,
951,2024-05-23,EU-East,home_appliance,62226.7,6.1,0,60,high,0.34,0,none,0.0,,
806,2025-03-27,EU-West,beauty,13136.92,8.3,0,90,low,0.43,1,late_payment,467.11,74.0,payment delayed
130,2024-12-04,EU-East,home_appliance,28868.88,1.3,0,30,medium,0.57,1,late_payment,821.02,29.0,paid 40 days late
338,2024-04-27,EU-North,home_appliance,5431.53,2.3,0,30,medium,0.58,0,none,0.0,,
1388,2024-07-30,EU-West,beauty,9304.27,1.3,0,0,medium,0.82,0,none,0.0,,
609,2025-01-26,EU-North,home_appliance,11844.8,3.8,0,60,medium,0.11,0,none,0.0,,
196,2024-07-04,EU-West,cleaning,20732.75,4.2,0,30,low,0.62,0,none,0.0,,
910,2024-09-05,EU-West,pet_care,7516.55,0.5,1,30,medium,0.36,0,none,0.0,,
585,2024-03-25,EU-South,cleaning,11112.89,4.3,0,0,low,0.75,0,none,0.0,,
104,2024-01-13,EU-South,beauty,21316.68,0.4,1,60,medium,0.14,0,none,0.0,,
1285,2024-01-13,EU-South,home_appliance,3829.08,0.9,1,60,low,0.05,0,none,0.0,,
1299,2024-02-13,EU-North,beauty,46128.83,6.3,0,60,low,0.31,0,none,0.0,,
720,2025-01-22,EU-South,home_appliance,5114.26,9.5,0,60,medium,0.36,0,none,0.0,,
885,2024-12-18,EU-West,home_appliance,5332.64,6.2,0,60,low,0.54,0,none,0.0,,
777,2025-01-02,EU-North,beauty,12704.73,2.6,0,30,low,0.5,0,none,0.0,,
850,2024-03-12,EU-South,home_appliance,11409.99,2.4,0,0,medium,0.45,0,none,0.0,,
895,2024-08-12,EU-North,home_appliance,6266.93,9.5,0,0,low,0.56,0,none,0.0,,
228,2024-02-14,EU-East,home_appliance,3229.35,3.7,0,30,medium,0.58,0,none,0.0,,
1309,2024-07-15,,home_appliance,8815.9,5.5,0,60,low,0.24,0,none,0.0,,
127,2024-04-02,EU-West,beauty,4627.39,2.7,0,60,low,0.74,0,none,0.0,,
406,2024-09-15,EU-South,cleaning,11832.86,4.0,0,60,low,0.67,1,default,5930.99,25.0,non-payment - escalated
776,2025-01-15,EU-South,beauty,21015.3,3.4,0,0,low,0.3,0,none,0.0,,
822,2024-09-08,EU-East,beauty,5550.04,2.5,0,30,medium,0.68,0,none,0.0,,
712,2024-12-21,EU-North,beauty,9638.99,3.2,0,30,high,0.35,0,none,0.0,,
1313,2024-01-17,EU-East,home_appliance,18445.75,10.1,0,60,high,0.25,1,freight_overrun,287.48,88.0,container reweigh cost
1061,2024-11-14,EU-South,pet_care,17808.67,1.6,0,30,medium,0.71,0,none,0.0,,
304,2024-05-17,EU-East,cleaning,9105.92,2.9,0,0,medium,0.54,1,freight_overrun,812.48,117.0,extra freight billed
268,2024-08-04,EU-West,home_appliance,7159.78,1.4,0,0,low,0.66,0,none,0.0,,
546,2024-10-07,EU-East,pet_care,24665.47,1.8,0,0,medium,0.8,0,none,0.0,,
213,2024-02-04,EU-West,cleaning,4364.36,10.4,0,0,low,0.39,0,none,0.0,,
897,2024-06-02,EU-West,cleaning,8777.84,4.9,0,60,medium,0.65,0,none,0.0,,
917,2025-04-19,EU-West,home_appliance,15310.65,1.5,0,30,medium,0.48,0,none,0.0,,"minor delay, no cost"
676,2025-06-12,EU-West,beauty,7702.93,4.7,0,30,medium,0.41,0,none,0.0,,
815,2024-01-02,EU-West,pet_care,20407.68,4.4,0,30,medium,0.44,0,none,0.0,,
343,2024-03-11,EU-South,home_appliance,7140.29,2.1,0,30,low,0.72,0,none,0.0,,
550,2024-10-31,EU-East,pet_care,20979.07,4.5,0,0,low,0.55,0,none,0.0,,
967,2025-06-04,EU-South,home_appliance,14266.25,2.2,0,30,high,0.48,0,none,0.0,,
296,2024-04-23,EU-South,beauty,12708.04,2.0,0,30,medium,0.36,1,freight_overrun,415.05,82.0,container reweigh cost
696,2024-03-27,EU-East,home_appliance,10668.05,0.7,1,0,low,0.47,0,none,0.0,,
74,2025-02-25,EU-West,beauty,7668.68,8.5,0,60,medium,0.67,0,none,0.0,,
606,2025-05-02,EU-North,pet_care,17111.22,7.1,0,30,low,0.66,0,none,0.0,,
105,2024-11-26,EU-North,pet_care,14857.75,3.1,0,30,low,0.58,0,none,0.0,,
646,2024-09-13,EU-South,home_appliance,6196.65,2.1,0,30,low,0.43,0,none,0.0,,"minor delay, no cost"
1365,2024-09-17,EU-East,home_appliance,5740.57,9.1,0,0,low,0.69,0,none,0.0,,
1041,2024-04-22,EU-West,pet_care,9416.16,8.5,0,0,low,0.59,1,dispute,,18.0,
440,2025-06-19,EU-North,cleaning,11203.53,4.0,0,0,low,0.55,0,none,0.0,,
1020,2024-11-25,EU-East,pet_care,4063.1,9.5,0,30,medium,0.55,0,none,0.0,,
92,2024-02-01,EU-North,pet_care,56712.44,5.2,0,30,medium,0.58,0,none,0.0,,
1113,2024-02-07,EU-North,home_appliance,14969.57,12.0,0,60,medium,0.29,0,none,0.0,,
1217,2024-05-27,EU-West,home_appliance,10078.64,7.8,0,0,medium,0.53,0,none,0.0,,
909,2025-04-01,EU-West,beauty,26800.25,4.0,0,60,medium,0.26,0,none,0.0,,
103,2024-08-08,EU-West,beauty,8799.83,3.4,0,60,medium,0.27,0,none,0.0,,
239,2025-03-25,EU-West,home_appliance,5715.97,3.4,0,30,high,0.57,1,default,,55.0,buyer did not pay
1184,2024-03-04,EU-West,home_appliance,7932.41,3.2,0,30,medium,0.8,0,none,0.0,,
943,2024-08-07,EU-West,cleaning,6353.25,5.7,0,60,low,0.42,0,none,0.0,,
939,2024-06-24,EU-South,beauty,4755.01,6.1,0,90,medium,0.45,0,none,0.0,,
6,2025-01-09,EU-South,home_appliance,2854.19,11.6,0,60,low,0.27,1,dispute,915.96,29.0,buyer disputes invoice
1262,2024-07-09,EU-East,beauty,4116.2,2.4,0,30,low,0.4,0,none,0.0,,
966,2025-05-29,EU-East,cleaning,5728.26,2.8,0,90,low,0.43,0,none,0.0,,
19,2024-01-01,EU-South,pet_care,15477.33,1.8,0,30,medium,0.4,0,none,0.0,,
122,2024-11-16,EU-North,beauty,5308.94,0.8,1,30,medium,0.4,0,none,0.0,,
662,2024-10-21,EU-South,home_appliance,7002.08,7.3,0,0,low,0.58,0,none,0.0,,
1172,2024-05-16,EU-North,beauty,3471.48,3.8,0,30,medium,0.64,0,none,0.0,,
275,2024-07-30,EU-North,cleaning,7370.15,5.0,0,0,low,0.88,0,none,0.0,,
434,2024-02-02,EU-South,home_appliance,16026.97,2.1,0,30,low,0.46,0,none,0.0,,
812,2024-07-27,EU-West,beauty,14733.97,4.9,0,60,medium,0.42,0,none,0.0,,
1300,2025-03-06,EU-West,pet_care,9775.96,2.5,0,60,low,0.31,0,none,0.0,,
1314,2024-02-27,EU-West,home_appliance,9233.12,6.2,0,60,medium,0.53,0,none,0.0,,
182,2024-08-11,EU-South,home_appliance,18741.71,0.9,1,30,medium,0.23,0,none,0.0,,
185,2025-06-04,EU-North,cleaning,4059.98,7.0,0,0,low,0.46,0,none,0.0,,
407,2025-02-28,EU-West,home_appliance,7491.73,5.5,0,30,low,0.69,0,none,0.0,,
866,2024-07-04,,home_appliance,27466.42,5.3,0,60,medium,0.1,0,none,0.0,,
521,2025-01-28,EU-South,beauty,5358.31,0.4,1,60,low,0.06,0,none,0.0,,
1004,2025-01-24,EU-West,pet_care,5823.59,6.2,0,90,low,0.52,0,none,0.0,,
381,2024-05-08,EU-East,home_appliance,5558.64,4.6,0,0,low,0.45,0,none,0.0,,
428,2024-08-29,EU-South,beauty,12560.45,5.1,0,30,low,0.69,0,none,0.0,,
79,2025-03-16,EU-East,beauty,3555.6,2.3,0,30,low,0.77,0,none,0.0,,
1010,2025-03-19,EU-East,pet_care,18582.95,6.5,0,30,low,0.82,0,none,0.0,,
1372,2024-08-20,EU-South,cleaning,10105.99,5.7,0,0,low,0.65,0,none,0.0,,
608,2025-04-29,EU-West,home_appliance,8411.4,4.2,0,30,low,0.62,0,none,0.0,,
1236,2025-01-17,EU-West,beauty,32550.73,5.3,0,60,medium,0.36,0,none,0.0,,
1385,2024-09-23,EU-South,home_appliance,4914.82,1.3,0,60,high,0.71,1,freight_overrun,897.21,16.0,container reweigh cost
1268,2024-10-31,EU-South,home_appliance,7980.29,3.1,0,60,low,0.28,1,late_payment,275.61,78.0,
1058,2024-10-15,EU-West,home_appliance,8779.17,7.2,0,60,low,0.51,0,none,0.0,,
1092,2024-09-22,EU-North,beauty,4502.3,5.0,0,0,medium,0.85,0,none,0.0,,
1102,2024-06-27,EU-West,cleaning,8789.29,8.6,0,30,high,0.58,0,none,0.0,,
1130,2024-12-28,EU-South,cleaning,31728.27,0.8,1,60,medium,0.09,0,none,0.0,,
1223,2024-04-07,EU-South,home_appliance,24752.16,5.1,0,30,low,0.62,0,none,0.0,,
959,2024-11-11,EU-East,pet_care,6066.42,5.8,0,30,medium,0.65,0,none,0.0,,
560,2025-02-06,EU-East,cleaning,9483.93,5.9,0,30,medium,0.54,0,none,0.0,,
847,2024-06-30,EU-West,home_appliance,12287.06,5.7,0,60,low,0.51,0,none,0.0,,buyer queried ETA
691,2025-05-25,EU-West,beauty,36827.33,1.2,0,30,low,0.51,0,none,0.0,,
1377,2024-01-20,EU-North,cleaning,5619.28,3.8,0,60,high,0.36,0,none,0.0,,
1298,2024-06-04,EU-West,home_appliance,11082.96,10.6,0,0,medium,0.45,0,none,0.0,,
437,2024-07-05,EU-West,home_appliance,17047.61,3.5,0,30,medium,0.74,0,none,0.0,,
491,2024-07-12,EU-North,home_appliance,15228.28,6.2,0,30,medium,0.71,0,none,0.0,,
1390,2024-06-16,EU-West,beauty,7998.29,5.2,0,30,medium,0.6,0,none,0.0,,
1277,2024-10-29,EU-West,beauty,11155.29,5.9,0,30,medium,0.51,0,none,0.0,,
70,2025-04-12,EU-East,home_appliance,2589.2,4.5,0,90,medium,0.3,0,none,0.0,,
809,2024-02-23,EU-East,home_appliance,30449.91,0.5,1,0,low,0.25,0,none,0.0,,
1185,2024-04-12,EU-West,home_appliance,4577.3,4.6,0,0,low,0.37,0,none,0.0,,
12,2025-01-16,EU-South,pet_care,16727.94,4.7,0,30,medium,0.7,0,none,0.0,,
145,2025-01-08,EU-East,beauty,16758.63,0.8,1,30,low,0.0,0,none,0.0,,
918,2025-04-22,EU-West,cleaning,12626.51,0.8,1,30,low,0.17,0,none,0.0,,
640,2024-04-30,EU-South,cleaning,8140.0,2.6,0,30,low,0.64,0,none,0.0,,
177,2025-04-12,,cleaning,12710.14,1.9,0,90,low,0.68,1,dispute,1738.47,65.0,chargeback pending
995,2025-01-20,EU-South,beauty,72526.41,4.6,0,60,low,0.19,0,none,0.0,,
441,2025-01-14,EU-South,home_appliance,15351.63,0.6,1,0,low,0.49,1,return,880.19,51.0,buyer returned partial shipment
522,2024-03-28,EU-West,home_appliance,7814.99,6.7,0,30,low,0.52,0,none,0.0,,
1378,2024-11-09,EU-South,beauty,6463.14,1.3,0,90,medium,0.55,0,none,0.0,,
1005,2025-02-08,EU-North,pet_care,2993.27,5.6,0,60,medium,0.51,0,none,0.0,,
144,2024-12-07,EU-East,home_appliance,18502.46,7.3,0,60,high,0.52,1,freight_overrun,142.02,32.0,
754,2024-02-19,EU-East,cleaning,5070.94,6.5,0,0,medium,0.5,0,none,0.0,,
520,2024-07-04,EU-South,pet_care,31288.67,1.5,0,0,low,0.61,0,none,0.0,,
823,2025-06-16,EU-West,beauty,16356.95,2.2,0,30,low,0.21,0,none,0.0,,
429,2024-08-24,EU-West,pet_care,5360.21,0.6,1,60,low,0.25,0,none,0.0,,
613,2025-03-27,EU-South,home_appliance,10357.44,4.8,0,60,high,0.52,0,none,0.0,,
1033,2024-12-29,EU-East,beauty,7276.28,0.9,1,30,high,0.29,0,none,0.0,,
157,2025-01-25,EU-West,pet_care,6225.62,1.3,0,0,medium,0.38,0,none,0.0,,
540,2024-12-22,EU-South,home_appliance,2259.81,1.1,0,30,high,0.88,0,none,0.0,,
462,2025-05-06,EU-West,pet_care,7385.04,3.3,0,60,high,0.16,0,none,0.0,,
577,2024-08-15,EU-South,beauty,21188.59,3.7,0,60,low,0.55,0,none,0.0,,
256,2024-01-29,EU-North,beauty,52741.39,1.1,0,0,low,0.44,0,none,0.0,,
980,2024-03-20,EU-West,cleaning,13513.7,1.3,0,30,high,0.34,0,none,0.0,,
1186,2024-08-21,EU-South,beauty,15773.45,7.7,0,60,medium,0.35,0,none,0.0,,
1007,2025-01-04,EU-South,beauty,70248.07,3.0,0,90,high,0.39,0,none,0.0,,
561,2024-11-06,EU-West,cleaning,7266.52,3.7,0,30,low,0.9,0,none,0.0,,
209,2024-07-04,EU-West,beauty,30334.26,2.6,0,90,low,0.57,0,none,0.0,,
911,2025-04-10,EU-North,pet_care,25775.54,5.4,0,30,high,0.57,0,none,0.0,,
2,2024-10-10,EU-East,home_appliance,26224.51,3.0,0,90,low,0.5,0,none,0.0,,
270,2024-07-01,EU-West,pet_care,20790.03,1.8,0,30,high,0.62,0,none,0.0,,
266,2025-06-22,EU-West,pet_care,3349.33,3.1,0,30,medium,0.8,0,none,0.0,,
915,2024-05-24,EU-South,beauty,17984.45,0.5,1,30,low,0.14,0,none,0.0,,
231,2024-10-10,EU-West,beauty,41026.77,0.6,1,90,medium,0.06,0,none,0.0,,
1375,2024-06-01,EU-South,cleaning,6311.01,2.8,0,30,low,0.53,0,none,0.0,,
1120,2025-01-07,EU-South,home_appliance,9968.99,1.4,0,90,high,0.06,0,none,0.0,,
1370,2024-07-12,EU-West,pet_care,24186.01,7.3,0,30,low,0.7,1,dispute,,76.0,quality complaint raised
865,2024-12-20,EU-West,beauty,3741.84,6.7,0,0,high,0.83,0,none,0.0,,
1067,2024-10-25,EU-West,pet_care,19693.45,1.2,0,60,medium,0.15,0,none,0.0,,
874,2025-06-02,EU-West,pet_care,5791.54,2.6,0,90,low,0.22,0,none,0.0,,
1246,2024-07-06,EU-West,pet_care,3799.3,1.8,0,30,medium,0.68,0,none,0.0,,
399,2024-10-03,EU-East,beauty,24005.6,3.8,0,60,medium,0.11,1,freight_overrun,529.12,9.0,carrier surcharge applied
1271,2024-07-07,EU-South,cleaning,5504.86,11.6,0,30,medium,0.55,0,none,0.0,,
46,2024-03-20,EU-South,beauty,20872.43,4.5,0,60,medium,0.23,0,none,0.0,,
162,2024-04-15,EU-South,cleaning,17430.62,14.6,0,60,low,0.26,0,none,0.0,,
992,2024-07-24,EU-North,cleaning,11765.24,8.0,0,0,medium,0.49,0,none,0.0,,
728,2024-04-18,EU-West,home_appliance,41970.66,4.5,0,30,low,0.62,0,none,0.0,,
630,2024-04-02,EU-South,beauty,8117.57,4.4,0,0,low,0.6,0,none,0.0,,
289,2024-02-26,EU-East,beauty,16564.44,5.8,0,30,medium,0.67,0,none,0.0,,
1060,2025-06-06,EU-North,beauty,4727.71,9.2,0,0,low,0.95,0,none,0.0,,
1359,2024-11-19,EU-North,cleaning,14548.48,2.6,0,30,medium,0.45,0,none,0.0,,buyer queried ETA
576,2025-04-26,EU-East,home_appliance,10902.6,1.9,0,0,low,0.57,0,none,0.0,,
851,2024-01-02,EU-West,beauty,5654.69,3.7,0,90,low,0.24,0,none,0.0,,
912,2025-02-19,EU-South,home_appliance,10261.52,7.6,0,0,low,0.66,0,none,0.0,,
1255,2024-10-05,EU-West,beauty,7994.86,2.1,0,30,low,0.59,0,none,0.0,,
1264,2024-03-24,EU-South,home_appliance,18520.86,11.4,0,0,medium,0.73,0,none,0.0,,
933,2025-04-24,EU-East,pet_care,13926.08,3.8,0,30,high,0.57,0,none,0.0,,
1101,2025-01-14,EU-West,home_appliance,7918.28,6.7,0,90,low,0.48,0,none,0.0,,
1208,2024-11-02,EU-East,home_appliance,9552.79,2.3,0,90,low,0.3,1,late_payment,282.06,38.0,
248,2024-09-02,EU-East,cleaning,7237.63,5.1,0,60,low,0.53,0,none,0.0,,
477,2024-11-30,EU-East,home_appliance,20168.63,6.0,0,30,medium,0.57,0,none,0.0,,
86,2024-02-07,EU-West,home_appliance,4808.59,3.4,0,60,low,0.62,0,none,0.0,,
470,2024-09-03,EU-East,pet_care,12385.91,2.6,0,0,medium,0.42,0,none,0.0,,
226,2025-05-23,EU-South,cleaning,5911.23,2.2,0,30,medium,0.68,0,none,0.0,,
775,2024-03-15,EU-West,beauty,6387.28,2.1,0,60,low,0.15,1,dispute,997.92,49.0,quality complaint raised
332,2025-02-11,EU-West,home_appliance,5476.8,0.7,1,60,low,0.04,0,none,0.0,,
234,2024-05-28,,cleaning,9534.65,2.6,0,60,low,0.24,0,none,0.0,,
589,2025-03-03,EU-West,pet_care,14908.3,1.7,0,60,low,0.13,0,none,0.0,,
476,2024-03-02,EU-West,cleaning,4828.9,4.5,0,30,medium,0.65,1,return,,79.0,QC reject on arrival
600,2025-05-24,EU-North,beauty,13927.13,1.9,0,30,medium,0.76,0,none,0.0,,
422,2024-01-17,EU-West,beauty,6070.8,2.5,0,0,medium,0.55,0,none,0.0,,
183,2024-06-19,EU-East,beauty,5970.61,0.3,1,30,low,0.24,0,none,0.0,,
989,2024-12-01,EU-West,cleaning,11613.49,2.1,0,30,low,0.69,0,none,0.0,,
1001,2024-11-11,EU-West,beauty,6179.05,5.8,0,30,low,0.58,0,none,0.0,,
50,2025-02-12,EU-West,home_appliance,9513.73,7.6,0,0,low,0.52,0,none,0.0,,
1305,2025-03-06,EU-South,cleaning,9682.27,1.7,0,30,low,0.32,0,none,0.0,,
1030,2024-01-17,EU-East,cleaning,13525.05,4.0,0,60,medium,0.11,1,dispute,297.05,43.0,
530,2024-12-02,EU-West,beauty,9631.07,4.4,0,30,low,0.69,0,none,0.0,,
1259,2024-03-18,EU-East,home_appliance,20093.71,5.9,0,60,medium,0.26,0,none,0.0,,
487,2024-01-10,EU-East,home_appliance,11831.93,1.4,0,60,high,0.4,0,none,0.0,,
498,2024-04-03,EU-North,home_appliance,14502.2,3.8,0,60,low,0.41,0,none,0.0,,
107,2024-10-11,EU-East,cleaning,6215.42,1.5,0,0,medium,0.95,0,none,0.0,,n/a
444,2024-02-04,EU-West,pet_care,3468.13,0.9,1,30,low,0.29,0,none,0.0,,
647,2025-06-08,EU-West,beauty,9400.94,8.2,0,90,high,0.5,1,freight_overrun,,72.0,
1037,2024-03-28,EU-West,beauty,21233.39,1.7,0,30,low,0.72,0,none,0.0,,
727,2024-05-02,EU-West,home_appliance,13960.91,7.2,0,30,low,0.44,0,none,0.0,,
191,2024-03-01,EU-South,home_appliance,3845.68,1.7,0,30,low,0.65,0,none,0.0,,"minor delay, no cost"
283,2024-07-20,EU-West,cleaning,4197.42,2.9,0,0,high,0.77,0,none,0.0,,
30,2024-01-04,EU-North,beauty,33753.97,1.6,0,60,low,0.43,0,none,0.0,,
170,2024-02-18,EU-South,beauty,10036.93,1.7,0,30,medium,0.73,0,none,0.0,,
1002,2024-07-23,EU-East,cleaning,7102.08,7.9,0,30,medium,0.8,0,none,0.0,,
1205,2024-06-26,EU-West,home_appliance,5505.61,2.8,0,30,medium,0.52,0,none,0.0,,
101,2025-03-19,EU-South,cleaning,22866.72,5.1,0,30,low,0.49,0,none,0.0,,
198,2024-09-13,EU-South,home_appliance,1454.37,1.1,0,0,low,0.48,0,none,0.0,,
496,2024-12-03,EU-East,home_appliance,18193.74,5.9,0,60,low,0.45,0,none,0.0,,
648,2025-03-11,EU-East,beauty,13336.86,5.2,0,0,low,0.78,0,none,0.0,,
988,2024-11-15,EU-West,home_appliance,26131.45,2.6,0,0,low,0.61,0,none,0.0,,
45,2024-05-03,EU-South,home_appliance,14055.37,1.9,0,30,medium,0.25,0,none,0.0,,
711,2024-03-05,EU-South,beauty,6789.89,5.1,0,30,low,0.69,0,none,0.0,,
374,2024-08-28,EU-West,pet_care,23175.19,1.1,0,30,medium,0.53,0,none,0.0,,
679,2024-08-22,,home_appliance,10727.78,6.2,0,60,medium,0.29,0,none,0.0,,buyer queried ETA
567,2025-06-13,EU-North,cleaning,85987.61,4.8,0,30,low,0.64,0,none,0.0,,
848,2024-09-10,EU-North,cleaning,41053.69,4.1,0,30,high,0.75,0,none,0.0,,
461,2025-03-28,EU-East,beauty,20278.77,1.3,0,90,medium,0.54,0,none,0.0,,
1156,2024-02-22,EU-West,cleaning,4724.69,5.2,0,60,low,0.16,0,none,0.0,,
40,2024-05-28,EU-North,pet_care,7153.38,3.5,0,60,medium,0.28,0,none,0.0,,
435,2025-04-15,,home_appliance,19607.47,4.6,0,90,medium,0.17,0,none,0.0,,
974,2024-05-24,EU-South,home_appliance,15799.58,5.8,0,0,high,0.71,0,none,0.0,,buyer queried ETA
1240,2024-05-23,EU-West,home_appliance,8285.93,3.2,0,0,medium,0.5,0,none,0.0,,
1008,2025-02-21,EU-West,home_appliance,7656.61,9.8,0,30,high,0.44,0,none,0.0,,
457,2024-06-22,EU-South,home_appliance,9126.5,1.2,0,60,low,0.08,0,none,0.0,,
261,2024-02-09,,home_appliance,17564.12,1.6,0,90,low,0.26,0,none,0.0,,
36,2024-07-22,EU-West,pet_care,8825.19,6.2,0,60,low,0.36,0,none,0.0,,
828,2025-04-12,EU-West,home_appliance,32004.01,3.6,0,0,low,0.54,0,none,0.0,,
310,2024-01-31,EU-West,home_appliance,14271.08,3.1,0,30,medium,0.42,0,none,0.0,,
277,2024-05-15,EU-West,cleaning,19753.25,4.4,0,60,low,0.26,0,none,0.0,,
637,2024-04-18,EU-North,pet_care,9839.93,4.6,0,30,medium,0.53,0,none,0.0,,
655,2024-04-21,EU-South,home_appliance,5670.46,0.8,1,30,medium,0.18,1,freight_overrun,240.16,58.0,carrier surcharge applied
623,2024-05-14,EU-South,home_appliance,9517.03,10.4,0,30,medium,0.66,1,dispute,4111.51,69.0,quality complaint raised
845,2024-05-16,EU-West,beauty,10455.83,11.0,0,0,medium,0.88,1,return,304.15,49.0,buyer returned partial shipment
394,2025-04-21,EU-North,cleaning,6193.3,4.3,0,0,medium,0.39,0,none,0.0,,
108,2024-01-13,EU-West,beauty,4761.49,4.5,0,60,medium,0.38,0,none,0.0,,
350,2024-07-09,EU-West,beauty,5251.37,8.8,0,0,low,0.69,0,none,0.0,,
525,2024-01-05,EU-West,home_appliance,12473.52,12.0,0,30,high,0.4,0,none,0.0,,
785,2025-04-22,EU-South,beauty,7953.86,10.5,0,0,low,0.5,0,none,0.0,,
48,2024-09-05,EU-West,beauty,10573.74,7.3,0,60,medium,0.44,0,none,0.0,,
204,2024-09-26,,pet_care,23995.27,4.2,0,30,medium,0.76,0,none,0.0,,
22,2024-04-03,EU-West,beauty,18221.96,1.7,0,30,medium,0.64,0,none,0.0,,
403,2024-06-10,EU-North,home_appliance,8669.17,5.4,0,30,medium,0.62,0,none,0.0,,
1108,2024-04-22,EU-West,pet_care,1931.55,5.2,0,60,low,0.36,1,dispute,890.17,100.0,quality complaint raised
1155,2025-05-26,EU-East,home_appliance,1924.03,5.8,0,90,medium,0.3,1,freight_overrun,,44.0,
990,2024-09-16,EU-North,home_appliance,15408.33,4.2,0,30,high,0.43,0,none,0.0,,
742,2024-05-22,EU-West,beauty,10025.39,3.1,0,30,low,0.7,0,none,0.0,,
1311,2024-10-05,EU-West,pet_care,8743.72,3.2,0,0,high,0.8,0,none,0.0,,
1148,2024-02-07,EU-South,home_appliance,10293.83,3.2,0,60,low,0.23,0,none,0.0,,
34,2024-04-12,EU-West,home_appliance,14819.45,12.4,0,60,low,0.4,0,none,0.0,,
788,2025-02-03,,beauty,29665.63,4.0,0,30,low,0.51,0,none,0.0,,
924,2024-02-12,EU-East,home_appliance,13117.58,4.6,0,30,medium,0.73,0,none,0.0,,
1044,2024-10-28,EU-North,beauty,2706.21,6.6,0,30,medium,0.34,0,none,0.0,,
1345,2024-08-17,EU-South,beauty,10451.49,13.8,0,90,low,0.44,0,none,0.0,,
1244,2024-01-18,EU-West,pet_care,8275.48,3.0,0,60,low,0.5,1,default,,71.0,non-payment - escalated
580,2025-05-31,EU-West,home_appliance,6191.94,1.4,0,30,medium,0.63,0,none,0.0,,
482,2024-12-22,EU-West,cleaning,19955.97,0.8,1,30,high,0.22,0,none,0.0,,
932,2024-09-01,EU-West,beauty,10892.3,2.9,0,0,medium,0.88,0,none,0.0,,
357,2024-02-01,EU-North,home_appliance,35537.6,0.4,1,0,low,0.02,0,none,0.0,,
1249,2025-06-21,EU-South,cleaning,4506.25,4.3,0,0,medium,0.68,0,none,0.0,,
760,2024-11-11,EU-East,home_appliance,21068.22,2.4,0,30,high,0.28,0,none,0.0,,
93,2024-11-11,EU-East,cleaning,5215.25,1.4,0,30,low,0.83,0,none,0.0,,
1176,2024-03-03,EU-North,cleaning,3927.29,2.8,0,0,low,0.55,0,none,0.0,,
1342,2024-02-15,EU-South,pet_care,6925.85,2.1,0,90,low,0.28,0,none,0.0,,
804,2024-04-25,EU-East,home_appliance,12662.52,7.3,0,30,low,0.47,0,none,0.0,,
746,2024-12-03,EU-East,pet_care,24761.07,1.9,0,30,medium,0.57,0,none,0.0,,
280,2024-06-09,EU-South,beauty,20744.42,2.0,0,0,low,0.69,0,none,0.0,,
765,2024-06-06,EU-South,pet_care,15445.77,4.5,0,0,medium,0.66,0,none,0.0,,
605,2025-06-14,EU-South,home_appliance,32250.45,4.2,0,0,low,0.77,0,none,0.0,,
1383,2024-01-01,EU-East,cleaning,6298.6,2.4,0,90,medium,0.13,0,none,0.0,,
401,2024-07-21,EU-West,cleaning,14417.58,7.5,0,30,low,0.61,0,none,0.0,,
258,2024-12-08,EU-West,pet_care,5787.62,2.0,0,0,medium,0.52,1,return,561.79,128.0,QC reject on arrival
945,2025-01-22,EU-East,cleaning,10891.54,6.7,0,60,medium,0.33,0,none,0.0,,
1097,2024-03-30,EU-West,beauty,26950.83,0.9,1,30,high,0.32,0,none,0.0,,
1220,2024-09-25,,pet_care,19697.91,1.8,0,60,medium,0.23,1,late_payment,,43.0,remittance overdue
1162,2025-05-27,EU-North,cleaning,12391.08,2.6,0,30,low,0.52,0,none,0.0,,
495,2025-01-26,EU-North,home_appliance,4662.46,9.6,0,30,low,0.44,0,none,0.0,,
773,2025-01-08,EU-East,beauty,14150.36,4.2,0,0,high,0.73,0,none,0.0,,
551,2025-01-11,EU-East,pet_care,7448.04,4.4,0,30,medium,0.52,0,none,0.0,,
202,2024-08-07,EU-South,home_appliance,5851.73,0.8,1,30,medium,0.13,0,none,0.0,,
313,2024-09-14,EU-West,pet_care,19872.68,1.3,0,0,low,0.56,0,none,0.0,,
291,2024-03-25,EU-South,cleaning,5493.58,5.6,0,60,low,0.46,0,none,0.0,,
1214,2024-03-03,EU-West,cleaning,52507.05,2.3,0,0,low,0.4,1,freight_overrun,407.75,35.0,extra freight billed
764,2024-01-20,EU-West,beauty,24971.62,0.7,1,30,high,0.1,0,none,0.0,,
1137,2024-02-04,EU-East,cleaning,4043.65,1.4,0,0,low,0.51,0,none,0.0,,
950,2024-02-17,EU-West,home_appliance,13349.53,3.6,0,60,medium,0.38,0,none,0.0,,
184,2025-06-13,EU-West,home_appliance,11579.63,2.2,0,60,low,0.31,1,dispute,1897.31,146.0,buyer disputes invoice
1177,2024-02-14,EU-East,cleaning,2067.62,2.5,0,0,low,0.68,0,none,0.0,,
1350,2025-01-20,EU-West,home_appliance,2976.86,6.3,0,60,medium,0.51,0,none,0.0,,
1069,2024-03-15,EU-West,beauty,5529.03,2.6,0,30,medium,0.88,1,freight_overrun,,65.0,
1031,2024-10-10,EU-East,pet_care,18944.75,10.0,0,30,low,0.48,0,none,0.0,,
251,2024-04-03,EU-North,home_appliance,11560.95,4.4,0,60,low,0.37,0,none,0.0,,
824,2025-02-04,EU-North,home_appliance,10714.57,3.1,0,0,low,0.34,0,none,0.0,,
1100,2025-03-12,EU-West,beauty,8985.5,3.0,0,30,high,0.73,0,none,0.0,,
941,2024-03-31,EU-West,home_appliance,6118.94,2.9,0,60,low,0.44,0,none,0.0,,
392,2024-08-01,EU-West,home_appliance,12820.42,2.2,0,30,low,0.57,0,none,0.0,,
1093,2025-02-26,EU-West,home_appliance,5027.9,3.5,0,90,low,0.4,1,freight_overrun,310.85,129.0,
1192,2025-06-15,EU-West,pet_care,5832.04,4.5,0,60,low,0.4,0,none,0.0,,
905,2024-04-29,EU-South,beauty,9290.77,4.9,0,30,high,0.58,0,none,0.0,,
731,2025-06-13,EU-West,home_appliance,26762.4,8.9,0,30,high,0.53,0,none,0.0,,
555,2024-02-18,EU-West,pet_care,7000.07,11.9,0,90,medium,0.36,0,none,0.0,,
367,2025-02-05,EU-North,pet_care,9419.14,0.8,1,30,low,0.17,0,none,0.0,,
346,2024-08-08,EU-North,cleaning,6865.82,3.8,0,90,medium,0.44,0,none,0.0,,
536,2024-05-12,EU-West,home_appliance,7600.47,6.4,0,60,low,0.54,0,none,0.0,,
1210,2025-03-01,EU-East,beauty,2492.37,3.3,0,30,medium,0.63,1,late_payment,86.87,33.0,
1373,2024-11-19,EU-East,pet_care,14634.54,2.2,0,0,low,0.78,0,none,0.0,,
920,2024-01-22,EU-East,pet_care,37827.98,9.4,0,90,medium,0.17,0,none,0.0,,
212,2025-04-03,EU-East,cleaning,22437.5,1.9,0,0,medium,0.64,0,none,0.0,,
503,2025-04-01,EU-South,pet_care,21580.85,1.5,0,60,medium,0.38,0,none,0.0,,
538,2024-01-30,EU-West,cleaning,4481.04,2.8,0,0,low,0.45,0,none,0.0,,
1221,2025-05-12,EU-West,pet_care,6372.44,8.8,0,30,high,0.71,0,none,0.0,,
176,2024-02-07,EU-West,home_appliance,2070.35,4.0,0,90,low,0.48,0,none,0.0,,
