order_id,ship_date,buyer_region,product_category,order_value_usd,buyer_tenure_yrs,new_buyer,payment_terms_days,route_risk_flag,rep_confidence_score,loss_recorded,loss_type,loss_amount_usd,days_to_loss_recorded,notes,days_observed,observation_window,loss_amount_reported,loss_amount_usd_imputed,route_risk_ordinal,pred_loss_proba,pred_severity_if_loss,expected_loss,risk_adjusted_value
18,2025-01-17,EU-West,beauty,4279.91,5.2,0,30,medium,0.86,0,none,0.0,,,157,120-164d,1,0.0,1,0.10710524088455343,473.75152520223367,50.741271226209825,4229.1687287737905
99,2025-05-26,EU-West,home_appliance,14589.12,10.7,0,0,medium,0.49,1,dispute,759.7,79.0,quality complaint raised,28,<30d,1,759.7,1,0.7486742164574398,890.4746730172833,666.6754280964095,13922.444571903592
790,2024-01-10,EU-North,pet_care,3918.59,2.7,0,90,medium,0.32,1,return,907.74,29.0,,530,164d+,1,907.74,1,0.7690468054698505,816.2842492156675,627.7607942146644,3290.829205785336
631,2024-03-15,EU-South,home_appliance,12236.41,7.3,0,30,low,0.39,0,none,0.0,,,465,164d+,1,0.0,0,0.4743488051218482,816.2281855637215,387.1768645289255,11849.233135471075
811,2025-04-14,EU-West,pet_care,5810.34,5.1,0,30,low,0.75,0,none,0.0,,,70,60-90d,1,0.0,0,0.18356381739671077,492.56615300397414,90.4173233658218,5719.922676634178
102,2024-03-04,EU-North,pet_care,10433.53,3.7,0,30,low,0.51,1,dispute,4822.01,33.0,buyer disputes invoice,476,164d+,1,4822.01,0,0.3244573544391404,977.232891416769,317.07039861999664,10116.459601380004
903,2025-05-16,EU-West,beauty,3330.62,3.1,0,60,low,0.54,0,none,0.0,,,38,30-60d,1,0.0,0,0.6131770777598734,652.7125784722759,400.2283914847422,2930.3916085152578
1251,2024-11-18,EU-West,pet_care,22871.33,3.5,0,0,low,0.87,0,none,0.0,,,217,164d+,1,0.0,0,0.20040680499741909,469.61984804456665,94.11501330998504,22777.214986690018
722,2024-05-20,EU-East,home_appliance,16992.85,1.7,0,90,low,0.51,0,none,0.0,,,399,164d+,1,0.0,0,0.3749570810652279,587.0940204242855,220.1350602091394,16772.714939790858
446,2024-11-17,EU-North,cleaning,14697.64,2.4,0,60,low,0.44,0,none,0.0,,,218,164d+,1,0.0,0,0.4887452904308277,821.3529060338142,401.43236460570085,14296.2076353943
1153,2025-01-08,EU-West,cleaning,4226.58,4.3,0,0,medium,0.55,0,none,0.0,,,166,164d+,1,0.0,1,0.23419075162594716,678.7385329337116,158.9542871852386,4067.6257128147613
1322,2024-06-11,EU-East,pet_care,9238.25,1.7,0,0,medium,0.45,0,none,0.0,,,377,164d+,1,0.0,1,0.42828615659098335,569.1709113163429,243.76802205106392,8994.481977948935
1357,2025-02-27,EU-East,pet_care,14564.88,2.6,0,30,low,0.45,0,none,0.0,,,116,90-120d,1,0.0,0,0.2655895877593647,563.8199120539053,149.74469801291798,14415.13530198708
1003,2025-06-10,EU-West,cleaning,3257.63,3.0,0,30,low,0.65,0,none,0.0,,,13,<30d,1,0.0,0,0.560971689643295,458.5538076837698,257.2357042887309,3000.394295711269
301,2024-09-29,EU-North,pet_care,5517.08,4.0,0,0,high,0.79,0,none,0.0,,,267,164d+,1,0.0,2,0.10648002890899362,442.69038117882275,47.137684585654455,5469.942315414345
611,2024-07-22,EU-East,home_appliance,14436.47,3.1,0,30,high,0.5,1,return,522.21,87.0,,336,164d+,1,522.21,2,0.7656561114746792,604.7459325876869,463.0274191752168,13973.442580824783
829,2024-12-28,EU-South,home_appliance,16352.63,8.0,0,0,medium,0.57,0,none,0.0,,,177,164d+,1,0.0,1,0.566875144048999,1129.3732220070308,640.2136079103177,15712.41639208968
1138,2025-06-21,EU-East,beauty,13111.23,0.9,1,0,low,0.41,1,freight_overrun,336.14,95.0,,2,<30d,1,336.14,0,0.6012036504584407,550.3780408593227,330.88928729678963,12780.34071270321
741,2024-09-17,EU-West,pet_care,21951.04,5.2,0,60,medium,0.24,0,none,0.0,,,279,164d+,1,0.0,1,0.34642840882115367,551.1332263946483,190.92820666836667,21760.111793331635
1073,2024-11-08,EU-East,cleaning,11935.57,4.4,0,60,low,0.4,0,none,0.0,,,227,164d+,1,0.0,0,0.4520362583186558,553.5845319172189,250.2402804709441,11685.329719529056
345,2025-05-10,EU-North,cleaning,11621.62,3.3,0,30,medium,0.69,0,none,0.0,,,44,30-60d,1,0.0,1,0.45436893564722625,864.3595886475407,392.7381463102574,11228.881853689743
978,2025-03-22,Unknown,cleaning,5418.22,1.6,0,90,medium,0.45,0,none,0.0,,,93,90-120d,1,0.0,1,0.5283199041027498,376.7520128524757,199.04558730073788,5219.174412699263
100,2025-05-17,EU-South,cleaning,11631.48,9.0,0,0,low,0.51,0,none,0.0,,,37,30-60d,1,0.0,0,0.11065487211905817,1065.9558796448966,117.95321154666419,11513.526788453335
114,2024-04-29,EU-East,cleaning,26947.43,4.3,0,30,low,0.63,1,return,,35.0,,420,164d+,0,658.67,0,0.4703520694882795,737.0651076018478,346.6800987081305,26600.74990129187
833,2025-03-27,Unknown,home_appliance,16448.6,4.9,0,30,low,0.79,0,none,0.0,,,88,60-90d,1,0.0,0,0.060305245494788544,472.8169777363703,28.51334391649578,16420.086656083502
1052,2025-01-17,EU-West,cleaning,7009.29,1.9,0,30,medium,0.57,0,none,0.0,,,157,120-164d,1,0.0,1,0.5110719958399961,904.5953320100062,462.3133417578978,6546.9766582421025
64,2025-02-11,EU-North,home_appliance,19513.53,4.1,0,60,medium,0.54,0,none,0.0,,,132,120-164d,1,0.0,1,0.4874989718291025,840.240225716087,409.61624612604544,19103.913753873952
14,2024-02-03,EU-South,pet_care,7513.48,0.9,1,90,high,0.02,1,late_payment,269.98,31.0,paid 40 days late,506,164d+,1,269.98,2,0.6686352957475844,758.5350080685047,507.183279454781,7006.296720545219
573,2024-07-13,EU-East,cleaning,6944.34,5.6,0,60,low,0.48,0,none,0.0,,,345,164d+,1,0.0,0,0.16696143939947947,575.882896319787,96.15023729509284,6848.1897627049075
173,2025-05-12,EU-West,beauty,7048.06,2.2,0,0,medium,0.29,1,freight_overrun,306.66,29.0,,42,30-60d,1,306.66,1,0.8106123739454103,684.7629654638051,555.0773330245141,6492.982666975487
1257,2025-06-05,EU-North,beauty,15083.05,1.7,0,90,medium,0.42,0,none,0.0,,,18,<30d,1,0.0,1,0.3798984204376543,775.6685386141543,294.6752526027009,14788.374747397298
1398,2024-08-16,EU-South,beauty,6461.57,0.9,1,30,medium,0.43,0,none,0.0,,,311,164d+,1,0.0,1,0.5100027685284059,663.8371754080792,338.5587973101974,6123.011202689802
112,2024-07-19,EU-West,home_appliance,19598.12,6.0,0,0,high,0.64,0,none,0.0,,,339,164d+,1,0.0,2,0.6076468398470514,592.0775517158239,359.77405324449956,19238.3459467555
1193,2025-04-11,EU-South,cleaning,4724.96,0.4,1,30,low,0.34,0,none,0.0,,,73,60-90d,1,0.0,0,0.6320340173234443,514.9472582688725,325.4641843533687,4399.495815646631
1068,2025-03-31,EU-North,beauty,1575.61,2.1,0,30,low,0.83,0,none,0.0,,,84,60-90d,1,0.0,0,0.321608503696475,85.96365606541534,27.64664279947663,1547.9633572005232
35,2024-01-17,EU-East,home_appliance,8341.26,2.7,0,0,high,0.98,0,none,0.0,,,523,164d+,1,0.0,2,0.6469966644958115,473.66075091822523,306.4569259466731,8034.803074053327
1071,2025-01-15,EU-South,beauty,9235.37,4.6,0,30,low,0.69,0,none,0.0,,,159,120-164d,1,0.0,0,0.14558886592163542,943.6436664498516,137.3840112325679,9097.985988767432
1032,2025-06-15,EU-North,cleaning,16735.65,2.9,0,30,high,0.63,0,none,0.0,,,8,<30d,1,0.0,2,0.6480693704392421,679.7703580654661,440.53834799474475,16295.111652005256
961,2025-04-06,EU-East,pet_care,4705.88,6.0,0,90,low,0.55,0,none,0.0,,,78,60-90d,1,0.0,0,0.1917836977228077,645.141087873504,123.72754338529542,4582.1524566147045
531,2025-05-29,EU-North,cleaning,7949.55,4.0,0,30,low,0.62,0,none,0.0,,,25,<30d,1,0.0,0,0.272883761147166,682.7338808331153,186.30698926434155,7763.243010735659
1188,2024-11-06,EU-South,home_appliance,18432.12,3.8,0,60,low,0.7,0,none,0.0,,,229,164d+,1,0.0,0,0.4266636066016723,853.3302331604099,364.0849549024664,18068.03504509753
514,2025-05-13,EU-West,beauty,9592.02,3.5,0,0,high,0.74,0,none,0.0,,,41,30-60d,1,0.0,2,0.5303966917943742,475.15181568905524,252.01895114156514,9340.001048858436
111,2024-08-23,EU-East,home_appliance,17160.05,1.3,0,0,medium,0.59,1,freight_overrun,,32.0,extra freight billed,304,164d+,0,423.64,1,0.5981337493672961,450.1116426631675,269.226964459993,16890.823035540005
1355,2024-08-15,EU-South,pet_care,5792.11,5.6,0,60,high,0.4,0,none,0.0,,,312,164d+,1,0.0,2,0.4352446315499753,1121.3238273231086,488.05017607145453,5304.0598239285455
263,2024-07-11,EU-West,cleaning,23725.74,2.8,0,60,high,0.26,0,none,0.0,,,347,164d+,1,0.0,2,0.5593636692392681,578.9593803239339,323.8488433184886,23401.89115668151
622,2024-04-23,EU-East,home_appliance,11113.64,10.6,0,60,low,0.44,0,none,0.0,,,426,164d+,1,0.0,0,0.13620134224957473,554.7961182003995,75.56397597374813,11038.076024026252
502,2024-02-04,EU-South,home_appliance,4419.95,4.1,0,60,low,0.5,1,dispute,1715.23,46.0,quality complaint raised,505,164d+,1,1715.23,0,0.592089681158603,867.7265767782369,513.7719521774724,3906.1780478225273
362,2025-01-20,EU-West,home_appliance,14971.81,6.2,0,0,medium,0.4,0,none,0.0,,,154,120-164d,1,0.0,1,0.45882934640880035,684.0112118677105,313.8444172775531,14657.965582722447
1323,2024-11-15,EU-West,beauty,11748.23,1.1,0,0,low,0.41,0,none,0.0,,,220,164d+,1,0.0,0,0.1635115543577456,754.7139884325353,123.40445734413747,11624.825542655863
507,2025-01-21,EU-West,beauty,13899.19,2.0,0,60,medium,0.48,0,none,0.0,,,153,120-164d,1,0.0,1,0.3812755736389398,724.2991617532649,276.1575783836793,13623.03242161632
1238,2024-10-28,EU-East,home_appliance,12176.59,3.0,0,30,medium,0.69,1,freight_overrun,238.99,164.0,container reweigh cost,238,164d+,1,238.99,1,0.5534155728642275,532.5215081990254,294.7056955224861,11881.884304477515
1239,2024-04-16,EU-West,pet_care,12319.01,5.2,0,0,high,0.57,1,freight_overrun,510.82,56.0,extra freight billed,433,164d+,1,510.82,2,0.6249972432649252,781.681629074297,488.54886328227144,11830.46113671773
398,2024-09-14,EU-West,home_appliance,4503.23,2.5,0,90,low,0.45,0,none,0.0,,,282,164d+,1,0.0,0,0.2634590476817947,661.117356132452,174.17734905256168,4329.0526509474375
16,2024-07-28,EU-West,cleaning,10718.35,1.3,0,30,low,0.58,0,none,0.0,,,330,164d+,1,0.0,0,0.24934892703532222,671.7080787996052,167.48968872963923,10550.86031127036
1080,2024-10-11,EU-West,pet_care,11252.43,4.1,0,30,medium,0.45,1,return,258.13,110.0,,255,164d+,1,258.13,1,0.3847515126605834,716.4508195891862,275.6555365838541,10976.774463416146
1276,2024-08-05,EU-West,beauty,33056.75,2.7,0,0,medium,0.81,0,none,0.0,,,322,164d+,1,0.0,1,0.07797348270131485,163.48190929465093,12.747253826364387,33044.00274617364
142,2024-02-08,EU-East,home_appliance,13062.31,7.7,0,30,low,0.65,0,none,0.0,,,501,164d+,1,0.0,0,0.3502704172862946,508.0864217425953,177.96764296127913,12884.34235703872
1317,2024-05-20,EU-East,beauty,14771.68,10.9,0,30,low,0.61,0,none,0.0,,,399,164d+,1,0.0,0,0.17039356477177353,440.46416533027457,75.0522592848493,14696.62774071515
753,2025-03-02,EU-West,cleaning,4235.86,4.5,0,0,low,0.45,0,none,0.0,,,113,90-120d,1,0.0,0,0.0589783539544116,582.901054098844,34.37854468904125,4201.481455310958
494,2025-02-22,EU-West,home_appliance,28478.64,3.4,0,30,low,0.54,0,none,0.0,,,121,120-164d,1,0.0,0,0.4887692020132787,1022.2123077347867,499.6258939396838,27979.014106060316
751,2025-04-21,EU-West,cleaning,10537.09,5.4,0,60,low,0.41,0,none,0.0,,,63,60-90d,1,0.0,0,0.24945560391607252,730.5617732727306,182.24272834974587,10354.847271650255
1049,2024-07-22,EU-South,beauty,7859.09,3.4,0,0,medium,0.71,0,none,0.0,,,336,164d+,1,0.0,1,0.49018734798415015,749.7400190607231,367.513071620962,7491.576928379038
789,2024-08-15,EU-North,home_appliance,12955.9,2.0,0,0,high,0.29,0,none,0.0,,,312,164d+,1,0.0,2,0.6873143177664377,728.1279856618717,500.45278971183984,12455.44721028816
641,2025-03-28,EU-North,home_appliance,5036.62,1.0,0,60,low,0.61,0,none,0.0,,,87,60-90d,1,0.0,0,0.6047804164350142,473.7955431445635,286.5422658880229,4750.077734111977
390,2024-07-19,EU-South,home_appliance,13213.89,12.3,0,60,low,0.47,0,none,0.0,,buyer queried ETA,339,164d+,1,0.0,0,0.19710227821408785,835.5810449066557,164.69492758360988,13049.195072416389
669,2025-06-14,EU-West,home_appliance,16264.88,5.2,0,60,low,0.59,0,none,0.0,,,9,<30d,1,0.0,0,0.3956166968113943,727.6589371965199,287.874025138977,15977.005974861022
1160,2024-02-27,EU-North,home_appliance,34669.96,2.3,0,60,high,0.45,0,none,0.0,,,482,164d+,1,0.0,2,0.35149712432403935,450.0153262542395,158.17909308010954,34511.78090691989
661,2024-03-01,EU-West,pet_care,2695.21,5.6,0,60,low,0.48,0,none,0.0,,,479,164d+,1,0.0,0,0.2667949221772439,294.03886400290327,78.44807583873977,2616.76192416126
901,2025-02-16,EU-East,pet_care,11685.88,16.4,0,30,medium,0.51,0,none,0.0,,,127,120-164d,1,0.0,1,0.37301532213215033,406.1133770226991,151.48651215229754,11534.393487847701
1319,2024-10-19,EU-North,home_appliance,18143.58,4.9,0,0,low,0.62,0,none,0.0,,,247,164d+,1,0.0,0,0.2857269035164038,713.5256222401799,203.87346662230186,17939.7065333777
752,2025-01-16,EU-West,home_appliance,8382.64,2.2,0,30,high,0.87,1,freight_overrun,591.4,70.0,,158,120-164d,1,591.4,2,0.7276712009175872,615.7638385644614,448.0736118898249,7934.566388110175
650,2025-03-02,EU-West,home_appliance,6971.37,6.4,0,30,low,0.48,0,none,0.0,,,113,90-120d,1,0.0,0,0.09856133162596774,681.4739348146959,67.16697848372436,6904.203021516276
562,2025-05-29,EU-West,beauty,11004.71,2.8,0,90,low,0.45,0,none,0.0,,,25,<30d,1,0.0,0,0.27908124916302074,813.5053668883669,227.03409399202692,10777.675906007973
433,2024-10-17,Unknown,beauty,20846.61,0.7,1,30,low,0.22,0,none,0.0,,,249,164d+,1,0.0,0,0.3656330135169422,729.5701376346655,266.75492799533305,20579.855072004666
1231,2024-02-10,EU-West,home_appliance,6421.21,5.8,0,60,medium,0.59,0,none,0.0,,,499,164d+,1,0.0,1,0.40749662381114854,742.5291018046356,302.57810206691363,6118.631897933086
841,2024-09-28,EU-West,home_appliance,14622.3,5.5,0,90,low,0.36,0,none,0.0,,,268,164d+,1,0.0,0,0.5415782900214449,728.1467115658212,394.3484509345557,14227.951549065443
620,2024-10-02,EU-West,beauty,6856.21,2.6,0,30,low,0.56,0,none,0.0,,,264,164d+,1,0.0,0,0.23494518044584622,908.629729695829,213.47817580184704,6642.731824198153
281,2025-06-07,EU-West,cleaning,12900.84,1.9,0,0,medium,0.22,0,none,0.0,,,16,<30d,1,0.0,1,0.6451300425604405,683.1111396355681,440.69551858660503,12460.144481413396
253,2024-04-03,EU-East,home_appliance,15498.68,1.3,0,60,low,0.66,0,none,0.0,,,446,164d+,1,0.0,0,0.30249560251005625,515.564910786127,155.9561183212929,15342.723881678707
721,2024-11-18,EU-East,home_appliance,8438.54,4.6,0,0,low,0.83,0,none,0.0,,,217,164d+,1,0.0,0,0.1021048901077187,368.91585881206277,37.66811322300033,8400.871886777
947,2025-06-20,EU-North,pet_care,4745.16,3.1,0,30,low,0.65,0,none,0.0,,,3,<30d,1,0.0,0,0.3064505808890327,726.568673249132,222.6573919729703,4522.50260802703
830,2025-02-26,EU-West,cleaning,4301.67,2.7,0,0,medium,0.47,0,none,0.0,,,117,90-120d,1,0.0,1,0.5277672033774341,617.7611064099173,326.0340514853115,3975.6359485146886
636,2024-02-16,EU-West,cleaning,6576.64,4.1,0,60,low,0.34,0,none,0.0,,,493,164d+,1,0.0,0,0.48372892462467365,722.2240174862053,349.3606473167136,6227.279352683287
759,2025-04-21,EU-West,beauty,19978.93,4.4,0,0,high,0.64,0,none,0.0,,,63,60-90d,1,0.0,2,0.36919213006470225,543.4690665895058,200.64450231845515,19778.285497681543
373,2025-04-26,EU-West,cleaning,11667.75,12.6,0,90,high,0.2,0,none,0.0,,,58,30-60d,1,0.0,2,0.4782173740917487,486.15987201104485,232.4900973819025,11435.259902618098
180,2025-01-22,EU-North,pet_care,35655.83,1.5,0,30,low,0.56,0,none,0.0,,,152,120-164d,1,0.0,0,0.11038092601414105,704.6582782822456,77.78083328032457,35578.04916671968
1105,2024-07-08,EU-West,home_appliance,12176.01,4.4,0,30,low,0.68,0,none,0.0,,,350,164d+,1,0.0,0,0.23172389962481013,743.0088564382212,172.17290966963532,12003.837090330366
119,2025-06-19,EU-East,home_appliance,9483.3,0.7,1,30,high,0.52,0,none,0.0,,,4,<30d,1,0.0,2,0.6584294753364189,591.1008745733614,389.1982387162367,9094.101761283762
1348,2024-07-11,EU-West,home_appliance,9761.19,2.4,0,90,medium,0.47,0,none,0.0,,,347,164d+,1,0.0,1,0.4693911915246511,730.5566815842304,342.916871245117,9418.273128754883
448,2025-01-09,EU-North,cleaning,3798.8,6.2,0,30,medium,0.72,0,none,0.0,,,165,164d+,1,0.0,1,0.16635339198469515,394.2125077649678,65.57858782949538,3733.2214121705047
52,2024-09-21,EU-West,cleaning,7225.43,3.1,0,30,low,0.52,0,none,0.0,,,275,164d+,1,0.0,0,0.33779953662906204,813.5053956959192,274.8017457113233,6950.6282542886765
849,2024-09-07,EU-West,beauty,4834.08,4.6,0,30,medium,0.68,0,none,0.0,,,289,164d+,1,0.0,1,0.5949868695593805,594.2762927686106,353.5865910877495,4480.493408912251
772,2024-05-24,EU-East,home_appliance,4790.37,6.6,0,30,high,0.65,0,none,0.0,,,395,164d+,1,0.0,2,0.14971749358495454,634.0895301058241,94.93429515590556,4695.435704844094
926,2024-09-21,EU-West,pet_care,12336.56,8.0,0,0,medium,0.85,0,none,0.0,,,275,164d+,1,0.0,1,0.08043275423844391,516.7157892859743,41.56087409076234,12294.999125909237
799,2024-02-02,EU-North,home_appliance,19077.52,6.8,0,60,high,0.4,1,return,688.46,39.0,,507,164d+,1,688.46,2,0.7114941996935273,720.4095132745067,512.5671900988488,18564.95280990115
1099,2025-04-03,EU-South,pet_care,14834.46,4.1,0,30,medium,0.52,0,none,0.0,,,81,60-90d,1,0.0,1,0.5281128583102382,943.713745683821,498.387363659744,14336.072636340255
1320,2025-03-06,EU-South,beauty,16308.18,3.4,0,90,low,0.14,0,none,0.0,,,109,90-120d,1,0.0,0,0.4054676838828063,679.8306526035577,275.64936014370124,16032.530639856299
929,2024-10-03,EU-East,beauty,9963.53,1.7,0,30,medium,0.47,0,none,0.0,,,263,164d+,1,0.0,1,0.4017424314891921,573.341414996204,230.33557413402892,9733.194425865971
355,2025-03-22,EU-East,home_appliance,19075.57,1.2,0,90,medium,0.64,0,none,0.0,,,93,90-120d,1,0.0,1,0.4295438230602805,401.7069462215885,172.55073742989163,18903.01926257011
700,2024-01-17,EU-West,home_appliance,10616.01,5.4,0,90,low,0.42,0,none,0.0,,,523,164d+,1,0.0,0,0.23352295230148434,734.4374261397594,171.50799603285995,10444.50200396714
931,2024-08-12,EU-West,beauty,2939.31,0.2,1,60,low,0.0,1,freight_overrun,,114.0,,315,164d+,0,423.64,0,0.8622891292773828,396.5670611463235,341.9554658559539,2597.354534144046
975,2024-05-17,EU-West,beauty,8928.9,3.5,0,30,medium,0.7,0,none,0.0,,,402,164d+,1,0.0,1,0.48572629371225107,815.5208095840688,396.1199002844842,8532.780099715515
413,2025-03-23,EU-West,cleaning,11960.2,7.2,0,30,medium,0.7,0,none,0.0,,,92,90-120d,1,0.0,1,0.4563462256582038,814.4453828613217,371.6690764735149,11588.530923526487
417,2024-09-01,EU-West,cleaning,6465.48,5.2,0,0,low,0.63,0,none,0.0,,,295,164d+,1,0.0,0,0.16779005350389065,677.4232462716532,113.66488273669998,6351.8151172633
994,2024-01-14,EU-West,home_appliance,16170.53,3.7,0,60,medium,0.66,1,return,281.86,86.0,,526,164d+,1,281.86,1,0.543091461146765,676.3265289032101,367.30716279436416,15803.222837205636
839,2024-06-11,EU-East,beauty,12553.43,1.7,0,30,medium,0.33,0,none,0.0,,,377,164d+,1,0.0,1,0.5019756035069116,524.8585500655921,263.4661874249382,12289.963812575063
260,2024-11-11,EU-East,home_appliance,50600.53,3.3,0,90,medium,0.57,0,none,0.0,,,224,164d+,1,0.0,1,0.2622963427631702,318.66279075281375,83.58408458916843,50516.94591541083
882,2024-02-06,EU-North,home_appliance,8218.32,3.2,0,30,medium,0.51,0,none,0.0,,,503,164d+,1,0.0,1,0.6011284835668163,824.9225456753969,495.8844389419291,7722.435561058071
1288,2025-03-29,EU-West,cleaning,5037.59,5.9,0,30,low,0.7,0,none,0.0,,,86,60-90d,1,0.0,0,0.32179059532633125,563.1796097993205,181.22590191297428,4856.364098087026
1189,2024-09-03,EU-West,beauty,17206.68,2.1,0,30,low,0.52,0,none,0.0,,,293,164d+,1,0.0,0,0.33561975660864335,702.142124848712,235.65276904640038,16971.0272309536
396,2025-06-04,EU-East,home_appliance,6396.32,0.6,1,30,high,0.33,1,return,,70.0,,19,<30d,0,658.67,2,0.7985171903117756,701.4298371407284,560.1037827544608,5836.216217245539
21,2025-02-07,EU-North,cleaning,16732.43,4.3,0,30,low,0.31,0,none,0.0,,,136,120-164d,1,0.0,0,0.44325124718307246,744.1566203402898,329.8483500653736,16402.581649934626
340,2025-03-23,EU-South,cleaning,2957.95,3.3,0,30,medium,0.56,0,none,0.0,,,92,90-120d,1,0.0,1,0.5670617324573012,432.7520555361421,245.39713033678296,2712.552869663217
618,2024-06-12,EU-West,home_appliance,1491.19,3.0,0,0,low,0.5,0,none,0.0,,,376,164d+,1,0.0,0,0.6743865326173097,124.42150997112181,83.90819069243487,1407.2818093075653
286,2024-04-07,EU-East,home_appliance,5804.93,3.0,0,60,medium,0.55,0,none,0.0,,,442,164d+,1,0.0,1,0.6017106548585596,719.9871572854187,433.223943899962,5371.706056100038
364,2024-10-17,EU-West,home_appliance,6866.66,2.6,0,30,low,0.84,0,none,0.0,,,249,164d+,1,0.0,0,0.13658479838562762,489.46805913889534,66.85389617369047,6799.8061038263095
186,2024-10-09,EU-North,pet_care,6303.63,5.8,0,30,medium,0.66,0,none,0.0,,,257,164d+,1,0.0,1,0.3776348218162186,918.9916959564949,347.0432653531155,5956.586734646885
1024,2025-02-13,Unknown,home_appliance,16840.97,2.6,0,60,high,0.37,0,none,0.0,,,130,120-164d,1,0.0,2,0.540224369183643,1390.320370358676,751.0849450401847,16089.885054959817
1269,2024-01-01,EU-East,beauty,7921.86,2.9,0,60,medium,0.32,0,none,0.0,,,539,164d+,1,0.0,1,0.5798296527030958,546.0019193785303,316.58810328847693,7605.2718967115225
652,2024-10-29,EU-South,home_appliance,6921.69,5.5,0,30,low,0.61,0,none,0.0,,,237,164d+,1,0.0,0,0.15602833614049105,864.0484479342563,134.81604167595572,6786.873958324044
400,2024-01-04,EU-East,cleaning,20868.16,0.9,1,30,low,0.05,0,none,0.0,,,536,164d+,1,0.0,0,0.21650750635493227,472.69107998974533,102.34116700479959,20765.8188329952
217,2024-10-18,EU-West,home_appliance,2231.17,4.2,0,30,high,0.48,0,none,0.0,,,248,164d+,1,0.0,2,0.3646603547608909,115.42233039431368,42.08994794891919,2189.080052051081
378,2024-06-20,EU-East,beauty,16716.8,4.9,0,30,low,0.71,0,none,0.0,,,368,164d+,1,0.0,0,0.2665184756182507,600.8671386394761,160.1421938392933,16556.657806160707
1026,2024-03-17,EU-West,cleaning,14961.33,1.7,0,30,high,0.52,0,none,0.0,,,463,164d+,1,0.0,2,0.5004036268497244,766.4915998696235,383.55517652460736,14577.774823475393
818,2025-01-29,EU-East,pet_care,8292.4,1.6,0,0,medium,0.84,0,none,0.0,,,145,120-164d,1,0.0,1,0.19670953963594942,374.446712604232,73.65724045457314,8218.742759545426
699,2024-09-20,Unknown,home_appliance,6273.18,5.9,0,30,low,0.51,0,none,0.0,,,276,164d+,1,0.0,0,0.14022873547351675,771.1772019309343,108.1412038527798,6165.038796147221
1338,2025-03-12,EU-East,beauty,5556.73,5.8,0,30,medium,0.77,0,none,0.0,,,103,90-120d,1,0.0,1,0.0634002472494732,232.72329150949383,14.754714222413137,5541.975285777587
1335,2024-12-07,EU-South,home_appliance,8846.66,3.0,0,30,medium,0.58,0,none,0.0,,,198,164d+,1,0.0,1,0.563038668991468,628.4860240367681,353.86193445340166,8492.798065546598
886,2024-07-09,EU-West,home_appliance,20670.28,6.0,0,0,medium,0.61,0,none,0.0,,,349,164d+,1,0.0,1,0.11689696922971263,630.74735359781,73.73245398524587,20596.547546014754
1265,2024-01-03,EU-East,beauty,11983.97,0.1,1,30,medium,0.31,1,freight_overrun,236.5,7.0,extra freight billed,537,164d+,1,236.5,1,0.7794360671151699,508.6163227976287,396.4339063119634,11587.536093688035
1256,2024-05-29,EU-South,pet_care,6104.43,2.0,0,30,low,0.51,0,none,0.0,,,390,164d+,1,0.0,0,0.2000571033613936,811.3227114338974,162.31087154077733,5942.119128459223
129,2025-02-20,EU-West,home_appliance,14144.73,3.8,0,30,low,0.74,0,none,0.0,,,123,120-164d,1,0.0,0,0.417049266427424,473.52908467587,197.48495739612113,13947.245042603878
769,2025-03-08,EU-West,home_appliance,8717.94,3.4,0,60,low,0.44,0,none,0.0,,,107,90-120d,1,0.0,0,0.2802528554020957,777.6911213420531,217.95015737696806,8499.989842623032
250,2024-06-02,EU-East,pet_care,30037.52,6.0,0,30,low,0.44,0,none,0.0,,,386,164d+,1,0.0,0,0.13938093321804448,303.61322059765314,42.3178940242369,29995.202105975764
763,2025-06-01,EU-West,beauty,8345.94,0.8,1,0,medium,0.23,0,none,0.0,,,22,<30d,1,0.0,1,0.774022694014071,684.6416574761082,529.9281801539161,7816.011819846084
331,2024-08-04,EU-North,pet_care,42348.91,4.2,0,90,medium,0.37,0,none,0.0,,,323,164d+,1,0.0,1,0.13784712748990072,475.4322440053867,65.53696915222012,42283.37303084778
922,2024-05-16,EU-South,home_appliance,9927.02,1.7,0,30,low,0.64,1,late_payment,223.39,58.0,paid 40 days late,403,164d+,1,223.39,0,0.2917581013629203,621.3187290275929,181.27477272231326,9745.745227277686
740,2025-01-12,EU-East,pet_care,8467.79,9.9,0,0,medium,0.43,0,none,0.0,,,162,120-164d,1,0.0,1,0.4946007430388543,507.79536990238836,251.15596726541116,8216.63403273459
603,2024-06-22,EU-South,pet_care,7756.46,4.9,0,60,low,0.25,0,none,0.0,,,366,164d+,1,0.0,0,0.25305275500613317,838.0564961433155,212.0725051998528,7544.387494800148
190,2024-10-25,EU-West,home_appliance,12013.35,2.9,0,90,low,0.55,0,none,0.0,,,241,164d+,1,0.0,0,0.493121867483128,873.5772921005507,430.78006567147753,11582.569934328523
351,2024-05-30,EU-North,cleaning,11024.29,5.7,0,60,low,0.21,0,none,0.0,,,389,164d+,1,0.0,0,0.1838518408293177,775.9668306644285,142.6629302401466,10881.627069759854
290,2024-10-07,EU-West,beauty,3824.62,0.5,1,90,low,0.08,0,none,0.0,,,259,164d+,1,0.0,0,0.3986091619473402,448.16133028864687,178.64121228356265,3645.978787716437
147,2025-05-29,EU-West,home_appliance,9883.85,3.8,0,0,low,0.55,0,none,0.0,,,25,<30d,1,0.0,0,0.30112810867537476,801.9760858676781,241.49754194021384,9642.352458059786
329,2024-11-11,EU-North,home_appliance,11843.62,3.4,0,30,medium,0.31,0,none,0.0,,,224,164d+,1,0.0,1,0.6079540098799583,775.961422955577,471.74885859800133,11371.871141402
415,2025-06-04,Unknown,pet_care,13265.86,7.2,0,0,low,0.86,0,none,0.0,,,19,<30d,1,0.0,0,0.16642477382509482,494.9854611471717,82.37784341812831,13183.482156581873
928,2024-07-25,EU-South,home_appliance,3270.29,2.1,0,30,low,0.58,0,none,0.0,,,333,164d+,1,0.0,0,0.39115749211520234,405.6512182427745,158.6735132013203,3111.6164867986795
821,2024-04-05,EU-West,beauty,14866.11,2.0,0,60,medium,0.44,0,none,0.0,,,444,164d+,1,0.0,1,0.40656542511478805,724.2991617532649,294.47499660850076,14571.6350033915
165,2024-07-29,EU-East,cleaning,20228.66,3.2,0,0,low,0.59,1,freight_overrun,603.35,57.0,container reweigh cost,329,164d+,1,603.35,0,0.48658465614006813,483.28029369707383,235.1567755278618,19993.503224472137
370,2024-07-02,EU-South,pet_care,10853.67,5.4,0,30,low,0.46,0,none,0.0,,,356,164d+,1,0.0,0,0.10521245627124748,877.8452127052881,92.36025105467907,10761.309748945321
109,2024-06-12,EU-West,home_appliance,6651.48,2.8,0,60,medium,0.49,0,none,0.0,,,376,164d+,1,0.0,1,0.5781425838532492,936.0486187573359,541.1695670606313,6110.310432939368
295,2024-10-17,EU-South,cleaning,4185.35,7.1,0,30,low,0.81,0,none,0.0,,,249,164d+,1,0.0,0,0.008556813914311507,562.8178612152302,4.815927706069524,4180.534072293931
1304,2024-04-25,EU-West,pet_care,8903.34,0.9,1,30,medium,0.43,1,dispute,1372.72,51.0,buyer disputes invoice,424,164d+,1,1372.72,1,0.470941512372894,725.2445801878961,341.54777943393236,8561.792220566067
1011,2024-01-19,EU-North,cleaning,5950.04,2.2,0,60,low,0.34,0,none,0.0,,,521,164d+,1,0.0,0,0.4729307945403555,880.0800823812067,416.21697261968563,5533.823027380315
778,2024-06-07,EU-West,pet_care,7997.35,0.6,1,30,high,0.28,0,none,0.0,,,381,164d+,1,0.0,2,0.6303137579822358,927.7660900718348,584.7837307616636,7412.566269238337
1196,2024-07-21,EU-West,pet_care,21363.28,6.9,0,60,low,0.44,1,dispute,377.37,7.0,,337,164d+,1,377.37,0,0.3914532503158117,618.8076249607353,242.23425611108763,21121.04574388891
565,2024-05-27,EU-North,cleaning,19102.88,10.0,0,30,medium,0.8,0,none,0.0,,,392,164d+,1,0.0,1,0.16524978661443657,514.8024371181708,85.07099288236962,19017.80900711763
572,2025-02-20,EU-South,pet_care,7253.71,0.8,1,90,low,0.1,0,none,0.0,,,123,120-164d,1,0.0,0,0.395837743454,692.8799766617942,274.2680464462648,6979.441953553735
1307,2024-01-08,EU-East,pet_care,5045.03,2.6,0,60,low,0.5,1,return,935.96,90.0,goods sent back,532,164d+,1,935.96,0,0.7630873903894283,576.3007624555001,439.76784490160543,4605.262155098394
1179,2024-06-22,EU-West,home_appliance,7931.08,3.2,0,90,high,0.28,1,dispute,1199.38,26.0,,366,164d+,1,1199.38,2,0.784868751428585,907.6857924463912,712.4142146068649,7218.665785393135
949,2024-04-19,EU-South,home_appliance,4234.82,0.9,1,30,low,0.21,0,none,0.0,,,430,164d+,1,0.0,0,0.322236060927248,540.7552971296697,174.25085687260832,4060.5691431273913
977,2025-06-12,EU-East,pet_care,5725.85,11.9,0,60,low,0.39,0,none,0.0,,,11,<30d,1,0.0,0,0.1654951073278637,825.8065646746662,136.6669460528883,5589.183053947112
285,2025-06-02,EU-East,home_appliance,13112.87,4.1,0,60,medium,0.29,0,none,0.0,,,21,<30d,1,0.0,1,0.6216420183272899,508.94582716979187,316.3821112210815,12796.48788877892
211,2024-04-23,EU-North,home_appliance,16452.3,6.6,0,30,low,0.75,0,none,0.0,,,426,164d+,1,0.0,0,0.3249967047487152,456.64287692879725,148.4074302488322,16303.892569751168
128,2024-08-19,EU-West,beauty,4104.47,0.6,1,30,low,0.27,0,none,0.0,,,308,164d+,1,0.0,0,0.4658302173270048,581.5090714902498,270.8844971499278,3833.5855028500723
549,2024-10-19,EU-North,home_appliance,3822.98,0.4,1,60,high,0.24,1,freight_overrun,262.22,58.0,,247,164d+,1,262.22,2,0.6916517848823265,597.7470210625645,413.4327940260163,3409.5472059739836
1346,2025-05-08,EU-North,cleaning,7635.55,4.1,0,0,low,0.61,0,none,0.0,,,46,30-60d,1,0.0,0,0.2985859654242315,682.7338808331153,203.85475493638796,7431.695245063613
864,2024-03-01,Unknown,home_appliance,53769.62,5.0,0,30,medium,0.54,0,none,0.0,,,479,164d+,1,0.0,1,0.10118428523212974,366.9259196450767,37.12713691242896,53732.49286308757
825,2025-03-31,Unknown,pet_care,4108.29,7.5,0,0,medium,0.56,1,dispute,1048.84,16.0,chargeback pending,84,60-90d,1,1048.84,1,0.7000320489359477,816.4190230949139,571.5194815274174,3536.770518472583
732,2024-09-24,Unknown,cleaning,19062.54,2.1,0,60,low,0.28,0,none,0.0,,,272,164d+,1,0.0,0,0.3914793372345656,621.5851477299401,243.33774166816653,18819.202258331836
547,2025-05-12,EU-West,home_appliance,5893.7,7.5,0,60,high,0.44,1,dispute,1348.18,115.0,quality complaint raised,42,30-60d,1,1348.18,2,0.7304925774836806,985.0055162897573,719.5392184301484,5174.160781569852
1250,2024-04-15,EU-South,pet_care,13466.32,2.3,0,60,low,0.29,0,none,0.0,,,434,164d+,1,0.0,0,0.5296319594724179,674.8868915097072,357.44166677253537,13108.878333227465
171,2024-05-25,EU-West,beauty,4275.34,6.2,0,60,medium,0.45,0,none,0.0,,,394,164d+,1,0.0,1,0.264240902792004,586.4869647711796,154.97384504687875,4120.366154953122
61,2025-06-04,Unknown,cleaning,14784.78,1.7,0,0,medium,0.48,0,none,0.0,,,19,<30d,1,0.0,1,0.5241898558019866,719.3942443619427,377.09916521686586,14407.680834783136
485,2025-04-24,EU-West,home_appliance,3093.15,4.8,0,60,low,0.48,0,none,0.0,,,60,30-60d,1,0.0,0,0.31391327744721553,493.65972334904507,154.96634170018444,2938.1836582998158
944,2024-08-14,EU-East,home_appliance,14662.94,1.6,0,90,medium,0.51,0,none,0.0,,,313,164d+,1,0.0,1,0.46216663741772335,644.2417373710865,297.74703744494707,14365.192962555053
1039,2024-04-13,EU-East,beauty,5247.45,3.7,0,0,medium,0.77,0,none,0.0,,,436,164d+,1,0.0,1,0.1786785714677973,227.6502505517277,40.67622156286885,5206.773778437131
395,2024-12-07,EU-West,pet_care,10262.82,7.5,0,30,low,0.36,0,none,0.0,,,198,164d+,1,0.0,0,0.5074794852615006,731.7903617218902,371.36859608595216,9891.451403914047
873,2024-04-21,EU-South,cleaning,15546.31,2.0,0,60,low,0.61,0,none,0.0,,,428,164d+,1,0.0,0,0.3946004194278634,659.8118235476556,260.36202231536834,15285.947977684631
309,2024-11-10,EU-West,pet_care,13900.95,2.7,0,60,medium,0.38,0,none,0.0,,,225,164d+,1,0.0,1,0.40394904422893796,719.0324985036505,290.45249054009486,13610.497509459907
681,2025-01-04,Unknown,beauty,10890.23,3.4,0,0,medium,0.51,0,none,0.0,,,170,164d+,1,0.0,1,0.400803230208631,864.780130206231,346.6066696068979,10543.623330393102
706,2025-01-19,EU-East,cleaning,7620.44,3.2,0,30,low,0.6,1,return,779.69,55.0,,155,120-164d,1,779.69,0,0.40169127862560183,571.9741634592881,229.75703306077042,7390.682966939229
1098,2024-10-28,EU-South,home_appliance,12055.38,3.6,0,30,medium,0.92,0,none,0.0,,,238,164d+,1,0.0,1,0.3188201899572161,701.0181455962465,223.4987383424507,11831.881261657549
906,2024-04-02,EU-North,home_appliance,6290.61,2.7,0,0,high,0.53,0,none,0.0,,,447,164d+,1,0.0,2,0.502399216017495,1036.7272993350446,520.8509824098613,5769.759017590139
1302,2024-01-30,EU-East,beauty,8763.64,10.4,0,60,low,0.35,0,none,0.0,,,510,164d+,1,0.0,0,0.22239629452447246,670.3925365068911,149.09281599599473,8614.547184004005
325,2024-05-17,EU-South,beauty,55841.15,10.7,0,0,medium,0.71,0,none,0.0,,,402,164d+,1,0.0,1,0.12090400543727244,338.1733365948576,40.88651092640522,55800.26348907359
1040,2024-04-24,EU-West,cleaning,13655.94,3.2,0,60,medium,0.15,0,none,0.0,,,425,164d+,1,0.0,1,0.6114107559232151,618.3345725700258,378.0564084284976,13277.883591571503
688,2025-03-05,EU-South,home_appliance,12870.33,2.0,0,0,medium,0.7,0,none,0.0,,,110,90-120d,1,0.0,1,0.38149875489807983,696.0520171172977,265.542977874546,12604.787022125454
319,2024-03-09,EU-West,cleaning,7264.94,3.8,0,0,high,0.7,0,none,0.0,,,471,164d+,1,0.0,2,0.5119226948544271,962.0032736917394,492.47130832705625,6772.468691672943
575,2024-06-13,EU-South,home_appliance,8761.11,2.0,0,60,low,0.08,0,none,0.0,,,375,164d+,1,0.0,0,0.46652261112938703,685.7045202913371,319.89666326953835,8441.213336730461
327,2024-01-22,EU-South,home_appliance,8078.44,5.5,0,30,low,0.58,0,none,0.0,,,518,164d+,1,0.0,0,0.1733904568900312,873.2776970896248,151.41801889024433,7927.021981109755
761,2025-01-28,EU-North,beauty,8416.82,5.5,0,60,high,0.38,0,none,0.0,,,146,120-164d,1,0.0,2,0.4248930780066209,917.9942193631557,390.0493894574964,8026.770610542503
242,2024-02-24,EU-North,home_appliance,49501.83,7.9,0,0,medium,0.81,0,none,0.0,,,485,164d+,1,0.0,1,0.08956128936498023,176.243496703773,15.784594806982552,49486.04540519302
774,2024-04-22,Unknown,home_appliance,3730.57,1.9,0,30,low,0.5,0,none,0.0,,,427,164d+,1,0.0,0,0.29578006026218995,507.9821552251468,150.25099248461106,3580.319007515389
643,2024-02-21,EU-West,cleaning,11592.36,0.7,1,30,low,0.52,0,none,0.0,,,488,164d+,1,0.0,0,0.28493476339368506,850.8161341742231,242.42709388246206,11349.932906117538
284,2024-10-17,Unknown,home_appliance,28307.02,7.1,0,0,low,0.57,0,none,0.0,,,249,164d+,1,0.0,0,0.14420483276948473,1043.274671689663,150.44524956364694,28156.574750436353
241,2024-05-07,EU-South,cleaning,6457.07,3.8,0,0,medium,0.75,0,none,0.0,,,412,164d+,1,0.0,1,0.5592307283592143,582.6849337570541,325.85531990889785,6131.214680091101
1393,2024-08-04,EU-West,cleaning,20171.46,2.8,0,60,low,0.53,0,none,0.0,,,323,164d+,1,0.0,0,0.28230012819682787,744.1262919439515,210.06694761040768,19961.39305238959
44,2024-03-11,EU-West,home_appliance,6230.75,20.9,0,90,medium,0.35,0,none,0.0,,,469,164d+,1,0.0,1,0.6521718605104032,528.780288306234,344.855624425904,5885.894375574096
852,2024-08-27,EU-West,cleaning,6748.64,0.4,1,0,low,0.31,0,none,0.0,,,300,164d+,1,0.0,0,0.6128339407087052,672.6899314589376,412.2472215710496,6336.392778428951
326,2024-01-23,EU-North,home_appliance,11151.79,5.3,0,0,low,0.61,0,none,0.0,,,517,164d+,1,0.0,0,0.19976306302600327,718.581098287718,143.54596122654405,11008.244038773457
656,2024-02-02,EU-West,beauty,4755.4,1.2,0,30,low,0.33,0,none,0.0,,,507,164d+,1,0.0,0,0.3266128200469475,527.8150039609183,172.3911469067663,4583.0088530932335
588,2024-04-12,EU-West,cleaning,12073.09,5.2,0,30,low,0.54,0,none,0.0,,,437,164d+,1,0.0,0,0.2749365196481051,770.2629762967109,211.7734219168086,11861.316578083191
152,2024-06-18,EU-South,beauty,7842.32,6.0,0,60,low,0.26,0,none,0.0,,,370,164d+,1,0.0,0,0.2911101750131386,844.1937580332605,245.7533926460616,7596.566607353938
229,2025-02-13,EU-North,home_appliance,26553.96,2.6,0,30,low,0.62,0,none,0.0,,,130,120-164d,1,0.0,0,0.30181365845876196,1355.5962922520007,409.1374763577094,26144.82252364229
368,2024-06-15,EU-North,home_appliance,10211.41,2.1,0,30,high,0.66,1,freight_overrun,267.01,37.0,extra freight billed,373,164d+,1,267.01,2,0.644178565305511,632.6232219164127,407.5223194730646,9803.887680526936
863,2024-12-02,EU-North,beauty,19492.24,6.5,0,0,low,0.43,0,none,0.0,,,203,164d+,1,0.0,0,0.18773221953927174,766.8025638167519,143.9535472537229,19348.286452746277
408,2024-04-30,EU-South,beauty,12843.95,4.4,0,60,medium,0.58,0,none,0.0,,,419,164d+,1,0.0,1,0.46335283726891746,838.2504099189979,388.4057057778008,12455.5442942222
1369,2025-04-25,EU-West,pet_care,1820.69,7.0,0,30,high,0.51,0,none,0.0,,,59,30-60d,1,0.0,2,0.2941127817467303,206.5230269963148,60.74106196464122,1759.9489380353589
1360,2025-03-04,EU-West,beauty,17542.79,3.3,0,30,low,0.37,0,none,0.0,,,111,90-120d,1,0.0,0,0.3395701780912259,619.5260144683101,210.37255906515148,17332.41744093485
1228,2025-04-26,EU-East,home_appliance,5636.93,6.0,0,60,low,0.44,0,none,0.0,,,58,30-60d,1,0.0,0,0.24927341923561971,360.38061451553295,89.83330800652071,5547.09669199348
153,2024-01-17,EU-West,home_appliance,5584.27,5.9,0,60,low,0.34,0,none,0.0,,,523,164d+,1,0.0,0,0.2710293311484803,381.3415305083514,103.35473995281629,5480.915260047184
195,2024-07-15,EU-West,pet_care,22577.96,5.8,0,30,low,0.7,0,none,0.0,,,343,164d+,1,0.0,0,0.2011188323931901,706.347743087808,142.05983335338496,22435.900166646614
940,2025-03-30,EU-West,home_appliance,15177.79,1.4,0,30,low,0.63,0,none,0.0,,,85,60-90d,1,0.0,0,0.3089498148026763,662.4093566475311,204.6512480598147,14973.138751940187
475,2024-08-24,EU-West,pet_care,16202.22,7.7,0,60,medium,0.35,0,none,0.0,,,303,164d+,1,0.0,1,0.6209718453075693,726.1318952562625,450.907462933964,15751.312537066035
733,2024-08-28,EU-West,pet_care,3355.28,2.1,0,30,low,0.78,0,none,0.0,,,299,164d+,1,0.0,0,0.08880436803708079,421.3998003992427,37.422142965406735,3317.8578570345935
1296,2025-01-17,EU-West,home_appliance,15009.92,4.7,0,90,low,0.52,1,dispute,3227.01,47.0,chargeback pending,157,120-164d,1,3227.01,0,0.4650047922851979,825.2244549668682,383.7333262705342,14626.186673729466
644,2024-02-29,EU-West,pet_care,12424.42,1.2,0,90,medium,0.61,0,none,0.0,,,480,164d+,1,0.0,1,0.34380456852238345,640.9573409871854,220.36406205935347,12204.055937940646
69,2024-09-17,EU-West,cleaning,33133.25,1.0,0,90,low,0.58,0,none,0.0,,,279,164d+,1,0.0,0,0.18574412471784696,357.8750572335438,66.47318926419398,33066.776810735806
397,2024-11-10,Unknown,beauty,6846.17,4.1,0,60,low,0.61,0,none,0.0,,,225,164d+,1,0.0,0,0.28024496211872285,716.8203256596571,200.88528501042117,6645.284714989579
766,2025-01-11,EU-West,home_appliance,4301.25,5.8,0,30,medium,0.86,0,none,0.0,,,163,120-164d,1,0.0,1,0.06400358686818419,516.1358475954986,33.03454555736237,4268.215454442638
698,2024-09-10,EU-East,beauty,14304.67,3.5,0,60,medium,0.43,0,none,0.0,,,286,164d+,1,0.0,1,0.44499252871917583,568.4286681311208,252.94651042814067,14051.72348957186
1122,2024-05-27,EU-West,beauty,13047.71,12.4,0,0,medium,0.72,0,none,0.0,,,392,164d+,1,0.0,1,0.3869082971954502,327.0541548293047,126.53996613570342,12921.170033864295
870,2024-06-13,EU-West,pet_care,27657.64,7.5,0,90,low,0.5,1,return,905.12,76.0,,375,164d+,1,905.12,0,0.9079951074977151,1063.6038064914292,965.7470526101641,26691.892947389835
10,2024-04-24,EU-East,cleaning,7123.07,2.1,0,0,medium,0.77,1,late_payment,175.48,48.0,,425,164d+,1,175.48,1,0.6128024519123181,345.5741927713935,211.76871264793,6911.301287352069
1364,2024-05-30,EU-West,home_appliance,11155.15,3.3,0,30,medium,0.57,1,default,9942.92,45.0,account written off,389,164d+,1,9942.92,1,0.5308764622551494,962.242840359247,510.83207492026355,10644.317925079737
1202,2024-08-17,EU-East,cleaning,27898.19,7.3,0,60,medium,0.42,0,none,0.0,,,310,164d+,1,0.0,1,0.4754894552242039,590.7801959773965,280.90975354254067,27617.28024645746
508,2024-01-23,EU-South,home_appliance,12529.86,2.9,0,30,medium,0.47,0,none,0.0,,,517,164d+,1,0.0,1,0.37424540870041295,655.9662365400015,245.49235228758462,12284.367647712415
907,2025-04-22,EU-East,beauty,8169.85,0.7,1,0,medium,0.17,1,freight_overrun,423.64,150.0,container reweigh cost,62,60-90d,1,423.64,1,0.8230307629712892,471.3557776607454,387.9403053190486,7781.909694680951
200,2025-01-06,EU-West,home_appliance,26772.72,8.6,0,0,low,0.66,0,none,0.0,,,168,164d+,1,0.0,0,0.15998921932581525,1306.2084039478957,208.97926282444297,26563.740737175558
1310,2024-08-01,EU-South,cleaning,6658.62,1.7,0,30,low,0.68,0,none,0.0,,,326,164d+,1,0.0,0,0.1775663609601282,697.1806737123948,123.79583516284046,6534.8241648371595
783,2024-04-22,EU-East,pet_care,5948.19,9.1,0,90,high,0.43,0,none,0.0,,,427,164d+,1,0.0,2,0.4508581623004562,688.9316808544187,310.6104715805876,5637.579528419412
205,2025-01-02,EU-West,home_appliance,10067.97,5.5,0,30,medium,0.3,0,none,0.0,,,172,164d+,1,0.0,1,0.41493285676199715,654.1378565754898,271.4232895450375,9796.546710454963
1144,2024-05-28,EU-South,home_appliance,26492.87,0.7,1,60,low,0.0,1,dispute,1959.82,140.0,chargeback pending,391,164d+,1,1959.82,0,0.7673649090219337,1492.5176027350983,1145.3056344364531,25347.564365563547
1017,2025-01-15,EU-North,home_appliance,8440.57,1.3,0,30,medium,0.65,0,none,0.0,,,159,120-164d,1,0.0,1,0.38175046298294824,673.9366798081284,257.27563953794396,8183.294360462056
1376,2025-05-16,EU-West,beauty,14515.69,2.4,0,60,low,0.62,1,dispute,1228.69,108.0,quality complaint raised,38,30-60d,1,1228.69,0,0.508161391566378,705.7455562418777,358.63264395166004,14157.05735604834
1235,2024-03-19,EU-West,beauty,11663.47,6.2,0,30,medium,0.62,0,none,0.0,,,461,164d+,1,0.0,1,0.3153007800685759,777.3875739928934,245.1109084955771,11418.359091504422
519,2024-04-26,EU-West,beauty,6290.39,9.5,0,90,medium,0.36,1,return,688.93,55.0,buyer returned partial shipment,423,164d+,1,688.93,1,0.6317043881799834,729.3497987792595,460.73346840704613,5829.656531592954
1281,2024-06-08,EU-West,pet_care,7905.5,2.2,0,30,high,0.73,0,none,0.0,,,380,164d+,1,0.0,2,0.6250295647557838,602.3992332190993,376.5173305481515,7528.982669451849
1312,2024-05-10,EU-South,home_appliance,10329.0,2.3,0,30,medium,0.59,1,freight_overrun,514.81,110.0,extra freight billed,409,164d+,1,514.81,1,0.547402835090374,628.4860240367681,344.0350313724038,9984.964968627597
47,2024-06-27,EU-West,pet_care,12956.31,1.9,0,60,low,0.46,0,none,0.0,,,361,164d+,1,0.0,0,0.3832253391922226,765.42443132135,293.33003731913846,12662.979962680862
1400,2024-12-30,EU-West,cleaning,11397.63,0.9,1,90,low,0.19,0,none,0.0,,,175,164d+,1,0.0,0,0.28553894102500865,758.3612683303035,216.5416734734173,11181.088326526582
28,2024-12-07,EU-West,home_appliance,6088.58,5.9,0,0,low,0.58,0,none,0.0,,,198,164d+,1,0.0,0,0.15396009082229536,797.2487175737364,122.74448496561097,5965.835515034389
964,2024-07-30,EU-West,pet_care,5302.48,5.2,0,0,low,0.52,0,none,0.0,,,328,164d+,1,0.0,0,0.12089164033385058,420.029139436631,50.77801165450997,5251.70198834549
393,2024-01-21,EU-East,home_appliance,15802.01,1.7,0,60,high,0.62,0,none,0.0,,,519,164d+,1,0.0,2,0.526705153163387,454.59160739430087,239.4357421994055,15562.574257800594
1213,2025-03-23,EU-East,beauty,5949.75,5.2,0,30,high,0.46,0,none,0.0,,,92,90-120d,1,0.0,2,0.3531445023481716,734.5523295668471,259.40311687357433,5690.346883126425
352,2024-05-28,EU-West,home_appliance,19508.14,2.3,0,30,low,0.66,0,none,0.0,,,391,164d+,1,0.0,0,0.2911496876372222,567.0527446525709,165.09722947942555,19343.042770520573
474,2024-11-26,EU-West,pet_care,9479.99,11.1,0,0,medium,0.43,0,none,0.0,,,209,164d+,1,0.0,1,0.6256883543424083,494.1130482364475,309.1607800101739,9170.829219989826
1029,2025-06-08,EU-North,cleaning,18907.04,6.7,0,0,low,0.32,0,none,0.0,,,15,<30d,1,0.0,0,0.5293866093182783,723.2008741304384,382.85285861192773,18524.187141388073
921,2025-02-03,EU-West,home_appliance,5245.6,11.1,0,30,medium,0.9,0,none,0.0,,,140,120-164d,1,0.0,1,0.3436644109122018,217.72722973873982,74.82510014770965,5170.774899852291
208,2024-11-07,EU-North,home_appliance,11602.94,3.4,0,60,low,0.43,0,none,0.0,,,228,164d+,1,0.0,0,0.30369716204247466,871.1927810662133,264.57877520169995,11338.3612247983
1325,2024-09-03,EU-West,home_appliance,6270.1,1.2,0,30,medium,0.78,0,none,0.0,,,293,164d+,1,0.0,1,0.09261972313316381,457.8518576391235,42.40611229054036,6227.69388770946
110,2024-04-01,EU-South,cleaning,6408.79,3.6,0,30,low,0.71,0,none,0.0,,,448,164d+,1,0.0,0,0.3240533948688431,937.8670519571749,303.9190021223562,6104.870997877644
1371,2024-02-28,EU-West,home_appliance,27670.85,3.0,0,60,low,0.53,0,none,0.0,,,481,164d+,1,0.0,0,0.6164522423735731,1060.9204761681349,654.0068065138856,27016.843193486115
254,2024-01-21,EU-West,home_appliance,30920.69,0.7,1,60,low,0.21,1,freight_overrun,464.7,41.0,extra freight billed,519,164d+,1,464.7,0,0.6472929066612356,558.4315092678601,361.4687548052139,30559.221245194785
123,2024-03-07,EU-West,pet_care,3540.25,2.3,0,0,medium,0.76,0,none,0.0,,,473,164d+,1,0.0,1,0.4999494364380159,401.41637125482544,200.68788858584335,3339.562111414157
187,2024-01-13,EU-West,home_appliance,6164.9,9.4,0,90,low,0.65,0,none,0.0,,buyer queried ETA,527,164d+,1,0.0,0,0.2205929908498269,898.6867972900906,198.24400845147318,5966.655991548527
314,2025-06-19,EU-West,pet_care,5146.3,6.1,0,30,medium,0.7,0,none,0.0,,,4,<30d,1,0.0,1,0.26030828128280525,451.1169971827714,117.42949019410732,5028.870509805893
574,2024-09-04,EU-North,beauty,15573.56,6.1,0,30,low,0.61,0,none,0.0,,,292,164d+,1,0.0,0,0.2381219464978659,741.948121709768,176.67413094196544,15396.885869058035
599,2024-03-29,EU-South,pet_care,8326.71,5.5,0,30,low,0.84,0,none,0.0,,,451,164d+,1,0.0,0,0.02202520895306563,628.825836118813,13.85002043560306,8312.859979564397
264,2024-08-26,EU-West,home_appliance,16016.66,6.6,0,30,medium,0.39,0,none,0.0,,,301,164d+,1,0.0,1,0.4636414407073462,684.0112118677105,317.1359437303231,15699.524056269676
1015,2024-12-22,EU-West,beauty,8737.94,10.3,0,0,medium,0.71,1,dispute,1000.61,65.0,,183,164d+,1,1000.61,1,0.6651907699520023,897.1867193249532,596.8003246184766,8141.139675381524
512,2024-03-27,EU-South,home_appliance,11272.08,3.3,0,30,low,0.52,0,none,0.0,,,453,164d+,1,0.0,0,0.31610230341578804,804.7420949805739,254.3808298790063,11017.699170120994
998,2025-02-06,EU-West,home_appliance,7242.03,11.6,0,30,medium,0.62,1,freight_overrun,354.13,28.0,,137,120-164d,1,354.13,1,0.6086289425398631,530.043339780667,322.59971739100473,6919.430282608995
458,2025-01-01,EU-East,home_appliance,20764.23,1.6,0,0,medium,0.31,0,none,0.0,,,173,164d+,1,0.0,1,0.3470001470107372,461.3284382844952,160.08103590495364,20604.148964095046
276,2024-02-07,EU-West,pet_care,10754.34,4.1,0,0,medium,0.56,0,none,0.0,,,502,164d+,1,0.0,1,0.49255459312930966,862.4207661513668,424.789309577954,10329.550690422046
1050,2024-08-19,EU-West,beauty,10196.87,3.4,0,0,medium,0.59,0,none,0.0,,,308,164d+,1,0.0,1,0.4828528167308413,730.0672950268918,352.5150498068008,9844.3549501932
68,2025-03-26,Unknown,home_appliance,10679.61,7.3,0,0,low,0.73,1,late_payment,319.64,99.0,,89,60-90d,1,319.64,0,0.7067940717622285,456.31865191812267,322.523318010261,10357.08668198974
598,2024-05-24,EU-North,home_appliance,8127.76,0.4,1,0,low,0.25,0,none,0.0,,,395,164d+,1,0.0,0,0.639710603602488,724.225919698963,463.2950002351906,7664.464999764809
1106,2024-10-14,EU-North,home_appliance,36146.1,7.7,0,0,low,0.71,0,none,0.0,,,252,164d+,1,0.0,0,0.10477449883696706,323.5313893472829,33.89783917688923,36112.20216082311
1191,2024-12-24,EU-East,cleaning,3626.58,1.9,0,30,low,0.45,0,none,0.0,,,181,164d+,1,0.0,0,0.37904163741572955,421.9512424434084,159.93708984535098,3466.642910154649
505,2024-10-05,EU-East,cleaning,11868.93,2.1,0,30,low,0.68,0,none,0.0,,,261,164d+,1,0.0,0,0.3598108422141525,534.9224187696765,192.47088601674886,11676.459113983252
1336,2024-04-09,EU-South,beauty,26665.88,5.4,0,60,low,0.38,0,none,0.0,,,440,164d+,1,0.0,0,0.28144558857615604,1481.4892721650776,416.9586201737613,26248.92137982624
1275,2024-10-22,EU-West,beauty,16008.38,0.9,1,30,low,0.1,0,none,0.0,,,244,164d+,1,0.0,0,0.538699072043644,678.2069763469343,365.3494688116191,15643.03053118838
468,2025-02-22,EU-South,home_appliance,7785.43,1.3,0,90,low,0.37,0,none,0.0,,,121,120-164d,1,0.0,0,0.36775139223063297,714.9579773313284,262.9267915499933,7522.503208450007
432,2024-06-10,EU-North,pet_care,4307.56,2.2,0,90,low,0.35,1,dispute,,17.0,chargeback pending,378,164d+,0,1348.18,0,0.8072611313634371,916.4579344408216,739.8208690036964,3567.739130996304
452,2025-02-14,EU-South,pet_care,3814.5,0.4,1,90,low,0.0,0,none,0.0,,,129,120-164d,1,0.0,0,0.5437886623556237,498.34947767500836,270.99679585051655,3543.5032041494833
604,2025-02-05,EU-North,cleaning,16896.81,4.4,0,30,low,0.63,0,none,0.0,,,138,120-164d,1,0.0,0,0.3133585602577061,717.3433107748162,224.78566707489264,16672.02433292511
548,2024-05-08,EU-West,pet_care,20057.73,5.1,0,60,medium,0.74,0,none,0.0,,,411,164d+,1,0.0,1,0.21917758126664016,393.783997129664,86.30862403238933,19971.42137596761
594,2025-03-28,EU-East,home_appliance,9659.76,1.4,0,30,low,0.75,0,none,0.0,,,87,60-90d,1,0.0,0,0.24804890664560925,341.9282130040782,84.81491938694859,9574.945080613052
957,2025-01-15,EU-North,beauty,24293.28,12.4,0,0,low,0.62,0,none,0.0,,,159,120-164d,1,0.0,0,0.06007374024512804,996.7916670784043,59.881003686576214,24233.398996313423
1195,2024-10-28,EU-South,home_appliance,12656.38,4.5,0,30,low,0.75,0,none,0.0,,"minor delay, no cost",238,164d+,1,0.0,0,0.22995752008976844,565.5950101018736,130.0628258981744,12526.317174101825
1057,2024-06-27,EU-South,cleaning,3519.24,1.3,0,60,medium,0.54,0,none,0.0,,,361,164d+,1,0.0,1,0.5783204758706277,483.4846605312398,279.6090789545755,3239.630921045424
126,2024-06-07,EU-East,home_appliance,84260.79,5.6,0,30,low,0.54,0,none,0.0,,,381,164d+,1,0.0,0,0.10516833842806671,297.09477875154613,31.244964236954203,84229.54503576303
591,2024-04-27,EU-South,home_appliance,6175.24,9.0,0,30,high,0.73,0,none,0.0,,,422,164d+,1,0.0,2,0.47861458300894216,800.9933214639732,383.3670845454271,5791.872915454573
701,2025-04-01,EU-West,cleaning,8112.25,1.7,0,0,medium,0.85,0,none,0.0,,,83,60-90d,1,0.0,1,0.28114523520135426,492.502352764315,138.46468980514368,7973.785310194857
455,2025-01-02,EU-West,pet_care,10513.1,0.8,1,30,medium,0.3,0,none,0.0,,,172,164d+,1,0.0,1,0.4783596813024164,707.9976635731155,338.67753670969097,10174.42246329031
868,2025-05-13,EU-North,beauty,17400.78,5.8,0,60,high,0.58,0,none,0.0,,,41,30-60d,1,0.0,2,0.5998891417381196,738.0900532953644,442.7722085967991,16958.0077914032
1349,2024-01-24,EU-East,beauty,5581.49,2.8,0,60,medium,0.69,0,none,0.0,,,516,164d+,1,0.0,1,0.34831742587837305,344.82334606915015,120.10798028557379,5461.382019714426
735,2025-04-17,EU-West,beauty,21308.59,3.5,0,30,low,0.75,0,none,0.0,,,67,60-90d,1,0.0,0,0.20683755758002456,429.2188172739343,88.77857183232743,21219.81142816767
1382,2025-05-18,EU-West,home_appliance,5922.4,1.6,0,0,medium,0.42,0,none,0.0,,,36,30-60d,1,0.0,1,0.3072813509577408,776.0953814350721,238.4796372794321,5683.920362720568
54,2024-06-09,EU-North,pet_care,9173.04,1.2,0,30,high,0.63,0,none,0.0,,,379,164d+,1,0.0,2,0.5388854322762395,785.2118937023163,423.13925076621734,8749.900749233784
384,2024-07-01,EU-East,home_appliance,11269.55,5.0,0,60,medium,0.35,1,dispute,525.75,36.0,chargeback pending,357,164d+,1,525.75,1,0.5742464840693743,566.3869797505816,325.2457317444434,10944.304268255555
694,2024-04-25,EU-West,home_appliance,26434.61,3.8,0,30,low,0.72,1,return,867.35,34.0,goods sent back,424,164d+,1,867.35,0,0.5834510900544463,785.9641822118031,458.57165885522795,25976.038341144773
41,2025-03-28,EU-East,home_appliance,13709.55,7.5,0,30,medium,0.96,0,none,0.0,,,87,60-90d,1,0.0,1,0.42550872891988534,387.5396316845881,164.9014960841896,13544.64850391581
612,2025-03-15,EU-North,home_appliance,5208.6,1.1,0,0,medium,0.42,0,none,0.0,,,100,90-120d,1,0.0,1,0.28823126254793824,401.5476269579725,115.73857949122494,5092.861420508775
757,2024-01-01,EU-West,home_appliance,27134.71,3.3,0,30,medium,0.31,0,none,0.0,,,539,164d+,1,0.0,1,0.5280099483533786,988.7426799656057,522.0659713834206,26612.644028616578
838,2024-03-10,EU-South,home_appliance,2621.35,13.3,0,90,low,0.34,1,dispute,823.0,28.0,,470,164d+,1,823.0,0,0.7162635879810999,702.9154290365967,503.472727249027,2117.877272750973
386,2024-01-30,EU-South,pet_care,14505.43,1.6,0,60,low,0.43,0,none,0.0,,,510,164d+,1,0.0,0,0.3979751046401288,711.8034838250344,283.2800659584763,14222.149934041525
84,2025-01-21,EU-West,home_appliance,12200.63,2.3,0,30,high,0.6,0,none,0.0,,,153,120-164d,1,0.0,2,0.6035972349936454,606.0707402625362,365.82262303301866,11834.80737696698
116,2024-05-08,EU-South,home_appliance,11735.56,0.3,1,60,low,0.03,0,none,0.0,,,411,164d+,1,0.0,0,0.6189609857622099,754.218851998136,466.83204411320855,11268.72795588679
1078,2024-05-16,EU-East,home_appliance,5928.9,5.0,0,30,low,0.73,0,none,0.0,,,403,164d+,1,0.0,0,0.1198359500102932,353.29621384146753,42.33758742073196,5886.562412579267
634,2024-12-15,EU-West,beauty,3376.55,0.8,1,60,low,0.13,1,return,586.45,81.0,buyer returned partial shipment,190,164d+,1,586.45,0,0.7433585690087093,470.86164299892704,350.0190371407722,3026.530962859228
670,2024-12-05,EU-East,beauty,31881.62,5.0,0,0,medium,0.65,0,none,0.0,,,200,164d+,1,0.0,1,0.0731478792732898,206.98382965725884,15.140428183292352,31866.479571816708
1344,2024-05-11,EU-East,cleaning,18077.66,3.0,0,0,low,0.49,0,none,0.0,,,408,164d+,1,0.0,0,0.48750447453466017,626.8844534696073,305.6089760826485,17772.051023917353
658,2025-05-30,EU-West,beauty,15074.57,2.0,0,60,medium,0.74,0,none,0.0,,,24,<30d,1,0.0,1,0.2660043515594504,464.55912945851804,123.57474999263586,14950.995250007363
1165,2025-04-01,EU-West,cleaning,3409.7,2.5,0,60,medium,0.53,1,late_payment,76.58,66.0,,83,60-90d,1,76.58,1,0.6791826276988778,479.34225054451014,325.56092929191425,3084.1390707080855
1110,2025-04-13,EU-West,cleaning,67349.64,4.3,0,30,medium,0.87,0,none,0.0,,,71,60-90d,1,0.0,1,0.20670919605321025,160.43129240837726,33.16262347551316,67316.47737652449
713,2024-01-01,EU-South,home_appliance,3271.76,10.0,0,30,low,0.76,0,none,0.0,,,539,164d+,1,0.0,0,0.04246717396646285,535.7143648286383,22.75027512751093,3249.009724872489
431,2024-10-17,EU-South,beauty,5206.19,4.4,0,30,high,0.61,0,none,0.0,,,249,164d+,1,0.0,2,0.34472960750903164,546.0954045438207,188.25525447087716,5017.934745529123
97,2025-03-28,EU-West,pet_care,13978.66,6.8,0,30,low,0.4,0,none,0.0,,,87,60-90d,1,0.0,0,0.23410114376427088,678.4669711886846,158.82989396155168,13819.830106038447
1381,2024-06-02,EU-East,home_appliance,6036.24,6.4,0,60,high,0.26,0,none,0.0,,,386,164d+,1,0.0,2,0.658245216824955,734.5523295668471,483.5155574450051,5552.724442554994
1274,2025-03-15,EU-East,beauty,11843.34,5.1,0,0,medium,0.42,0,none,0.0,,,100,90-120d,1,0.0,1,0.394989096051454,566.3869797505816,223.71668114699543,11619.623318853004
621,2024-11-12,EU-North,cleaning,4847.85,11.6,0,0,medium,0.79,0,none,0.0,,,223,164d+,1,0.0,1,0.2806501878063115,282.95774689535455,79.41214480743201,4768.437855192568
49,2025-04-08,EU-North,cleaning,9972.25,1.4,0,90,medium,0.4,0,none,0.0,,,76,60-90d,1,0.0,1,0.480940967101169,778.2410009414414,374.2879796305586,9597.962020369441
674,2024-08-05,EU-North,pet_care,2402.55,4.4,0,30,low,0.5,0,none,0.0,,,322,164d+,1,0.0,0,0.3113443312770926,145.2527818386234,45.22363022768363,2357.3263697723164
1147,2025-03-07,EU-North,pet_care,5831.6,3.2,0,0,medium,0.72,1,return,658.67,60.0,QC reject on arrival,108,90-120d,1,658.67,1,0.6819221168913483,701.096910333381,478.09348924052296,5353.506510759477
682,2025-06-11,EU-West,home_appliance,23385.61,5.9,0,60,low,0.25,1,freight_overrun,321.8,115.0,extra freight billed,12,<30d,1,321.8,0,0.6859959927747302,591.0061270270942,405.4278348458998,22980.1821651541
238,2024-04-06,EU-North,pet_care,12364.68,11.0,0,30,medium,0.59,0,none,0.0,,,443,164d+,1,0.0,1,0.6489618375774224,654.5511726638977,424.77873180041973,11939.901268199581
55,2024-03-12,EU-North,home_appliance,5709.82,1.3,0,60,low,0.34,0,none,0.0,,,468,164d+,1,0.0,0,0.6298108155080727,1550.9974673725858,976.8349797768836,4732.985020223116
124,2025-05-03,EU-East,cleaning,15413.64,11.3,0,0,low,0.4,0,none,0.0,,,51,30-60d,1,0.0,0,0.22422629646300557,406.7200342485991,91.19732697687016,15322.44267302313
135,2024-05-20,EU-East,home_appliance,4667.92,1.9,0,60,low,0.46,0,none,0.0,,,399,164d+,1,0.0,0,0.26578819171926155,567.1322277994602,150.73704929253483,4517.182950707465
269,2024-07-05,EU-West,home_appliance,2485.98,2.5,0,90,medium,0.46,0,none,0.0,,,353,164d+,1,0.0,1,0.49191027659271896,155.2038458733648,76.3463667518206,2409.6336332481796
98,2024-03-30,EU-West,cleaning,9179.48,5.0,0,30,low,0.65,0,none,0.0,,,450,164d+,1,0.0,0,0.17925254962595977,685.2445121734354,122.83182592428533,9056.648174075714
221,2025-05-28,EU-West,home_appliance,11260.5,1.5,0,30,low,0.76,0,none,0.0,,,26,<30d,1,0.0,0,0.11309280766179336,489.7610965369555,55.38845749088292,11205.111542509117
42,2024-03-28,EU-South,home_appliance,4877.52,10.0,0,30,medium,0.69,0,none,0.0,,,452,164d+,1,0.0,1,0.5757954817747415,809.7309291599811,466.2394104635804,4411.28058953642
869,2024-10-15,EU-West,cleaning,3123.02,7.2,0,90,low,0.58,0,none,0.0,,,251,164d+,1,0.0,0,0.5125228102401568,505.97432059092984,259.32338069861737,2863.6966193013827
1343,2024-04-01,EU-East,home_appliance,21490.67,3.7,0,0,medium,0.4,0,none,0.0,,,448,164d+,1,0.0,1,0.24365790148971958,473.90940408215874,115.47177089490235,21375.198229105095
749,2025-02-12,EU-North,cleaning,16531.72,3.4,0,0,high,0.61,1,dispute,,55.0,quality complaint raised,131,120-164d,0,1348.18,2,0.7124635545071539,681.1600185798893,485.30168802558694,16046.418311974414
718,2024-04-28,EU-West,home_appliance,5473.8,4.0,0,60,high,0.47,0,none,0.0,,,421,164d+,1,0.0,2,0.3868213401551927,450.3133216422488,174.19080256739102,5299.609197432609
986,2024-12-22,EU-South,cleaning,18729.58,6.6,0,0,low,0.57,0,none,0.0,,,183,164d+,1,0.0,0,0.38648862571355996,898.6826865473056,347.3306364762381,18382.249363523762
607,2024-06-03,EU-South,beauty,3541.18,5.8,0,0,medium,0.36,0,none,0.0,,,385,164d+,1,0.0,1,0.7647433169525409,580.9476483568677,444.2758315802094,3096.9041684197905
13,2024-05-27,EU-North,pet_care,13017.47,0.9,1,0,low,0.28,0,none,0.0,,,392,164d+,1,0.0,0,0.6585913528886999,912.0282066067953,600.653890461824,12416.816109538175
1158,2024-06-22,EU-West,home_appliance,3232.63,3.4,0,90,high,0.5,1,dispute,2246.87,21.0,quality complaint raised,366,164d+,1,2246.87,2,0.8400488941765684,750.7237400867951,630.6446476920098,2601.98535230799
1111,2024-06-01,EU-West,beauty,18150.55,5.3,0,60,medium,0.42,0,none,0.0,,,387,164d+,1,0.0,1,0.34820077929638177,585.5496094080222,203.8888303125653,17946.661169687435
1143,2024-06-27,EU-South,home_appliance,7029.86,1.4,0,0,medium,0.59,0,none,0.0,,,361,164d+,1,0.0,1,0.49156726536694356,621.3116459716463,305.41646675091675,6724.443533249083
610,2024-09-06,EU-East,cleaning,11207.22,3.7,0,60,medium,0.52,0,none,0.0,,,290,164d+,1,0.0,1,0.4990099128295023,638.5400787464382,318.63782903340365,10888.582170966596
1211,2024-05-10,Unknown,pet_care,9520.31,2.7,0,30,low,0.65,0,none,0.0,,,409,164d+,1,0.0,0,0.3038961418906607,662.2772527438825,201.2635019708119,9319.046498029187
678,2024-01-19,EU-East,home_appliance,10361.71,1.5,0,60,medium,0.56,0,none,0.0,,,521,164d+,1,0.0,1,0.5058844429564734,721.9848799424344,365.24091881267475,9996.469081187324
559,2024-10-08,EU-East,pet_care,13488.0,1.8,0,30,medium,0.77,0,none,0.0,,,258,164d+,1,0.0,1,0.08896481155273303,351.0221631390208,31.228620594495695,13456.771379405503
501,2025-05-02,EU-North,beauty,18702.49,4.7,0,60,low,0.32,0,none,0.0,,,52,30-60d,1,0.0,0,0.3648775845787855,774.5954665960488,282.6325228772436,18419.857477122758
1190,2025-05-14,EU-North,beauty,3658.35,1.9,0,0,low,0.53,0,none,0.0,,,40,30-60d,1,0.0,0,0.38944695056432527,512.7373658121398,199.68400355592277,3458.6659964440773
416,2024-12-23,EU-West,beauty,9010.82,3.5,0,0,low,0.49,0,none,0.0,,,182,164d+,1,0.0,0,0.3506839967604095,946.0568208023051,331.7669870813989,8679.0530129186
817,2024-09-13,EU-South,home_appliance,18935.6,1.6,0,0,medium,0.52,1,return,821.5,57.0,,283,164d+,1,821.5,1,0.5831593375250474,653.4972751017365,381.09303802275235,18554.506961977248
1241,2024-07-23,EU-South,cleaning,16664.46,9.8,0,0,low,0.8,0,none,0.0,,,335,164d+,1,0.0,0,0.07463463014414357,597.4387014790232,44.58961651868429,16619.870383481313
490,2025-01-18,EU-East,beauty,9471.83,3.4,0,30,high,0.44,0,none,0.0,,,156,120-164d,1,0.0,2,0.49507817094568607,538.1854802636904,266.44388319847343,9205.386116801526
887,2024-10-30,EU-West,pet_care,9464.38,3.4,0,30,medium,0.66,0,none,0.0,,,236,164d+,1,0.0,1,0.46912435568243877,717.0973276221841,336.4078217823558,9127.972178217644
447,2024-06-16,EU-South,home_appliance,16043.58,2.2,0,90,low,0.41,0,none,0.0,,,372,164d+,1,0.0,0,0.4608017594317308,717.0172705919653,330.402819831715,15713.177180168284
371,2024-01-08,EU-North,beauty,4001.99,1.6,0,90,low,0.4,0,none,0.0,,,532,164d+,1,0.0,0,0.17474641899897841,679.3817588752797,118.71952949668255,3883.270470503317
1301,2025-06-03,EU-West,cleaning,6092.23,5.1,0,60,medium,0.38,0,none,0.0,,,20,<30d,1,0.0,1,0.29080475588675747,729.0626136136079,212.01487537806665,5880.215124621933
337,2024-03-01,EU-West,pet_care,24036.69,6.0,0,60,medium,0.57,0,none,0.0,,,479,164d+,1,0.0,1,0.5850223243460378,731.9911887803726,428.23118666111293,23608.458813338886
233,2024-04-12,EU-South,cleaning,20325.62,9.1,0,30,medium,0.56,1,freight_overrun,416.81,65.0,,437,164d+,1,416.81,1,0.5141964575320558,961.7958454756492,494.55201661262737,19831.067983387373
472,2025-05-09,EU-East,beauty,6742.31,1.9,0,30,medium,0.84,0,none,0.0,,,45,30-60d,1,0.0,1,0.2854634910576867,363.52680426770615,103.77363063930376,6638.536369360697
663,2025-04-28,EU-West,beauty,13085.86,0.7,1,0,medium,0.35,0,none,0.0,,,56,30-60d,1,0.0,1,0.7887155731156794,715.9059427427171,564.6461659272429,12521.213834072758
596,2025-05-30,EU-West,cleaning,7493.28,3.3,0,30,medium,0.58,0,none,0.0,,,24,<30d,1,0.0,1,0.4856096472560834,717.9264611366744,348.6320155483888,7144.647984451611
511,2025-02-23,EU-West,home_appliance,18226.72,9.3,0,60,medium,0.4,0,none,0.0,,,120,90-120d,1,0.0,1,0.5449992136536227,626.1700952617017,341.26220953104144,17885.45779046896
1085,2024-05-15,EU-South,pet_care,9465.15,1.2,0,90,medium,0.26,0,none,0.0,,,404,164d+,1,0.0,1,0.3353636059638548,639.4534768453377,214.44942384097678,9250.700576159023
972,2024-11-21,EU-West,home_appliance,8145.51,1.2,0,0,high,0.75,1,freight_overrun,480.45,52.0,,214,164d+,1,480.45,2,0.5417831846537303,575.5227036311671,311.8085232138187,7833.701476786182
595,2024-09-03,EU-West,beauty,2644.13,4.8,0,30,medium,0.36,0,none,0.0,,,293,164d+,1,0.0,1,0.7720625652550461,402.7575676845993,310.9540408824546,2333.1759591175455
206,2024-03-07,EU-West,home_appliance,8059.59,4.1,0,30,low,0.8,0,none,0.0,,,473,164d+,1,0.0,0,0.04040196713168853,472.16812222263604,19.076520954670034,8040.51347904533
639,2024-06-05,EU-North,cleaning,15331.25,0.5,1,30,low,0.44,1,freight_overrun,764.14,72.0,carrier surcharge applied,383,164d+,1,764.14,0,0.6703506154756086,761.9950885309208,510.8038765860936,14820.446123413907
479,2024-07-24,EU-North,beauty,3936.91,3.6,0,90,high,0.39,0,none,0.0,,,334,164d+,1,0.0,2,0.2610982522542271,757.5074392599818,197.78386846035633,3739.1261315396437
451,2025-05-24,EU-West,home_appliance,7707.02,2.9,0,60,medium,0.41,1,late_payment,349.1,67.0,,30,<30d,1,349.1,1,0.4850672303906924,722.2189838286968,350.3247622213662,7356.695237778635
981,2024-05-22,EU-South,pet_care,13612.03,5.8,0,0,high,0.62,0,none,0.0,,,397,164d+,1,0.0,2,0.5843055071962336,841.9927640074504,491.98100902893196,13120.048990971069
1117,2025-04-29,EU-West,home_appliance,10551.98,4.3,0,0,medium,0.5,0,none,0.0,,,55,30-60d,1,0.0,1,0.529119616065316,781.9095836674842,413.7236987079303,10138.25630129207
1171,2024-10-11,EU-West,home_appliance,4777.05,5.5,0,30,low,0.21,0,none,0.0,,,255,164d+,1,0.0,0,0.13178400231465978,504.2883301974507,66.45713447399676,4710.592865526003
653,2024-10-12,EU-North,beauty,4667.64,1.9,0,90,high,0.68,0,none,0.0,,,254,164d+,1,0.0,2,0.3650690228392873,737.9186809039004,269.3912517724428,4398.248748227557
859,2024-05-09,Unknown,home_appliance,7337.19,3.2,0,60,medium,0.47,0,none,0.0,,,410,164d+,1,0.0,1,0.5434959016008012,721.1336778405209,391.93319841263565,6945.256801587364
1286,2024-07-11,EU-South,cleaning,3361.9,1.3,0,0,low,0.62,0,none,0.0,,,347,164d+,1,0.0,0,0.4372015977837377,381.87220507695935,166.95513820884577,3194.9448617911544
542,2025-06-14,EU-East,beauty,7481.56,1.4,0,60,low,0.43,1,return,2459.68,48.0,,9,<30d,1,2459.68,0,0.3373474371897542,613.0473789502349,206.80996216475782,7274.750037835242
619,2025-02-11,EU-West,cleaning,6405.91,3.7,0,30,medium,0.68,0,none,0.0,,,132,120-164d,1,0.0,1,0.4453388072057235,765.4500257542396,340.8846014449834,6065.025398555016
1391,2024-01-07,EU-South,pet_care,8521.1,5.4,0,0,high,0.56,1,default,,70.0,non-payment - escalated,533,164d+,0,5930.99,2,0.6338435759433506,1313.8395343855573,832.7687486906884,7688.3312513093115
411,2025-01-31,EU-North,home_appliance,34327.56,8.3,0,0,medium,0.57,0,none,0.0,,,143,120-164d,1,0.0,1,0.2551528174097605,485.4073602019964,123.85305554697383,34203.70694445302
1215,2024-08-04,EU-West,home_appliance,9449.01,3.3,0,90,low,0.4,0,none,0.0,,,323,164d+,1,0.0,0,0.39951118751826153,777.6911213420531,310.69630340977204,9138.313696590229
836,2024-08-16,EU-East,pet_care,9407.96,2.3,0,30,medium,0.6,0,none,0.0,,,311,164d+,1,0.0,1,0.5472397431649836,520.9557980527613,285.08771712670216,9122.872282873297
158,2025-03-08,EU-North,beauty,4241.71,3.4,0,30,low,0.62,0,none,0.0,,,107,90-120d,1,0.0,0,0.1119059803326718,618.355879353125,69.19772087348278,4172.512279126518
697,2024-06-13,EU-North,home_appliance,4042.11,2.4,0,60,medium,0.52,0,none,0.0,,,375,164d+,1,0.0,1,0.36331324058179476,680.6891575024928,247.30338364112234,3794.806616358878
1204,2025-02-27,EU-North,cleaning,7998.12,1.1,0,0,high,0.53,0,none,0.0,,,116,90-120d,1,0.0,2,0.5016322927853878,1019.3132428710916,511.3204390879345,7486.799560912065
141,2024-04-04,EU-East,pet_care,5530.87,2.9,0,30,medium,0.78,0,none,0.0,,,445,164d+,1,0.0,1,0.13144782013786394,240.81147821277088,31.654143875245445,5499.215856124754
161,2024-12-10,EU-West,pet_care,5410.19,4.5,0,30,high,0.53,0,none,0.0,,,195,164d+,1,0.0,2,0.38763256385067507,528.4443610504125,204.8422425264032,5205.347757473596
306,2024-02-28,EU-East,pet_care,7012.34,2.4,0,60,high,0.41,0,none,0.0,,,481,164d+,1,0.0,2,0.6085100231538623,718.5541523915897,437.2474039091101,6575.09259609089
1279,2024-03-25,EU-South,cleaning,28455.7,2.7,0,30,low,0.36,0,none,0.0,,,455,164d+,1,0.0,0,0.33901870847955196,812.8289360658306,275.5642161198462,28180.135783880156
1340,2025-05-19,EU-West,beauty,7068.18,3.5,0,0,low,0.48,0,none,0.0,,,35,30-60d,1,0.0,0,0.19243969247285203,721.6126583971086,138.8669180664568,6929.313081933544
1368,2025-02-12,EU-West,cleaning,17035.02,5.3,0,60,medium,0.2,0,none,0.0,,,131,120-164d,1,0.0,1,0.5473123408271908,552.2408458530982,302.24823004424707,16732.771769955754
1282,2024-05-22,EU-East,pet_care,9933.13,2.6,0,60,low,0.44,0,none,0.0,,,397,164d+,1,0.0,0,0.3247393269229681,605.9072123407615,196.76190031331078,9736.368099686688
867,2024-01-17,EU-South,cleaning,10395.15,1.6,0,60,low,0.39,1,freight_overrun,,42.0,,523,164d+,0,423.64,0,0.4141546763557776,719.3954696397021,297.94099790044345,10097.209002099557
570,2024-07-27,EU-East,beauty,16200.71,4.8,0,90,low,0.36,0,none,0.0,,,331,164d+,1,0.0,0,0.477040990389087,571.4493598413333,272.60476857591937,15928.10523142408
1094,2025-01-19,EU-West,pet_care,44374.17,10.3,0,30,medium,0.62,0,none,0.0,,,155,120-164d,1,0.0,1,0.24525802443717407,337.6582712447961,82.81340054037015,44291.35659945963
889,2024-06-06,EU-West,home_appliance,10223.22,4.6,0,30,high,0.26,0,none,0.0,,,382,164d+,1,0.0,2,0.5245000036355806,647.6292663646769,339.68155256278146,9883.538447437219
225,2025-04-04,EU-West,beauty,12247.84,1.5,0,60,low,0.18,0,none,0.0,,,80,60-90d,1,0.0,0,0.34047929326478693,711.9581348762539,242.40700259678277,12005.432997403217
969,2024-01-13,EU-East,beauty,8734.18,3.6,0,0,medium,0.5,0,none,0.0,,,527,164d+,1,0.0,1,0.5990998814523582,613.6583161866711,367.6426244796884,8366.537375520313
1166,2024-07-04,EU-South,beauty,8419.1,7.9,0,30,low,0.5,0,none,0.0,,,354,164d+,1,0.0,0,0.40376782461054034,1024.4452007346583,413.6380101333413,8005.461989866659
356,2024-03-02,EU-East,beauty,5716.43,0.7,1,90,low,0.22,0,none,0.0,,,478,164d+,1,0.0,0,0.3986159915898577,1061.3457717470424,423.0693972246501,5293.36060277535
755,2024-01-14,EU-North,cleaning,8124.1,5.4,0,30,high,0.62,0,none,0.0,,,526,164d+,1,0.0,2,0.5407132060860486,898.01041212572,485.56608903915185,7638.5339109608485
956,2024-09-10,EU-South,cleaning,3922.17,1.7,0,90,high,0.39,0,none,0.0,,,286,164d+,1,0.0,2,0.3413988115844993,692.8515341865472,236.53869037578428,3685.6313096242156
1182,2025-05-31,Unknown,pet_care,13051.02,1.2,0,60,low,0.17,0,none,0.0,,,23,<30d,1,0.0,0,0.2783498603260795,724.6401965409752,201.70349749384326,12849.316502506157
803,2024-06-07,EU-South,pet_care,11202.97,0.6,1,0,medium,0.17,0,none,0.0,,,381,164d+,1,0.0,1,0.7245110147884873,623.4140497360203,451.6703458076446,10751.299654192355
756,2024-12-21,EU-West,pet_care,11719.58,0.4,1,60,low,0.14,0,none,0.0,,,184,164d+,1,0.0,0,0.33476486025297625,788.3884597445576,263.92475255144603,11455.655247448554
410,2025-01-14,EU-South,home_appliance,9138.56,2.9,0,30,high,0.58,1,return,418.12,23.0,QC reject on arrival,160,120-164d,1,418.12,2,0.6369766023197881,589.9546400929297,375.78730216918785,8762.772697830811
680,2025-02-02,EU-West,home_appliance,19169.79,5.4,0,30,medium,0.67,0,none,0.0,,,141,120-164d,1,0.0,1,0.44986116973873924,683.5315574296244,307.49430597863307,18862.295694021366
27,2025-02-15,EU-East,home_appliance,6772.31,12.4,0,60,low,0.32,0,none,0.0,,,128,120-164d,1,0.0,0,0.303761951534274,418.4573332097626,127.11141616962546,6645.198583830375
1035,2025-01-09,EU-East,cleaning,13283.18,2.3,0,30,medium,0.57,0,none,0.0,,,165,164d+,1,0.0,1,0.5678875948449561,712.0232409584553,404.34916578160784,12878.830834218392
359,2025-02-19,EU-East,pet_care,25082.74,3.8,0,0,low,0.87,0,none,0.0,,,124,120-164d,1,0.0,0,0.1808080072747055,647.9055464628887,117.14651075818401,24965.59348924182
279,2024-09-11,EU-South,pet_care,6363.46,9.5,0,0,medium,0.67,0,none,0.0,,,285,164d+,1,0.0,1,0.37015271007433215,1079.7068301705226,399.65640927338563,5963.803590726615
535,2024-03-07,EU-West,cleaning,8740.88,5.0,0,60,medium,0.18,1,late_payment,236.27,102.0,remittance overdue,473,164d+,1,236.27,1,0.6283175209672789,588.979109353787,370.0658938906873,8370.814106109312
1290,2024-05-19,EU-East,beauty,15433.53,3.8,0,90,low,0.32,0,none,0.0,,,400,164d+,1,0.0,0,0.5389695569463318,541.8018060372614,292.01467935262514,15141.515320647375
4,2024-09-07,EU-North,home_appliance,15573.12,2.4,0,60,medium,0.61,1,freight_overrun,352.44,83.0,carrier surcharge applied,289,164d+,1,352.44,1,0.5311013855199057,668.1634707528857,354.8625450706466,15218.257454929355
24,2025-02-18,EU-South,beauty,3191.12,13.9,0,0,low,0.55,0,none,0.0,,,125,120-164d,1,0.0,0,0.20898122174958242,736.4131392548945,153.89651755393322,3037.2234824460666
962,2025-05-19,EU-East,home_appliance,4193.38,1.8,0,30,medium,0.4,0,none,0.0,,,35,30-60d,1,0.0,1,0.25866962411517613,586.9374282114632,151.82288393458734,4041.5571160654126
717,2024-01-13,EU-East,home_appliance,27536.27,2.9,0,0,medium,0.59,0,none,0.0,,buyer queried ETA,527,164d+,1,0.0,1,0.25336260007397005,658.531111314606,166.8471545922696,27369.42284540773
348,2024-11-24,EU-West,beauty,16606.15,5.1,0,60,high,0.09,1,freight_overrun,552.24,91.0,carrier surcharge applied,211,164d+,1,552.24,2,0.6692426224333551,581.1895371799359,388.9568099931282,16217.193190006874
532,2024-01-03,EU-North,cleaning,5580.6,3.3,0,0,low,0.73,0,none,0.0,,,537,164d+,1,0.0,0,0.25638674094448316,265.9435981746477,68.18441241104713,5512.415587588953
1351,2024-10-21,EU-North,home_appliance,7266.86,4.5,0,30,medium,0.76,0,none,0.0,,,245,164d+,1,0.0,1,0.13944507391801889,476.27216950355484,66.41380788151842,7200.446192118481
427,2024-09-02,EU-West,beauty,6301.85,7.2,0,90,high,0.34,0,none,0.0,,,294,164d+,1,0.0,2,0.496595797968049,857.2113267386129,425.6875428290114,5876.162457170989
896,2024-04-25,EU-South,home_appliance,9053.64,5.0,0,60,medium,0.39,0,none,0.0,,,424,164d+,1,0.0,1,0.37262691012576754,846.0576971611372,315.2638654812769,8738.376134518723
1224,2024-05-29,EU-North,pet_care,25290.35,0.7,1,0,high,0.25,1,default,20811.84,69.0,non-payment - escalated,390,164d+,1,20811.84,2,0.6941085876926638,2376.70275319869,1649.6897913880084,23640.66020861199
899,2024-12-27,EU-West,home_appliance,8229.55,4.6,0,60,low,0.46,0,none,0.0,,,178,164d+,1,0.0,0,0.2169843490078737,726.0554987626736,157.54267974260577,8072.007320257393
1247,2024-04-22,EU-North,cleaning,5629.96,4.8,0,60,low,0.53,1,late_payment,255.35,67.0,,427,164d+,1,255.35,0,0.34491124526856254,433.3364277082848,149.46260690109494,5480.497393098905
380,2025-02-18,EU-North,beauty,8890.5,2.0,0,0,medium,0.8,0,none,0.0,,,125,120-164d,1,0.0,1,0.36528626841572176,472.25153726040753,172.50700179944246,8717.992998200558
1366,2025-01-02,EU-East,pet_care,36144.81,2.6,0,30,low,0.69,0,none,0.0,,,172,164d+,1,0.0,0,0.10500298990651179,196.98138563425934,20.683634447524838,36124.126365552474
375,2024-03-12,EU-West,cleaning,30674.52,0.9,1,60,low,0.15,0,none,0.0,,,468,164d+,1,0.0,0,0.4333200835607367,441.33089535345863,191.23754045249544,30483.282459547507
1261,2024-02-06,EU-West,pet_care,6280.96,4.5,0,0,low,0.81,0,none,0.0,,,503,164d+,1,0.0,0,0.024037160669082583,488.495633842879,11.742048036826617,6269.217951963174
537,2024-01-13,EU-East,beauty,2586.93,1.1,0,30,low,0.62,1,late_payment,39.99,47.0,,527,164d+,1,39.99,0,0.54623817892399,70.94269975301549,38.75161112103857,2548.1783888789614
800,2024-09-07,EU-North,cleaning,7828.67,3.7,0,30,low,0.5,0,none,0.0,,,289,164d+,1,0.0,0,0.3765931347034419,774.2840515580798,291.5900581271387,7537.079941872861
649,2024-06-01,EU-North,home_appliance,9736.18,2.7,0,0,low,0.81,1,freight_overrun,198.51,16.0,container reweigh cost,387,164d+,1,198.51,0,0.4566601169186522,471.8547771517886,215.47725770276037,9520.70274229724
566,2024-05-06,EU-North,home_appliance,19598.2,5.8,0,30,medium,0.69,1,default,,72.0,account written off,413,164d+,0,5930.99,1,0.4705510264985415,878.3043153446056,413.28699716350286,19184.913002836496
232,2024-01-12,EU-East,pet_care,9674.69,2.9,0,30,low,0.54,0,none,0.0,,,528,164d+,1,0.0,0,0.3674680594659364,661.6423411821822,243.13242717471553,9431.557572825284
148,2024-06-15,EU-East,cleaning,12239.54,2.9,0,30,low,0.77,0,none,0.0,,,373,164d+,1,0.0,0,0.26987375556562,331.8986679386529,89.57073998383089,12149.96926001617
499,2024-11-28,Unknown,home_appliance,21335.53,2.6,0,0,medium,0.67,0,none,0.0,,,207,164d+,1,0.0,1,0.1848857833777224,639.7956679404758,118.28912326884803,21217.24087673115
168,2024-08-11,EU-South,home_appliance,10186.58,2.6,0,30,medium,0.51,0,none,0.0,,,316,164d+,1,0.0,1,0.4720983883058551,769.9595249741086,363.49665080101846,9823.083349198982
73,2024-02-09,EU-South,home_appliance,6348.46,2.4,0,30,low,0.5,0,none,0.0,,,500,164d+,1,0.0,0,0.33631013155185524,760.5337620205555,255.77520955476038,6092.68479044524
71,2024-06-23,Unknown,pet_care,12026.08,4.5,0,30,low,0.49,0,none,0.0,,,365,164d+,1,0.0,0,0.19824608772195876,855.118420490246,169.5238814011721,11856.556118598828
587,2024-01-25,EU-West,home_appliance,18714.82,1.8,0,30,medium,0.35,0,none,0.0,,,515,164d+,1,0.0,1,0.5976870893316175,620.0466816600097,370.5938964110992,18344.226103588902
861,2024-08-05,EU-North,cleaning,2857.04,3.3,0,0,medium,0.65,0,none,0.0,,,322,164d+,1,0.0,1,0.5879766141244784,372.145102827269,218.8126175233835,2638.2273824766166
172,2025-02-25,EU-East,beauty,14482.75,4.8,0,60,low,0.52,0,none,0.0,,,118,90-120d,1,0.0,0,0.422937854133108,647.6646004551612,273.9218763144827,14208.828123685518
131,2024-01-22,EU-West,home_appliance,10354.88,1.1,0,60,low,0.73,0,none,0.0,,,518,164d+,1,0.0,0,0.30110747877955524,493.04658276990824,148.46001345872236,10206.419986541277
169,2025-01-26,EU-West,beauty,22022.34,1.6,0,60,medium,0.46,0,none,0.0,,,148,120-164d,1,0.0,1,0.1860999251527928,620.0466816600097,115.39064104816535,21906.949358951835
265,2024-12-30,EU-South,pet_care,39194.4,2.3,0,60,medium,0.65,0,none,0.0,,,175,164d+,1,0.0,1,0.12045782994901919,229.469576324145,27.64140720332734,39166.75859279667
504,2025-02-24,EU-East,home_appliance,5448.6,3.4,0,60,high,0.46,0,none,0.0,,,119,90-120d,1,0.0,2,0.4038367761670097,450.6593721313723,181.99282799098214,5266.6071720090185
469,2024-01-11,Unknown,beauty,13846.44,1.4,0,0,high,0.5,1,freight_overrun,378.38,30.0,carrier surcharge applied,529,164d+,1,378.38,2,0.7853818832916446,741.649498991061,582.4780802599042,13263.961919740097
936,2025-03-08,EU-West,cleaning,2558.53,3.9,0,90,medium,0.85,0,none,0.0,,,107,90-120d,1,0.0,1,0.14727526920856993,153.5317985839747,22.61143696853081,2535.9185630314696
273,2025-02-14,EU-West,cleaning,51629.08,1.7,0,30,low,0.47,0,none,0.0,,,129,120-164d,1,0.0,0,0.32059722448011857,392.9543240242252,125.98006562962777,51503.09993437037
798,2024-02-08,EU-West,beauty,3885.46,3.3,0,30,medium,0.77,0,none,0.0,,,501,164d+,1,0.0,1,0.07576572162508904,485.1222353162179,36.755636235109506,3848.7043637648903
421,2024-01-24,EU-North,pet_care,3569.25,2.4,0,0,low,0.53,0,none,0.0,,,516,164d+,1,0.0,0,0.4468119960241805,691.7470002461871,309.0808579237381,3260.169142076262
493,2024-07-16,EU-North,beauty,7228.49,2.9,0,90,low,0.58,0,none,0.0,,,342,164d+,1,0.0,0,0.42616556982304005,716.8125993467559,305.4808498569447,6923.009150143055
878,2024-04-11,EU-West,home_appliance,18092.11,1.0,0,90,high,0.43,0,none,0.0,,,438,164d+,1,0.0,2,0.3877402807499492,575.2849863708431,223.0611621266614,17869.04883787334
563,2024-06-27,EU-South,beauty,14547.55,4.2,0,0,low,0.79,0,none,0.0,,,361,164d+,1,0.0,0,0.1349832032316034,580.7646706141778,78.39347556324877,14469.15652443675
1109,2025-05-18,EU-South,beauty,9266.96,1.4,0,30,low,0.44,0,none,0.0,,,36,30-60d,1,0.0,0,0.23731613655365513,678.8047615959684,161.09132349618017,9105.868676503818
43,2024-11-29,EU-North,home_appliance,28371.91,9.5,0,60,medium,0.65,0,none,0.0,,,206,164d+,1,0.0,1,0.5675246793641607,1079.1928156779527,612.4685566897359,27759.441443310265
57,2025-02-25,EU-East,home_appliance,21381.03,3.9,0,30,low,0.54,0,none,0.0,,,118,90-120d,1,0.0,0,0.2450050484174906,550.9311370057551,134.98090989679818,21246.0490901032
1112,2024-05-10,EU-East,beauty,5610.4,4.4,0,30,low,0.73,0,none,0.0,,,409,164d+,1,0.0,0,0.11637605232894929,217.95377123333716,25.364599486342687,5585.035400513657
666,2024-12-01,EU-North,pet_care,20667.1,10.2,0,60,high,0.39,0,none,0.0,,,204,164d+,1,0.0,2,0.39239069101759055,956.1301155428625,375.1765567405925,20291.923443259406
133,2024-05-07,EU-East,beauty,2723.07,1.3,0,30,high,0.77,0,none,0.0,,,412,164d+,1,0.0,2,0.19286935529837756,170.2529493232823,32.836576573628804,2690.2334234263712
784,2024-10-06,EU-North,home_appliance,10180.56,5.1,0,0,medium,0.72,0,none,0.0,,,260,164d+,1,0.0,1,0.4014784070971612,452.03975260793436,181.48419982162832,9999.07580017837
842,2024-01-31,EU-North,home_appliance,3880.5,2.6,0,60,medium,0.13,0,none,0.0,,,509,164d+,1,0.0,1,0.5342299248852156,460.99823320498683,246.27905149731723,3634.220948502683
39,2025-05-15,EU-West,pet_care,14605.28,3.0,0,60,medium,0.0,0,none,0.0,,,39,30-60d,1,0.0,1,0.5521527103220336,656.4824339216823,362.47855516866224,14242.801444831339
307,2024-04-22,EU-West,home_appliance,11391.19,1.7,0,60,low,0.48,0,none,0.0,,,427,164d+,1,0.0,0,0.2093395936590466,813.5053668883669,170.29888294386436,11220.891117056137
489,2025-05-22,EU-East,pet_care,5217.62,6.8,0,60,low,0.4,0,none,0.0,,,32,30-60d,1,0.0,0,0.06974851968745811,373.13117886958895,26.02534737538998,5191.59465262461
1254,2024-10-22,EU-North,cleaning,4798.8,5.0,0,30,medium,0.4,0,none,0.0,,,244,164d+,1,0.0,1,0.3004784491875382,567.0978228221913,170.40067433924136,4628.399325660759
541,2024-02-24,EU-South,home_appliance,5788.22,2.8,0,60,low,0.09,0,none,0.0,,,485,164d+,1,0.0,0,0.43230845584523075,728.4512162384548,314.91562045062665,5473.304379549374
271,2024-02-15,EU-West,home_appliance,8190.44,6.2,0,30,low,0.41,0,none,0.0,,,494,164d+,1,0.0,0,0.14388952446006864,681.4739348146959,98.0569604124184,8092.383039587581
409,2025-05-13,EU-West,beauty,17764.02,2.7,0,60,low,0.54,0,none,0.0,,,41,30-60d,1,0.0,0,0.3353042699724564,767.9177128820962,257.48608811684966,17506.53391188315
463,2024-08-14,Unknown,pet_care,6623.84,4.5,0,90,low,0.24,0,none,0.0,,,313,164d+,1,0.0,0,0.2487238298488226,682.36774856573,169.7211197885868,6454.118880211413
1233,2024-01-06,EU-West,pet_care,3312.33,2.8,0,30,low,0.51,0,none,0.0,,,534,164d+,1,0.0,0,0.42328562907292594,643.9261572089023,272.564688530682,3039.765311469318
167,2025-01-30,EU-South,home_appliance,7433.64,4.9,0,60,medium,0.51,0,none,0.0,,,144,120-164d,1,0.0,1,0.3871650159240691,947.8945520963747,366.99160935673126,7066.6483906432695
771,2025-04-07,EU-West,beauty,14503.06,2.7,0,90,high,0.23,0,none,0.0,,,77,60-90d,1,0.0,2,0.42988264917471203,679.9029727855702,292.2784911228231,14210.781508877177
72,2024-09-05,EU-East,home_appliance,3777.32,5.7,0,30,medium,0.79,0,none,0.0,,,291,164d+,1,0.0,1,0.029936667935531097,365.6366852004501,10.945944029894191,3766.374055970106
946,2024-12-15,EU-West,home_appliance,7231.47,6.9,0,90,medium,0.19,0,none,0.0,,,190,164d+,1,0.0,1,0.47885057917668217,646.671119446515,309.65884008379714,6921.811159916203
1096,2025-03-26,EU-East,beauty,5754.05,1.5,0,30,low,0.47,0,none,0.0,,,89,60-90d,1,0.0,0,0.2997268270878859,669.9644738029685,200.80632599456882,5553.243674005432
976,2024-11-21,EU-North,home_appliance,10471.63,12.0,0,0,medium,0.42,0,none,0.0,,,214,164d+,1,0.0,1,0.3860321037589375,533.0574604920439,205.77729289814042,10265.852707101858
534,2025-01-11,EU-North,pet_care,7876.43,4.8,0,30,low,0.83,0,none,0.0,,,163,120-164d,1,0.0,0,0.037137212143789115,651.0130623931624,24.17681020647269,7852.253189793528
1132,2024-07-28,EU-East,cleaning,14676.47,0.9,1,0,medium,0.19,1,freight_overrun,364.43,56.0,,330,164d+,1,364.43,1,0.8282429715853603,519.5029617142023,430.2746767575666,14246.195323242433
1318,2025-05-23,EU-West,pet_care,12874.59,10.3,0,60,high,0.56,0,none,0.0,,,31,30-60d,1,0.0,2,0.6692686711020376,858.2911341546463,574.4273667743408,12300.16263322566
1321,2025-03-03,EU-East,beauty,14944.74,1.1,0,30,medium,0.67,0,none,0.0,,,112,90-120d,1,0.0,1,0.37328386447985185,529.8855697700018,197.79773321585444,14746.942266784145
684,2024-10-09,EU-East,home_appliance,9129.49,1.4,0,0,medium,0.45,0,none,0.0,,,257,164d+,1,0.0,1,0.4043935733649768,573.341414996204,231.855583568447,8897.634416431552
1131,2025-06-01,EU-South,cleaning,12339.12,4.5,0,30,low,0.98,0,none,0.0,,,22,<30d,1,0.0,0,0.26924489293343956,704.1773111793558,189.596144754643,12149.523855245357
667,2024-03-25,EU-South,beauty,3425.54,1.8,0,30,high,0.71,0,none,0.0,,,455,164d+,1,0.0,2,0.5577366287985432,542.6605698508313,302.66167681049905,3122.878323189501
317,2024-11-06,EU-West,home_appliance,7216.87,3.8,0,0,high,0.54,0,none,0.0,,,229,164d+,1,0.0,2,0.5481837090633745,997.2346030747826,546.6677635198764,6670.202236480123
1352,2024-01-25,EU-South,cleaning,16785.16,4.3,0,90,low,0.35,1,dispute,2149.88,53.0,buyer disputes invoice,515,164d+,1,2149.88,0,0.6099826244883589,957.4971337564534,584.0566145888428,16201.103385411157
1199,2024-05-23,EU-West,pet_care,22921.05,6.3,0,60,high,0.44,1,freight_overrun,,40.0,carrier surcharge applied,396,164d+,0,423.64,2,0.7375604237798331,545.6479550486126,402.44833696025404,22518.601663039746
5,2024-07-29,EU-West,home_appliance,5529.95,0.5,1,30,high,0.44,0,none,0.0,,,329,164d+,1,0.0,2,0.5280535249721838,471.3268710334151,248.88581566330473,5281.064184336695
1209,2024-05-25,Unknown,cleaning,24724.28,3.3,0,60,low,0.42,0,none,0.0,,,394,164d+,1,0.0,0,0.3864047606539442,974.111186151646,376.40119973525645,24347.87880026474
1339,2024-07-20,EU-South,cleaning,1589.96,4.3,0,60,low,0.45,0,none,0.0,,,338,164d+,1,0.0,0,0.33198337480378903,229.0086306008634,76.0270580460689,1513.932941953931
747,2024-08-26,EU-West,home_appliance,18252.18,5.7,0,60,low,0.35,0,none,0.0,,,301,164d+,1,0.0,0,0.4137761770264278,623.341195385675,257.9237368097682,17994.256263190233
582,2025-06-16,EU-East,beauty,17012.84,1.4,0,0,medium,0.74,0,none,0.0,,,7,<30d,1,0.0,1,0.392836201702978,290.36926144900156,114.06755775892474,16898.772442241076
569,2024-05-27,EU-West,beauty,13894.53,4.9,0,90,medium,0.77,0,none,0.0,,,392,164d+,1,0.0,1,0.12695115322989328,473.9272496522565,60.1656108904255,13834.364389109574
526,2025-05-22,EU-West,home_appliance,30587.21,12.3,0,0,low,0.95,0,none,0.0,,,32,30-60d,1,0.0,0,0.05423979390091702,159.69197034597923,8.661659559197266,30578.5483404408
689,2024-07-26,EU-North,cleaning,12920.63,5.6,0,60,low,0.7,1,return,,96.0,buyer returned partial shipment,332,164d+,0,658.67,0,0.5932341400769523,861.1925604330835,510.888828029189,12409.74117197081
879,2025-04-03,EU-North,pet_care,22790.88,2.2,0,90,medium,0.46,0,none,0.0,,,81,60-90d,1,0.0,1,0.4199208639369395,1008.5825373436295,423.52485043304745,22367.355149566953
1045,2024-01-09,EU-West,beauty,5106.76,5.7,0,60,low,0.36,0,none,0.0,,,531,164d+,1,0.0,0,0.22276162131329327,490.73042853000015,109.31590588711002,4997.4440941128905
1237,2024-12-11,Unknown,beauty,6199.12,5.6,0,30,medium,0.88,1,dispute,1058.36,73.0,chargeback pending,194,164d+,1,1058.36,1,0.7795565350157236,616.1700576728209,480.33939513986286,5718.780604860137
1047,2024-10-19,EU-West,home_appliance,35504.52,6.3,0,90,low,0.47,0,none,0.0,,,247,164d+,1,0.0,0,0.18238672055185565,314.30055267874644,57.32424707071231,35447.195752929285
453,2024-01-24,EU-North,beauty,3657.6,5.9,0,30,low,0.7,0,none,0.0,,,516,164d+,1,0.0,0,0.22958618301892653,580.1377521690277,133.19161214566705,3524.408387854333
95,2024-09-17,EU-West,beauty,19523.0,0.8,1,90,high,0.05,0,none,0.0,,,279,164d+,1,0.0,2,0.47283692429835694,520.7181756499974,246.21478060059636,19276.785219399404
96,2024-02-04,EU-North,cleaning,4929.62,1.5,0,30,medium,0.57,1,return,,99.0,goods sent back,505,164d+,0,658.67,1,0.7830208804586817,678.711039963766,531.4449160894555,4398.175083910544
518,2025-03-12,EU-North,cleaning,12574.2,3.2,0,90,medium,0.23,0,none,0.0,,,103,90-120d,1,0.0,1,0.6098355269837987,712.4615965478223,434.4843931864598,12139.715606813541
984,2025-01-15,EU-East,home_appliance,16114.72,2.5,0,30,high,0.5,1,return,602.62,14.0,,159,120-164d,1,602.62,2,0.7556648236560105,604.7459325876869,456.985228505564,15657.734771494435
748,2024-05-05,EU-East,pet_care,21098.61,3.1,0,0,medium,0.34,0,none,0.0,,,414,164d+,1,0.0,1,0.3046200561386305,483.0400769565079,147.14369535969985,20951.4663046403
154,2024-02-22,EU-East,beauty,13294.85,1.4,0,30,high,0.33,0,none,0.0,,,487,164d+,1,0.0,2,0.4975485535468031,533.5734468830203,265.4786967076287,13029.371303292372
996,2024-12-10,EU-East,pet_care,7613.23,1.0,0,60,medium,0.36,0,none,0.0,,,195,164d+,1,0.0,1,0.45699277416512796,560.4989502835468,256.1439702067202,7357.0860297932795
768,2024-05-10,EU-West,beauty,31372.23,0.4,1,30,high,0.0,0,none,0.0,,,409,164d+,1,0.0,2,0.28947863953174946,470.0773123834011,136.07734086348816,31236.15265913651
1025,2024-02-18,EU-North,pet_care,12235.95,10.0,0,60,low,0.34,0,none,0.0,,,491,164d+,1,0.0,0,0.2844921872058255,1007.8996624538346,286.7395794555046,11949.210420544496
59,2024-11-07,EU-West,pet_care,14650.51,2.7,0,0,low,0.77,0,none,0.0,,,228,164d+,1,0.0,0,0.23048673191586927,480.22029978554184,110.68440749722855,14539.825592502772
464,2024-12-31,Unknown,beauty,22346.99,7.0,0,0,medium,0.7,0,none,0.0,,,174,164d+,1,0.0,1,0.3452206623107291,711.0493321889809,245.46892139388163,22101.52107860612
1145,2024-04-21,EU-East,beauty,12414.29,8.2,0,60,medium,0.45,0,none,0.0,,,428,164d+,1,0.0,1,0.3996156843253766,493.8833280478608,197.36352411474036,12216.92647588526
62,2025-04-24,EU-East,beauty,6307.58,0.6,1,30,medium,0.08,0,none,0.0,,,60,30-60d,1,0.0,1,0.661791602621247,478.91232342786606,316.94015403639247,5990.6398459636075
900,2025-05-24,EU-East,cleaning,25221.84,2.7,0,60,medium,0.59,0,none,0.0,,,30,<30d,1,0.0,1,0.2742031113769946,895.3099957242714,245.49678647451896,24976.34321352548
25,2024-11-07,EU-North,beauty,6812.65,4.4,0,30,high,0.46,0,none,0.0,,buyer queried ETA,228,164d+,1,0.0,2,0.38398795221363546,917.9942193631557,352.498720437213,6460.151279562787
1384,2025-03-16,EU-South,beauty,16528.6,1.3,0,30,low,0.73,0,none,0.0,,,99,90-120d,1,0.0,0,0.20730337501721913,431.6244581964553,89.4772069241038,16439.122793075894
877,2024-08-29,EU-West,beauty,2705.63,3.8,0,0,medium,0.53,1,late_payment,106.88,63.0,payment delayed,298,164d+,1,106.88,1,0.6472300890237764,196.20816290185084,126.99182674215655,2578.6381732578434
916,2025-02-07,EU-South,home_appliance,16372.61,2.8,0,0,medium,0.57,1,dispute,2193.69,65.0,buyer disputes invoice,136,120-164d,1,2193.69,1,0.5766457223358205,848.1349759844986,489.0734058648549,15883.536594135147
298,2024-10-21,EU-South,cleaning,13915.7,4.1,0,90,low,0.4,0,none,0.0,,,245,164d+,1,0.0,0,0.6298118239369025,888.2107531182209,559.4056344617564,13356.294365538244
245,2024-08-12,EU-North,home_appliance,8630.56,1.9,0,30,medium,0.54,0,none,0.0,,,315,164d+,1,0.0,1,0.5315738507460215,856.5762394165968,455.3335300442264,8175.226469955773
26,2024-07-02,EU-West,beauty,18442.06,2.5,0,30,medium,0.6,0,none,0.0,,,356,164d+,1,0.0,1,0.4687184677194779,567.5293828923857,266.0115027350999,18176.048497264903
223,2024-01-08,EU-North,pet_care,4070.97,4.2,0,60,medium,0.37,0,none,0.0,,,532,164d+,1,0.0,1,0.2665116988839098,813.0468939800031,216.6865089868967,3854.2834910131032
927,2024-05-29,EU-West,home_appliance,8793.87,2.4,0,60,medium,0.24,1,dispute,1382.48,110.0,,390,164d+,1,1382.48,1,0.7544690035000918,692.6688480053646,522.597175510164,8271.272824489837
106,2025-04-11,EU-North,beauty,16519.05,2.1,0,60,low,0.41,0,none,0.0,,,73,60-90d,1,0.0,0,0.43349237558460924,825.7095502905544,357.9387944983518,16161.111205501647
651,2024-09-03,EU-East,pet_care,3346.0,2.9,0,30,low,0.7,1,dispute,556.87,35.0,,293,164d+,1,556.87,0,0.6066670055194829,516.5203692680988,313.35586571369504,3032.644134286305
510,2025-03-29,EU-West,pet_care,3847.17,0.6,1,60,medium,0.09,1,freight_overrun,229.64,24.0,carrier surcharge applied,86,60-90d,1,229.64,1,0.8037031416733,428.29552628507554,344.2224600399347,3502.9475399600656
132,2024-01-05,EU-South,home_appliance,14773.2,3.5,0,30,low,0.52,0,none,0.0,,"minor delay, no cost",535,164d+,1,0.0,0,0.391395816176892,762.7241438495587,298.5270387998192,14474.672961200182
888,2024-10-29,EU-West,cleaning,40760.81,5.1,0,0,medium,0.33,0,none,0.0,,,237,164d+,1,0.0,1,0.19256624629810454,278.39393676270834,53.609275394546636,40707.20072460545
709,2024-02-09,EU-East,home_appliance,7369.2,5.0,0,60,high,0.41,0,none,0.0,,,500,164d+,1,0.0,2,0.5258639174762415,683.5561317836923,359.45750527467845,7009.742494725321
509,2024-07-30,EU-East,pet_care,5482.59,2.2,0,60,low,0.26,0,none,0.0,,,328,164d+,1,0.0,0,0.3256614604601655,374.6190483519194,121.99898640248341,5360.591013597516
1396,2024-10-23,EU-West,beauty,9415.18,2.8,0,60,medium,0.39,0,none,0.0,,,243,164d+,1,0.0,1,0.4302047586134547,730.5566815842304,314.2889608543903,9100.89103914561
76,2024-02-19,EU-West,beauty,6811.33,2.4,0,0,medium,0.54,1,dispute,5729.54,76.0,quality complaint raised,490,164d+,1,5729.54,1,0.5965121421395446,840.2173001746808,501.1998215899036,6310.130178410096
37,2024-07-07,EU-West,home_appliance,7337.14,2.5,0,60,medium,0.45,0,none,0.0,,,351,164d+,1,0.0,1,0.412477281413264,722.2189838286968,297.89892303471095,7039.24107696529
1230,2024-10-28,EU-West,home_appliance,4764.31,4.4,0,30,medium,0.65,0,none,0.0,,,238,164d+,1,0.0,1,0.28372187000284027,526.3509306268226,149.33727031517734,4614.972729684823
58,2024-10-22,EU-East,beauty,15881.73,2.0,0,60,high,0.68,0,none,0.0,,,244,164d+,1,0.0,2,0.3948619530262094,513.2740200416698,202.67238199126749,15679.057618008732
197,2025-04-15,EU-East,home_appliance,5833.35,3.5,0,30,low,0.49,0,none,0.0,,,69,60-90d,1,0.0,0,0.35985213981169545,801.4485666628535,288.4029816626441,5544.947018337356
1154,2025-03-05,EU-West,pet_care,3679.52,6.2,0,60,low,0.2,0,none,0.0,,,110,90-120d,1,0.0,0,0.2645118915751627,515.8693266398149,136.4535713951029,3543.0664286048973
729,2024-10-07,EU-East,home_appliance,25686.5,1.6,0,60,medium,0.36,0,none,0.0,,,259,164d+,1,0.0,1,0.39042186242530036,972.9021515673977,379.8422699725253,25306.657730027473
586,2025-03-02,EU-North,pet_care,17071.76,3.6,0,0,low,0.63,1,freight_overrun,346.15,79.0,,113,90-120d,1,346.15,0,0.42493015016455843,885.5971497401755,376.31692982439773,16695.4430701756
478,2024-11-25,EU-North,home_appliance,13717.53,1.4,0,0,low,0.67,0,none,0.0,,,210,164d+,1,0.0,0,0.30647421426380567,753.7217097984502,230.99626878405218,13486.533731215948
87,2024-03-21,Unknown,pet_care,9960.89,4.0,0,90,medium,0.55,0,none,0.0,,,459,164d+,1,0.0,1,0.5403321893557291,795.6169977427447,429.89747427896947,9530.99252572103
335,2025-06-22,EU-West,pet_care,3295.23,3.1,0,0,medium,0.73,1,return,1238.97,13.0,QC reject on arrival,1,<30d,1,1238.97,1,0.772460854300074,508.73293611924754,392.97627844525897,2902.253721554741
942,2024-03-29,EU-South,home_appliance,10464.78,0.6,1,30,high,0.3,0,none,0.0,,,451,164d+,1,0.0,2,0.6609065069215534,630.3373954302989,416.5940861958688,10048.185913804133
1079,2024-12-18,Unknown,beauty,9471.43,5.2,0,30,medium,0.72,1,late_payment,125.22,66.0,remittance overdue,187,164d+,1,125.22,1,0.7393157592280196,447.8463659257639,331.09987604191565,9140.330123958085
780,2025-05-23,EU-South,pet_care,9489.45,2.1,0,60,low,0.3,0,none,0.0,,,31,30-60d,1,0.0,0,0.47861184621405534,680.7181068897,325.799749889816,9163.650250110184
1082,2025-03-10,EU-South,home_appliance,8020.73,3.5,0,60,medium,0.68,0,none,0.0,,,105,90-120d,1,0.0,1,0.4057920216100299,749.7400190607231,304.23851801659316,7716.491481983407
1087,2024-11-06,EU-North,cleaning,7860.95,6.6,0,30,low,0.5,0,none,0.0,,,229,164d+,1,0.0,0,0.12182166225723866,774.2840515580798,94.32457022007476,7766.625429779925
539,2024-08-27,EU-West,home_appliance,19394.9,2.2,0,30,low,0.89,0,none,0.0,,,300,164d+,1,0.0,0,0.40477885418665527,492.09319058477894,199.1889178379622,19195.71108216204
665,2024-06-12,EU-West,beauty,6008.12,2.8,0,90,low,0.27,0,none,0.0,,,376,164d+,1,0.0,0,0.4241961018923101,783.3244965388728,332.2831979485462,5675.836802051454
419,2025-05-04,EU-West,beauty,64230.56,4.0,0,60,high,0.33,0,none,0.0,,,50,30-60d,1,0.0,2,0.21783284175427392,296.40090009957595,64.56585036721528,64165.99414963278
1065,2025-01-31,EU-West,home_appliance,8480.64,3.9,0,30,medium,0.69,0,none,0.0,,,143,120-164d,1,0.0,1,0.4183407299226204,770.1658013451017,322.19172349614973,8158.44827650385
1306,2024-04-26,EU-South,beauty,3603.23,4.9,0,0,high,0.45,1,freight_overrun,608.8,62.0,extra freight billed,423,164d+,1,608.8,2,0.5033931346810387,730.1859503604079,367.5705944519791,3235.659405548021
1043,2025-05-18,EU-North,home_appliance,12868.99,2.0,0,30,low,0.69,0,none,0.0,,,36,30-60d,1,0.0,0,0.283855633608186,753.7217097984502,213.94815349908438,12655.041846500915
557,2024-07-09,EU-West,beauty,6580.75,4.3,0,30,medium,0.57,0,none,0.0,,,349,164d+,1,0.0,1,0.36212923072771885,858.8236821967454,311.0051593646543,6269.744840635346
1183,2025-06-12,EU-West,home_appliance,12408.76,3.6,0,90,low,0.33,1,late_payment,262.33,28.0,payment delayed,11,<30d,1,262.33,0,0.6521047125864673,672.3556878818863,438.446312602094,11970.313687397906
1009,2024-08-21,EU-North,home_appliance,3081.8,11.4,0,30,low,0.48,0,none,0.0,,,306,164d+,1,0.0,0,0.16105942405483775,509.766176799887,82.10264683802639,2999.6973531619738
716,2024-09-17,EU-West,pet_care,16397.07,5.0,0,90,low,0.45,0,none,0.0,,,279,164d+,1,0.0,0,0.37836113611612876,722.8521098457556,273.49914552518084,16123.57085447482
1197,2024-02-03,EU-West,home_appliance,13063.02,6.9,0,0,low,0.73,0,none,0.0,,,506,164d+,1,0.0,0,0.30985363930484927,453.0883155019689,140.39106348478882,12922.628936515212
1023,2024-04-29,EU-South,cleaning,7252.6,8.1,0,90,medium,0.64,0,none,0.0,,,420,164d+,1,0.0,1,0.49805312085077413,968.5458419982309,482.3872792942597,6770.212720705741
1016,2024-01-02,EU-West,home_appliance,16822.02,0.6,1,90,low,0.05,1,dispute,4981.94,93.0,quality complaint raised,538,164d+,1,4981.94,0,0.7398290513485768,1632.951611672058,1208.1050417614683,15613.914958238533
1127,2024-06-11,EU-East,pet_care,2977.89,1.5,0,0,low,0.71,0,none,0.0,,,377,164d+,1,0.0,0,0.4352386829054123,344.5122528883091,149.94505919188396,2827.944940808116
1095,2024-04-22,EU-East,pet_care,8738.75,3.2,0,30,low,0.71,0,none,0.0,,,427,164d+,1,0.0,0,0.4092303704479763,590.9700625001996,241.84289760062035,8496.90710239938
9,2024-12-08,EU-West,pet_care,20583.33,1.6,0,60,low,0.5,0,none,0.0,,,197,164d+,1,0.0,0,0.39355970859107364,742.6345069715547,292.27102015340074,20291.058979846603
801,2024-06-20,EU-North,home_appliance,18109.01,3.4,0,30,medium,0.68,1,dispute,1341.07,53.0,chargeback pending,368,164d+,1,1341.07,1,0.5885387455636837,853.7132272365864,502.44331182894456,17606.566688171053
1200,2024-01-06,EU-North,pet_care,13750.21,7.8,0,30,medium,0.57,0,none,0.0,,,534,164d+,1,0.0,1,0.5395525577870651,1152.0078317753441,621.568772225118,13128.64122777488
1194,2025-06-23,EU-South,home_appliance,16792.31,1.2,0,0,high,0.47,0,none,0.0,,,0,<30d,1,0.0,2,0.4591465290852543,673.7094938214766,309.33137569991453,16482.978624300085
872,2025-03-06,EU-West,cleaning,9631.2,2.3,0,30,low,0.44,0,none,0.0,,,109,90-120d,1,0.0,0,0.332687436184282,726.0913962771207,241.56148506290077,9389.6385149371
1054,2024-11-12,EU-West,cleaning,29263.84,3.1,0,0,low,0.72,0,none,0.0,,,223,164d+,1,0.0,0,0.4433047106763353,213.62351124426425,94.70030884580143,29169.1396911542
75,2024-06-17,EU-West,beauty,7373.47,5.8,0,30,low,0.58,0,none,0.0,,,371,164d+,1,0.0,0,0.15131938065241568,741.9057489701131,112.2647184366241,7261.205281563376
738,2024-07-18,EU-West,cleaning,15176.74,2.9,0,30,low,0.68,0,none,0.0,,,340,164d+,1,0.0,0,0.41378143488253877,751.8608396263384,311.10605705257666,14865.633942947423
523,2024-02-24,EU-West,beauty,10670.24,5.6,0,60,high,0.35,0,none,0.0,,,485,164d+,1,0.0,2,0.359975969142643,647.6292663646769,233.13097280476347,10437.109027195236
336,2024-04-01,EU-North,cleaning,16974.87,1.5,0,0,medium,0.45,0,none,0.0,,,448,164d+,1,0.0,1,0.5163587489325331,808.3541218427885,417.4007230491987,16557.4692769508
89,2024-10-13,EU-West,pet_care,35936.38,4.2,0,60,medium,0.26,0,none,0.0,,,253,164d+,1,0.0,1,0.137432674369594,277.83457430194477,38.18354857865395,35898.19645142135
638,2024-10-08,EU-North,home_appliance,6465.44,5.1,0,30,low,0.61,0,none,0.0,,,258,164d+,1,0.0,0,0.14814746635655104,679.1001266678772,100.6069631682589,6364.833036831741
218,2025-05-01,EU-West,beauty,4852.83,4.8,0,90,high,0.36,1,late_payment,218.22,50.0,payment delayed,53,30-60d,1,218.22,2,0.8436643939721469,638.1429612610436,538.3784946798896,4314.45150532011
1116,2025-05-17,EU-West,pet_care,7755.38,7.3,0,30,medium,0.61,1,freight_overrun,,48.0,extra freight billed,37,30-60d,0,423.64,1,0.6717728865314185,729.3380477382614,489.9495255863214,7265.430474413679
174,2024-01-15,EU-South,pet_care,37106.48,4.4,0,0,medium,0.53,0,none,0.0,,,525,164d+,1,0.0,1,0.03691346594744703,407.5169162974801,15.042861812755653,37091.43713818725
958,2025-05-26,EU-East,beauty,5694.01,0.9,1,0,low,0.11,0,none,0.0,,,28,<30d,1,0.0,0,0.6462425277841329,996.2048904269711,643.789966580441,5050.2200334195595
904,2025-05-12,EU-East,beauty,31740.33,5.1,0,60,low,0.53,0,none,0.0,,,42,30-60d,1,0.0,0,0.1601101021357374,369.4063668079436,59.14569111921152,31681.18430888079
320,2024-03-15,EU-South,pet_care,7099.94,4.2,0,30,low,0.62,0,none,0.0,,,465,164d+,1,0.0,0,0.19966002822232778,820.307722385606,163.7826630025035,6936.157336997496
1216,2024-12-31,EU-East,beauty,7439.72,4.7,0,60,medium,0.26,0,none,0.0,,,174,164d+,1,0.0,1,0.46445502212547835,515.6177867649576,239.48127056020857,7200.238729439791
692,2024-05-12,EU-South,pet_care,17235.99,3.5,0,0,low,0.84,0,none,0.0,,,407,164d+,1,0.0,0,0.1116694542085563,436.694120299673,48.765394069950105,17187.224605930052
267,2025-03-04,EU-West,pet_care,8219.36,3.5,0,0,low,0.57,0,none,0.0,,,111,90-120d,1,0.0,0,0.2777203035963519,902.0245745808483,250.51053870396336,7968.849461296038
7,2024-08-09,EU-North,pet_care,20204.44,0.6,1,60,medium,0.0,0,none,0.0,,,318,164d+,1,0.0,1,0.4737519134773394,1193.08846038858,565.2279410568226,19639.212058943176
139,2025-05-11,EU-North,pet_care,3922.42,8.5,0,0,low,0.76,0,none,0.0,,,43,30-60d,1,0.0,0,0.09259954591662198,663.7190445299573,61.46008213968825,3860.9599178603116
164,2025-04-21,EU-West,pet_care,3697.64,3.9,0,0,high,0.48,0,none,0.0,,,63,60-90d,1,0.0,2,0.3535101205753675,642.4328484615642,227.10651372122436,3470.5334862787754
1337,2024-08-25,EU-West,home_appliance,4225.7,7.0,0,0,medium,0.66,0,none,0.0,,,302,164d+,1,0.0,1,0.060694781103457614,631.7569387387039,38.344349107336114,4187.355650892664
1232,2024-10-26,EU-East,beauty,4796.76,2.0,0,0,medium,0.51,0,none,0.0,,,240,164d+,1,0.0,1,0.49356456067039156,603.804909466259,298.0167048713397,4498.743295128661
1012,2024-12-25,EU-East,pet_care,24576.42,0.3,1,30,high,0.58,0,none,0.0,,,180,164d+,1,0.0,2,0.48857423686182533,816.7536181412854,399.0447756875132,24177.375224312484
1293,2024-06-29,EU-East,pet_care,4200.62,0.4,1,0,medium,0.47,0,none,0.0,,,359,164d+,1,0.0,1,0.38023840277522275,613.4368212000644,233.2522370966224,3967.3677629033773
524,2024-11-24,EU-North,beauty,4607.65,2.3,0,60,low,0.47,0,none,0.0,,,211,164d+,1,0.0,0,0.28639905373576613,642.6571315311721,184.0563943470695,4423.59360565293
736,2024-06-14,EU-North,beauty,14549.38,6.4,0,0,low,0.7,0,none,0.0,,,374,164d+,1,0.0,0,0.3354189918091559,837.6434496002739,280.9615213604674,14268.418478639533
703,2025-04-20,EU-West,pet_care,39639.53,4.7,0,30,low,0.48,0,none,0.0,,,64,60-90d,1,0.0,0,0.0804845633907491,292.8178395986727,23.567315973121573,39615.962684026876
579,2024-12-02,EU-South,cleaning,8837.82,0.7,1,60,medium,0.24,0,none,0.0,,,203,164d+,1,0.0,1,0.6887598424138395,633.3120273296096,436.19989214233107,8401.620107857669
1227,2024-07-10,EU-East,beauty,8369.67,3.0,0,60,medium,0.29,0,none,0.0,,,348,164d+,1,0.0,1,0.5560316943176359,543.5958703287658,302.25653280297354,8067.413467197027
20,2025-02-12,EU-North,pet_care,12482.45,2.2,0,60,medium,0.37,0,none,0.0,,,131,120-164d,1,0.0,1,0.5160608206909891,937.576418743361,483.8464561172174,11998.603543882784
1272,2025-02-03,EU-West,beauty,22390.72,3.0,0,30,low,0.8,0,none,0.0,,,140,120-164d,1,0.0,0,0.09630235385418784,397.3067489060555,38.26157512180791,22352.458424878194
857,2024-11-18,EU-North,pet_care,7603.65,2.9,0,60,low,0.12,0,none,0.0,,,217,164d+,1,0.0,0,0.3170089278201413,968.8807296900271,307.1438413046316,7296.506158695368
672,2024-04-18,EU-East,beauty,9621.55,1.4,0,60,low,0.51,0,none,0.0,,,431,164d+,1,0.0,0,0.3470550507564888,691.7403732214834,240.07199033869443,9381.478009661305
705,2025-01-18,EU-West,cleaning,10350.44,1.8,0,30,low,0.54,0,none,0.0,,,156,120-164d,1,0.0,0,0.31996481175184865,844.7215242311079,270.2811634833411,10080.158836516659
138,2025-04-26,EU-East,cleaning,2059.09,3.2,0,60,medium,0.01,0,none,0.0,,,58,30-60d,1,0.0,1,0.7757791886838101,312.61272183973995,242.51844372107107,1816.5715562789292
558,2025-04-19,EU-East,home_appliance,15279.4,2.9,0,60,low,0.2,0,none,0.0,,,65,60-90d,1,0.0,0,0.45769532461354384,573.7259141110441,262.59166849825647,15016.808331501743
1142,2025-04-26,EU-North,beauty,12179.0,6.2,0,30,medium,0.48,0,none,0.0,,,58,30-60d,1,0.0,1,0.3669486082019291,713.4002846272107,261.781241534815,11917.218758465186
1056,2024-02-04,EU-North,beauty,16408.28,2.9,0,30,medium,0.65,0,none,0.0,,,505,164d+,1,0.0,1,0.5526599731114477,668.1634707528857,369.2672057803413,16039.012794219658
743,2025-01-06,EU-South,cleaning,6979.58,2.8,0,60,low,0.49,0,none,0.0,,,168,164d+,1,0.0,0,0.43466761481532895,921.7522579973886,400.6558554343686,6578.924144565632
1081,2024-07-16,EU-West,beauty,29502.95,7.6,0,60,low,0.52,1,freight_overrun,,51.0,,342,164d+,0,423.64,0,0.7766483196770313,488.1623420375349,379.1304626730557,29123.819537326945
369,2025-01-25,EU-West,home_appliance,16828.8,0.7,1,30,medium,0.0,0,none,0.0,,,149,120-164d,1,0.0,1,0.7482573817598418,1388.698571454707,1039.1039571303315,15789.696042869668
1315,2025-01-31,EU-West,pet_care,13086.97,2.6,0,90,low,0.66,0,none,0.0,,,143,120-164d,1,0.0,0,0.4345491383556778,700.6136175272514,304.45104381672155,12782.518956183278
1090,2024-03-02,EU-East,cleaning,11634.23,6.6,0,30,medium,0.59,0,none,0.0,,,478,164d+,1,0.0,1,0.17344258203429516,613.3732414115482,106.38503874116398,11527.844961258836
328,2024-03-30,EU-East,pet_care,9925.8,1.0,0,0,medium,0.47,0,none,0.0,,,450,164d+,1,0.0,1,0.2987137450139909,558.0291344238359,166.69097257065977,9759.10902742934
318,2024-05-10,EU-North,cleaning,4461.19,1.4,0,90,medium,0.63,0,none,0.0,,,409,164d+,1,0.0,1,0.5558683093970695,575.9617538882612,320.1588864112388,4141.0311135887605
1063,2024-08-11,EU-West,home_appliance,7915.88,2.7,0,60,medium,0.48,0,none,0.0,,,316,164d+,1,0.0,1,0.389498937243912,722.2189838286968,281.30352665865547,7634.576473341344
1379,2024-08-24,EU-North,home_appliance,21782.46,6.6,0,0,medium,0.71,0,none,0.0,,,303,164d+,1,0.0,1,0.1488392357288036,878.3043153446056,130.7261430332012,21651.7338569668
529,2024-09-27,Unknown,home_appliance,1444.32,3.2,0,90,medium,0.31,1,return,310.63,78.0,QC reject on arrival,269,164d+,1,310.63,1,0.8836619592110888,344.8504493567857,304.73122371344164,1139.5887762865582
527,2024-12-30,EU-South,beauty,7021.11,0.6,1,0,low,0.3,0,none,0.0,,,175,164d+,1,0.0,0,0.6510363288198503,628.876279089535,409.4213040203385,6611.688695979661
88,2024-11-14,EU-East,beauty,9123.54,4.3,0,0,medium,0.59,0,none,0.0,,,221,164d+,1,0.0,1,0.4206482535998732,541.0757915348103,227.60258677428698,8895.937413225714
480,2024-12-05,EU-East,beauty,23058.37,5.5,0,30,low,0.58,0,none,0.0,,,200,164d+,1,0.0,0,0.2617623832754479,494.82148268084757,129.5256506024294,22928.84434939757
339,2024-03-24,EU-West,beauty,9835.43,4.5,0,30,medium,0.51,1,freight_overrun,347.02,40.0,extra freight billed,456,164d+,1,347.02,1,0.42742295492032195,781.9095836674842,334.20610473167477,9501.223895268326
657,2025-01-30,EU-South,pet_care,14893.06,1.4,0,0,low,0.62,0,none,0.0,,,144,120-164d,1,0.0,0,0.36165532768984215,611.5153670348393,221.1577904523589,14671.902209547641
149,2024-07-29,EU-East,home_appliance,14158.35,3.2,0,90,low,0.49,0,none,0.0,,,329,164d+,1,0.0,0,0.6004492555569245,784.3240129664392,470.94676970111806,13687.403230298882
1129,2024-10-08,EU-North,pet_care,13255.39,12.1,0,30,medium,0.55,1,late_payment,305.59,88.0,payment delayed,258,164d+,1,305.59,1,0.5425150512572773,718.2368419770515,389.65429714004506,12865.735702859954
1289,2024-10-06,EU-East,home_appliance,6306.42,7.4,0,60,low,0.53,0,none,0.0,,,260,164d+,1,0.0,0,0.4548662562859527,619.9020579924446,281.9725283829808,6024.447471617019
1014,2024-01-05,Unknown,beauty,6359.65,1.1,0,60,low,0.24,0,none,0.0,,,535,164d+,1,0.0,0,0.17251632614721749,719.4171716574958,124.1112074215733,6235.538792578426
247,2024-12-11,EU-North,home_appliance,3924.7,1.4,0,30,low,0.78,0,none,0.0,,,194,164d+,1,0.0,0,0.04921482697533641,452.20623621804145,22.255251672639016,3902.4447483273607
366,2024-04-07,EU-East,home_appliance,20678.53,2.8,0,30,low,0.76,0,none,0.0,,,442,164d+,1,0.0,0,0.08812070381460868,290.12498606747835,25.56601796646973,20652.96398203353
659,2024-11-09,Unknown,home_appliance,5256.84,4.2,0,30,low,0.59,0,none,0.0,,,226,164d+,1,0.0,0,0.1533804338663533,357.11881341321,54.77503854315542,5202.064961456845
1051,2024-12-22,EU-North,cleaning,34436.04,3.3,0,30,medium,0.7,1,freight_overrun,170.09,57.0,carrier surcharge applied,183,164d+,1,170.09,1,0.5872750959739937,295.84916715390597,173.74484803413625,34262.29515196587
199,2025-04-16,EU-West,pet_care,2873.04,3.8,0,60,low,0.45,0,none,0.0,,,68,60-90d,1,0.0,0,0.46935231445470904,425.78374905246153,199.84258807497585,2673.197411925024
675,2024-05-08,EU-East,beauty,10835.54,2.6,0,0,high,0.58,0,none,0.0,,,411,164d+,1,0.0,2,0.47772302775896325,520.8005753560709,248.7984277177123,10586.741572282288
796,2024-12-06,EU-West,pet_care,12661.88,4.4,0,90,low,0.24,0,none,0.0,,,199,164d+,1,0.0,0,0.35622106593891223,667.4662052486597,237.7655231118783,12424.11447688812
405,2025-05-31,EU-South,cleaning,8439.93,2.4,0,60,low,0.33,0,none,0.0,,,23,<30d,1,0.0,0,0.4806469517513029,682.0856830547848,327.84240439348764,8112.087595606513
1181,2025-01-07,Unknown,home_appliance,11556.03,6.7,0,0,low,0.59,0,none,0.0,,,167,164d+,1,0.0,0,0.03771883025899275,783.8531259932844,29.566023007321554,11526.46397699268
484,2025-02-21,EU-West,cleaning,10506.61,0.9,1,60,low,0.32,0,none,0.0,,,122,120-164d,1,0.0,0,0.38426632320870874,724.9717388957243,278.582224535684,10228.027775464316
159,2025-04-29,EU-North,cleaning,19637.36,3.4,0,30,medium,0.68,0,none,0.0,,,55,30-60d,1,0.0,1,0.5752799309961025,858.2799338548779,493.75122112337357,19143.608778876627
316,2024-07-23,EU-West,cleaning,9385.86,10.4,0,60,high,0.52,0,none,0.0,,,335,164d+,1,0.0,2,0.6758331995789428,961.0919329495111,649.5378361347789,8736.322163865221
257,2024-03-25,EU-South,home_appliance,7046.05,1.3,0,0,low,0.48,0,none,0.0,,,455,164d+,1,0.0,0,0.21650961478140468,671.0568908189764,145.2902689276237,6900.759731072377
1088,2025-06-10,EU-North,pet_care,8274.42,9.3,0,30,low,0.81,0,none,0.0,,,13,<30d,1,0.0,0,0.02616952642203512,637.1827338686459,16.674770389640102,8257.74522961036
883,2025-05-24,EU-South,home_appliance,12453.93,5.8,0,90,medium,0.5,1,freight_overrun,484.79,70.0,carrier surcharge applied,30,<30d,1,484.79,1,0.6628800082665545,925.8100038877336,613.7009430303597,11840.229056969642
385,2024-03-15,EU-West,home_appliance,16016.21,1.2,0,0,low,0.56,0,none,0.0,,,465,164d+,1,0.0,0,0.2057291568253406,900.6894930800843,185.29808997280918,15830.91191002719
178,2024-05-16,EU-South,pet_care,38608.14,1.3,0,60,medium,0.66,0,none,0.0,,,403,164d+,1,0.0,1,0.06278332991474929,229.469576324145,14.40686411575654,38593.73313588424
884,2024-06-12,EU-East,cleaning,6378.55,4.4,0,0,medium,0.48,0,none,0.0,,,376,164d+,1,0.0,1,0.3693867477870521,540.9639774074458,199.82492428448472,6178.725075715515
315,2024-06-18,EU-West,home_appliance,5258.1,4.8,0,30,medium,0.66,0,none,0.0,,,370,164d+,1,0.0,1,0.28705572926358186,354.16866167939213,101.66614346068471,5156.4338565393155
358,2024-09-15,EU-North,pet_care,4475.44,7.5,0,0,low,0.73,0,none,0.0,,,281,164d+,1,0.0,0,0.47428392999863106,589.4646822631609,279.5736260991663,4195.866373900833
299,2025-06-06,EU-North,pet_care,10909.38,0.1,1,30,medium,0.19,1,dispute,3417.71,91.0,,17,<30d,1,3417.71,1,0.7825306143832677,1143.3533173074018,894.7089738497083,10014.67102615029
456,2024-10-11,EU-West,pet_care,4331.13,1.7,0,30,low,0.56,0,none,0.0,,,255,164d+,1,0.0,0,0.39200882926072644,808.9749907313493,317.12533901780324,4014.004660982197
544,2024-12-23,EU-South,home_appliance,16949.99,5.6,0,30,high,0.67,1,return,483.97,53.0,goods sent back,182,164d+,1,483.97,2,0.6611886777178066,786.854530385233,520.259306501678,16429.730693498324
1358,2024-02-01,EU-East,cleaning,2877.76,7.6,0,30,low,0.66,1,freight_overrun,367.92,56.0,,508,164d+,1,367.92,0,0.6286797345975584,394.65357840442255,248.1107069292691,2629.649293070731
1107,2024-11-29,EU-West,pet_care,10511.23,2.7,0,0,low,0.84,0,none,0.0,,,206,164d+,1,0.0,0,0.10634815005667625,512.2420583460632,54.475995286327844,10456.754004713672
528,2025-01-20,Unknown,cleaning,13050.74,1.9,0,30,high,0.76,0,none,0.0,,,154,120-164d,1,0.0,2,0.5069886892726884,421.93408357683376,213.91580799209189,12836.824192007907
1167,2024-09-13,EU-South,home_appliance,3188.29,2.7,0,30,low,0.54,0,none,0.0,,,283,164d+,1,0.0,0,0.3338120490449226,424.32883731108643,141.64607865166337,3046.643921348337
160,2024-09-22,EU-North,pet_care,10457.06,2.7,0,90,medium,0.4,0,none,0.0,,,274,164d+,1,0.0,1,0.4461950599530527,971.0196459139821,433.26416912418125,10023.795830875819
1353,2024-09-07,EU-West,pet_care,48706.95,8.3,0,60,medium,0.24,1,freight_overrun,206.5,63.0,,289,164d+,1,206.5,1,0.7133944342061237,297.1447838720784,211.98143496772227,48494.96856503227
361,2025-03-23,EU-South,home_appliance,40508.72,3.2,0,30,medium,0.67,0,none,0.0,,,92,90-120d,1,0.0,1,0.12622838657128632,264.99913007245806,33.45041263184082,40475.26958736816
1229,2024-02-02,EU-South,home_appliance,4932.78,1.9,0,0,low,0.69,0,none,0.0,,"minor delay, no cost",507,164d+,1,0.0,0,0.4647288617892152,516.1986066801264,239.89239093963394,4692.887609060366
203,2025-03-13,EU-East,cleaning,31252.74,4.4,0,30,low,0.79,0,none,0.0,,,102,90-120d,1,0.0,0,0.04763725471810939,136.6637181186394,6.510284350741526,31246.22971564926
810,2024-10-08,EU-South,home_appliance,20625.16,5.7,0,90,medium,0.62,0,none,0.0,,,258,164d+,1,0.0,1,0.22416784100732423,773.5116220394602,173.3964303066592,20451.76356969334
673,2024-02-02,EU-South,home_appliance,2128.92,5.9,0,30,low,0.51,0,none,0.0,,,507,164d+,1,0.0,0,0.2676078543860476,158.7497619877459,42.48268318983642,2086.437316810164
113,2025-03-23,EU-West,cleaning,8878.69,2.3,0,0,medium,0.6,0,none,0.0,,,92,90-120d,1,0.0,1,0.5836022840458831,672.272530600264,392.3397843596199,8486.350215640381
1103,2025-02-17,EU-North,pet_care,3759.66,2.7,0,90,medium,0.43,0,none,0.0,,,126,120-164d,1,0.0,1,0.41039227741343554,724.7230922772405,297.4207603337641,3462.239239666236
308,2025-05-31,EU-North,beauty,7620.07,5.9,0,0,high,0.67,1,default,5422.98,49.0,,23,<30d,1,5422.98,2,0.5761199491595479,1050.5699663096993,605.2543155788919,7014.815684421108
858,2025-05-02,EU-South,cleaning,56665.29,6.3,0,30,medium,0.57,0,none,0.0,,,52,30-60d,1,0.0,1,0.28253181391657145,485.32107381907696,137.11864331804207,56528.17135668196
423,2024-02-28,EU-West,beauty,9546.24,2.9,0,0,low,0.5,0,none,0.0,,,481,164d+,1,0.0,0,0.4869204709706075,827.260313961405,402.8099816893799,9143.43001831062
1363,2025-02-15,EU-North,home_appliance,14697.88,13.1,0,60,medium,0.25,1,return,384.08,33.0,QC reject on arrival,128,120-164d,1,384.08,1,0.7594564130421876,501.06666898395207,380.53829512154937,14317.34170487845
1034,2024-12-07,EU-South,home_appliance,3863.28,4.9,0,30,low,0.68,0,none,0.0,,,198,164d+,1,0.0,0,0.06276701803460809,647.9913993675968,40.67248785037688,3822.6075121496233
1136,2025-06-12,EU-West,beauty,4237.22,5.6,0,90,high,0.16,0,none,0.0,,,11,<30d,1,0.0,2,0.3390410545878517,667.2528457710653,226.22610850696714,4010.993891493033
460,2025-05-27,EU-North,home_appliance,8565.42,8.3,0,90,high,0.31,1,default,,122.0,non-payment - escalated,27,<30d,0,5930.99,2,0.8454378322667864,981.6375857357458,829.9135525560306,7735.50644744397
1084,2024-12-22,EU-South,home_appliance,23444.37,3.6,0,0,high,0.82,0,none,0.0,,,183,164d+,1,0.0,2,0.16293546802580985,467.0440418677206,76.09803955038299,23368.271960449616
1207,2024-11-10,EU-North,cleaning,23527.74,5.4,0,30,low,0.72,0,none,0.0,,,225,164d+,1,0.0,0,0.45311706228300497,493.22252997997026,223.48754383631547,23304.252456163686
708,2024-10-17,Unknown,pet_care,7861.68,1.5,0,30,high,0.67,1,late_payment,385.96,23.0,paid 40 days late,249,164d+,1,385.96,2,0.8114043032016209,896.2464292003465,727.218209382248,7134.461790617752
792,2024-06-10,EU-East,beauty,9149.78,1.4,0,30,medium,0.72,0,none,0.0,,,378,164d+,1,0.0,1,0.4105911458679787,342.215955121985,140.5108411478406,9009.26915885216
450,2024-09-21,EU-North,cleaning,5965.42,1.3,0,60,low,0.66,0,none,0.0,,,275,164d+,1,0.0,0,0.19768036546348186,766.2216756882784,151.46698087610037,5813.9530191239
840,2024-02-28,EU-East,beauty,11273.8,2.3,0,30,medium,0.55,0,none,0.0,,,481,164d+,1,0.0,1,0.5198794772767136,697.7748077706093,362.75880232064367,10911.041197679355
81,2024-05-07,EU-North,beauty,16764.36,3.5,0,60,medium,0.56,0,none,0.0,,,412,164d+,1,0.0,1,0.5425870650534462,990.8562844014515,537.6258032431464,16226.734196756854
1219,2024-08-08,EU-North,pet_care,5814.4,2.5,0,30,low,0.54,0,none,0.0,,,319,164d+,1,0.0,0,0.3177460321886568,1128.3884911345126,358.54096582533674,5455.859034174663
1278,2024-07-26,EU-West,pet_care,9144.17,8.9,0,90,low,0.35,0,none,0.0,,,332,164d+,1,0.0,0,0.3159544312042541,779.6587691511592,246.33664294056334,8897.833357059437
216,2024-05-16,EU-North,home_appliance,1700.59,5.3,0,60,medium,0.6,0,none,0.0,,,403,164d+,1,0.0,1,0.411934893624246,184.06249168728166,75.82176293341404,1624.768237066586
1125,2025-06-02,EU-East,pet_care,4321.55,5.4,0,30,low,0.68,0,none,0.0,,,21,<30d,1,0.0,0,0.20160472146369607,623.0721440621925,125.61428605544623,4195.935713944554
31,2024-12-15,EU-North,pet_care,17641.33,0.6,1,0,low,0.38,0,none,0.0,,,190,164d+,1,0.0,0,0.7023012746973066,1305.5925977620589,916.9193456436618,16724.41065435634
243,2024-10-26,EU-West,beauty,9294.6,2.3,0,0,low,0.66,0,none,0.0,,,240,164d+,1,0.0,0,0.3442949293529757,668.1329220729137,230.03477720349105,9064.56522279651
846,2024-07-23,EU-South,home_appliance,9479.0,5.0,0,60,medium,0.2,0,none,0.0,,,335,164d+,1,0.0,1,0.5623827913870008,802.187984984852,451.13671821289455,9027.863281787106
642,2024-04-03,EU-South,cleaning,8146.41,4.0,0,60,low,0.57,0,none,0.0,,,446,164d+,1,0.0,0,0.35197302721379636,1115.134233643321,392.4971719651766,7753.912828034823
210,2025-04-02,EU-East,beauty,13302.77,3.7,0,30,medium,0.85,0,none,0.0,,,82,60-90d,1,0.0,1,0.13550293218674894,366.05943958013745,49.602127417746686,13253.167872582253
719,2024-08-22,EU-North,home_appliance,11677.59,2.1,0,0,medium,0.62,0,none,0.0,,,305,164d+,1,0.0,1,0.4700659053141932,704.9789600092969,331.3865730642285,11346.203426935772
436,2025-01-25,EU-West,home_appliance,10173.27,2.5,0,30,medium,0.49,0,none,0.0,,,149,120-164d,1,0.0,1,0.6410035672744641,946.8514714757174,606.9351708950103,9566.33482910499
935,2024-01-08,EU-North,beauty,14720.84,1.4,0,30,low,0.91,1,dispute,1034.49,39.0,chargeback pending,532,164d+,1,1034.49,0,0.4612585772257165,579.3744902992663,267.24145307631426,14453.598546923686
1308,2024-06-30,EU-North,home_appliance,8914.78,3.3,0,90,low,0.48,0,none,0.0,,,358,164d+,1,0.0,0,0.31031768943178706,832.8419884321987,258.445601512055,8656.334398487945
1019,2024-11-24,EU-West,home_appliance,8611.19,3.5,0,60,low,0.38,0,none,0.0,,,211,164d+,1,0.0,0,0.3216340482313859,777.6911213420531,250.1319436308505,8361.05805636915
1273,2024-12-17,EU-West,beauty,12747.88,5.0,0,30,medium,0.34,1,default,,28.0,buyer did not pay,188,164d+,0,5930.99,1,0.5488074785463859,684.0112118677105,375.39046848257595,12372.489531517424
552,2025-05-10,EU-West,home_appliance,4817.68,2.7,0,30,high,0.79,0,none,0.0,,,44,30-60d,1,0.0,2,0.4188278507100072,474.1988685958278,198.60769294310768,4619.072307056893
545,2024-02-08,EU-West,pet_care,6700.79,2.3,0,0,medium,0.83,0,none,0.0,,,501,164d+,1,0.0,1,0.31225851780612546,506.8182758389569,158.25832361052872,6542.531676389472
1134,2024-01-12,EU-North,home_appliance,4824.78,2.7,0,90,high,0.52,0,none,0.0,,,528,164d+,1,0.0,2,0.857976995738859,809.2746103460792,694.3389989124647,4130.441001087535
968,2025-06-10,EU-West,beauty,8412.82,3.8,0,0,medium,0.38,1,dispute,1662.3,64.0,buyer disputes invoice,13,<30d,1,1662.3,1,0.5595395826206454,689.921147338109,386.0381908227223,8026.781809177277
745,2025-04-29,EU-East,home_appliance,19581.22,6.3,0,30,medium,0.54,0,none,0.0,,,55,30-60d,1,0.0,1,0.46128605978343595,534.6304777408441,246.61758651720993,19334.60241348279
404,2025-03-28,EU-West,cleaning,82638.73,10.1,0,0,medium,0.63,0,none,0.0,,,87,60-90d,1,0.0,1,0.343606060040053,293.97566757095876,101.01182088170152,82537.7181791183
1380,2025-01-10,EU-East,home_appliance,19579.93,2.5,0,60,low,0.1,0,none,0.0,,buyer queried ETA,164,120-164d,1,0.0,0,0.45852595296500354,491.1164129844976,225.189621280471,19354.74037871953
363,2025-01-16,EU-West,home_appliance,4859.97,1.8,0,60,high,0.47,1,return,710.28,71.0,goods sent back,158,120-164d,1,710.28,2,0.807155761119173,675.7332359118512,545.421974345952,4314.548025654049
272,2024-07-01,EU-West,cleaning,16609.7,5.8,0,30,medium,0.23,1,freight_overrun,282.97,18.0,,357,164d+,1,282.97,1,0.7043850140789507,645.1110470349327,454.40655394818765,16155.293446051814
467,2025-02-11,EU-North,pet_care,13363.41,3.5,0,90,low,0.4,1,dispute,2678.77,58.0,,132,120-164d,1,2678.77,0,0.5595181696097233,1024.7971276839828,573.392613103044,12790.017386896956
1245,2024-01-18,EU-West,home_appliance,7705.8,8.5,0,0,low,0.73,0,none,0.0,,,522,164d+,1,0.0,0,0.4393970912898296,483.14289300555697,212.2915818639951,7493.508418136005
1027,2025-01-14,EU-South,home_appliance,9456.6,3.4,0,30,low,0.82,0,none,0.0,,,160,120-164d,1,0.0,0,0.08750417186273433,470.31754945294466,41.154747677390525,9415.44525232261
278,2024-02-07,EU-East,beauty,6656.18,1.4,0,30,medium,0.64,0,none,0.0,,,502,164d+,1,0.0,1,0.4258852864104674,490.6465235792662,208.95913522085596,6447.220864779144
1243,2025-01-16,EU-West,beauty,12446.41,7.1,0,60,high,0.4,0,none,0.0,,,158,120-164d,1,0.0,2,0.32717466683416313,625.3125817217959,204.58643559203898,12241.823564407961
1326,2024-12-09,EU-South,cleaning,6374.84,2.5,0,60,medium,0.27,1,return,,11.0,QC reject on arrival,196,164d+,0,658.67,1,0.7644488168602551,633.4242537597985,484.220421357268,5890.619578642732
1316,2024-12-22,EU-North,home_appliance,6774.22,2.5,0,30,low,0.47,0,none,0.0,,,183,164d+,1,0.0,0,0.22542203801728114,772.7917634217438,174.20429427349805,6600.015705726502
923,2024-04-20,EU-North,beauty,10000.8,3.7,0,30,low,0.75,0,none,0.0,,,429,164d+,1,0.0,0,0.35623847013217275,481.3697025527651,171.48240640537608,9829.317593594624
1074,2024-11-07,EU-South,beauty,7995.17,4.9,0,30,low,0.7,0,none,0.0,,,228,164d+,1,0.0,0,0.1557311964100796,932.8773737266662,145.27810951434668,7849.891890485654
443,2024-12-16,EU-North,home_appliance,4959.51,5.8,0,60,medium,0.44,0,none,0.0,,,189,164d+,1,0.0,1,0.4837696266255127,543.7191301642515,263.0348005887085,4696.475199411292
300,2024-04-05,EU-North,cleaning,9254.65,3.2,0,30,high,0.54,1,freight_overrun,553.02,38.0,,444,164d+,1,553.02,2,0.6977420246502566,799.8405794282259,558.0823852876847,8696.567614712316
1168,2025-04-22,EU-East,home_appliance,54853.57,3.5,0,30,medium,0.52,0,none,0.0,,,62,60-90d,1,0.0,1,0.1773232816880984,306.7392300971489,54.39200690330717,54799.177993096695
376,2024-08-11,EU-West,beauty,17080.12,1.3,0,30,low,0.59,0,none,0.0,,,316,164d+,1,0.0,0,0.27120351772559403,573.1133304224305,155.43035126599386,16924.689648734005
880,2024-05-25,EU-East,cleaning,6057.54,7.9,0,60,low,0.67,0,none,0.0,,,394,164d+,1,0.0,0,0.2932779167804738,668.9709091362637,196.19439461822304,5861.345605381777
1341,2024-01-26,EU-West,home_appliance,7502.93,4.0,0,60,low,0.07,0,none,0.0,,,514,164d+,1,0.0,0,0.45406354464805226,688.4007845988091,312.5777003934356,7190.352299606565
1104,2024-07-27,Unknown,pet_care,9306.34,0.7,1,60,medium,0.36,1,return,1048.29,38.0,,331,164d+,1,1048.29,1,0.7619992398131903,745.6006713122995,568.1471447441766,8738.192855255824
1118,2025-03-23,EU-North,home_appliance,2669.09,3.4,0,60,low,0.27,0,none,0.0,,,92,90-120d,1,0.0,0,0.7170317226672892,432.32049712996485,309.9875108014776,2359.1024891985226
473,2024-10-17,EU-West,pet_care,10186.76,2.2,0,60,medium,0.24,0,none,0.0,,,249,164d+,1,0.0,1,0.610323364170101,687.6318640657153,419.67779258714495,9767.082207412855
979,2024-04-04,Unknown,home_appliance,16956.44,4.4,0,0,medium,0.62,0,none,0.0,,,445,164d+,1,0.0,1,0.4460896580479153,578.0991641729494,257.88405846369665,16698.555941536302
564,2024-12-27,EU-North,home_appliance,41909.15,3.1,0,90,medium,0.49,0,none,0.0,,,178,164d+,1,0.0,1,0.24166480923276487,584.8459008418721,141.33667305751553,41767.81332694249
1266,2024-10-13,EU-South,pet_care,47438.16,1.8,0,30,medium,0.62,0,none,0.0,,,253,164d+,1,0.0,1,0.1970181944364481,312.2580062579208,61.520508591260665,47376.63949140874
389,2024-01-07,EU-West,pet_care,9605.79,3.4,0,30,low,0.4,0,none,0.0,,,533,164d+,1,0.0,0,0.27164058158310933,724.6357181856988,196.84046792385735,9408.949532076143
23,2024-07-02,EU-South,beauty,6086.78,3.5,0,60,low,0.4,0,none,0.0,,,356,164d+,1,0.0,0,0.22030408252511952,768.2934642566764,169.2581867531128,5917.521813246887
714,2025-02-06,EU-South,cleaning,16202.7,4.3,0,30,low,0.48,0,none,0.0,,buyer queried ETA,137,120-164d,1,0.0,0,0.3484097216690684,833.6861588873346,290.464362577291,15912.23563742271
125,2025-05-31,EU-West,cleaning,5719.4,4.7,0,30,medium,0.74,0,none,0.0,,,23,<30d,1,0.0,1,0.46577372146014057,895.3536416553741,417.03219769671273,5302.367802303287
424,2024-05-13,EU-West,cleaning,14511.07,6.6,0,30,low,0.61,0,none,0.0,,,406,164d+,1,0.0,0,0.3119992980703565,740.1162809383062,230.9157601431943,14280.154239856805
1253,2024-12-22,EU-West,pet_care,12069.16,5.7,0,90,low,0.45,0,none,0.0,,,183,164d+,1,0.0,0,0.27297334214935753,703.9774835198173,192.16708647429877,11876.9929135257
1334,2024-03-29,EU-South,home_appliance,8865.1,2.2,0,30,low,0.47,0,none,0.0,,,451,164d+,1,0.0,0,0.2630825708893822,678.8047615959684,178.58170181262156,8686.518298187379
1055,2025-06-03,EU-West,cleaning,7613.27,2.9,0,0,medium,0.59,0,none,0.0,,,20,<30d,1,0.0,1,0.6267649561606354,664.5991089658777,416.5474313953957,7196.722568604605
1397,2024-09-08,Unknown,cleaning,4736.49,3.3,0,30,medium,0.36,1,return,,73.0,QC reject on arrival,288,164d+,0,658.67,1,0.8375017422435136,559.8824680138357,468.9025424131857,4267.587457586814
143,2024-04-03,EU-South,beauty,12257.66,4.4,0,30,high,0.78,0,none,0.0,,,446,164d+,1,0.0,2,0.07853026544812515,531.3595540362262,41.72780682686224,12215.932193173137
51,2025-01-12,EU-West,pet_care,6609.82,3.9,0,0,high,0.74,0,none,0.0,,,162,120-164d,1,0.0,2,0.5071750262095046,614.5410132507371,311.67985450225814,6298.140145497741
1303,2024-03-11,EU-North,beauty,10556.78,2.0,0,30,low,0.57,0,none,0.0,,,469,164d+,1,0.0,0,0.25250597784693035,926.3190680839537,233.90110208479598,10322.878897915205
1018,2024-10-10,EU-South,beauty,6990.4,4.1,0,30,medium,0.58,0,none,0.0,,"minor delay, no cost",256,164d+,1,0.0,1,0.3783942979636228,835.8434166837125,316.2783828635492,6674.12161713645
624,2024-12-18,EU-East,home_appliance,2035.61,4.2,0,30,low,0.38,0,none,0.0,,,187,164d+,1,0.0,0,0.3547487935175036,209.88010321451014,74.4547133986766,1961.1552866013233
1180,2024-01-19,Unknown,pet_care,6273.52,1.7,0,30,low,0.48,0,none,0.0,,,521,164d+,1,0.0,0,0.1897230895256816,715.288980931894,135.70683536607527,6137.813164633925
82,2024-11-14,EU-East,home_appliance,17858.27,2.7,0,30,medium,0.63,0,none,0.0,,,221,164d+,1,0.0,1,0.45381622235778835,414.5418132584435,188.12579970229456,17670.144200297706
704,2024-04-21,EU-South,pet_care,10224.68,2.8,0,60,low,0.31,0,none,0.0,,,428,164d+,1,0.0,0,0.3694152748917228,680.7181068897,251.4676665804317,9973.21233341957
483,2024-07-07,EU-East,beauty,26873.32,4.2,0,90,low,0.65,0,none,0.0,,,351,164d+,1,0.0,0,0.4973343090633632,900.2663168479035,447.73332666257085,26425.586673337428
322,2024-02-12,EU-East,home_appliance,7934.28,1.4,0,60,low,0.3,0,none,0.0,,,497,164d+,1,0.0,0,0.5379443441478551,581.2454345638838,312.6776940854035,7621.602305914596
1163,2025-04-07,EU-South,cleaning,15515.92,3.3,0,0,high,0.63,0,none,0.0,,,77,60-90d,1,0.0,2,0.631914719245029,628.5066973346036,397.1626331898164,15118.757366810183
955,2024-05-26,EU-South,beauty,2547.51,2.6,0,60,low,0.43,0,none,0.0,,,393,164d+,1,0.0,0,0.38810763538418663,317.1256415200628,123.0788828500448,2424.4311171499553
1329,2024-01-25,EU-West,beauty,5558.73,5.6,0,60,low,0.42,0,none,0.0,,,515,164d+,1,0.0,0,0.10471308468255904,381.3415305083514,39.93144797709767,5518.798552022902
67,2024-06-06,EU-East,beauty,5437.81,1.7,0,0,medium,0.38,1,late_payment,215.2,82.0,,382,164d+,1,215.2,1,0.5408358079211113,358.47368701577807,193.87540613563792,5243.934593864363
862,2024-10-29,Unknown,pet_care,26298.42,8.6,0,30,high,0.82,0,none,0.0,,,237,164d+,1,0.0,2,0.10678005575164778,752.3455703258469,80.33550194389917,26218.084498056098
1234,2024-03-25,Unknown,cleaning,11540.08,1.3,0,60,medium,0.56,0,none,0.0,,,455,164d+,1,0.0,1,0.5008225971764398,955.7288020025449,478.65058081524194,11061.429419184758
737,2024-07-24,EU-West,home_appliance,3958.55,4.7,0,30,medium,0.54,0,none,0.0,,,334,164d+,1,0.0,1,0.21842778671179766,654.7461733886405,143.01475751129965,3815.5352424887005
1022,2024-12-02,Unknown,home_appliance,2833.57,3.2,0,30,medium,0.7,0,none,0.0,,,203,164d+,1,0.0,1,0.8660318204736962,437.5481547605943,378.930625012224,2454.639374987776
418,2024-04-22,EU-North,beauty,5747.2,1.9,0,60,medium,0.37,1,dispute,,30.0,chargeback pending,427,164d+,0,1348.18,1,0.5456974784820078,900.5036570572497,491.40257501996786,5255.797424980032
633,2024-04-20,EU-West,home_appliance,8278.24,2.7,0,30,high,0.53,0,none,0.0,,,429,164d+,1,0.0,2,0.5884298887376508,1028.6671598338303,605.298502409096,7672.941497590904
1114,2024-08-07,EU-South,home_appliance,5887.52,9.2,0,30,high,0.66,0,none,0.0,,,320,164d+,1,0.0,2,0.48278632683447154,1300.9746659317966,628.0927802699158,5259.427219730084
65,2024-07-07,EU-North,cleaning,18251.35,2.3,0,30,low,0.62,0,none,0.0,,,351,164d+,1,0.0,0,0.34950017789843196,703.17371641982,245.75933898222866,18005.59066101777
140,2025-01-28,EU-West,beauty,6795.15,5.7,0,60,low,0.33,0,none,0.0,,,146,120-164d,1,0.0,0,0.285283047306369,688.4007845988091,196.3890735984436,6598.760926401556
1123,2024-10-15,EU-South,beauty,4229.05,3.7,0,0,high,0.65,0,none,0.0,,,251,164d+,1,0.0,2,0.26186253994530495,893.802253272256,234.0533282507097,3994.9966717492903
1139,2024-05-22,EU-West,home_appliance,4508.75,6.0,0,0,medium,0.55,0,none,0.0,,,397,164d+,1,0.0,1,0.27769134754053304,619.3512887729335,171.9884939803217,4336.761506019679
492,2024-10-31,EU-North,cleaning,3579.83,2.7,0,90,high,0.55,1,freight_overrun,833.51,16.0,container reweigh cost,235,164d+,1,833.51,2,0.6944063001462927,735.3645305742191,510.6417629348588,3069.188237065141
1091,2024-03-06,EU-West,pet_care,11669.14,0.5,1,0,medium,0.48,0,none,0.0,,,474,164d+,1,0.0,1,0.31452820253300073,781.1126701163006,245.68196410743278,11423.458035892567
973,2024-08-04,EU-West,home_appliance,13757.17,1.2,0,30,low,0.44,0,none,0.0,,,323,164d+,1,0.0,0,0.17908667530836408,715.3049099782833,128.1015781597594,13629.06842184024
533,2024-05-13,EU-West,cleaning,21099.73,1.3,0,90,low,0.37,0,none,0.0,,,406,164d+,1,0.0,0,0.18948348704545065,656.5772263893509,124.4105423708845,20975.319457629113
66,2024-03-07,EU-East,cleaning,4977.4,1.9,0,30,high,0.54,1,dispute,,67.0,,473,164d+,0,1348.18,2,0.8383195213776607,739.0729637987469,619.5792932749347,4357.820706725065
1175,2024-06-28,EU-East,beauty,7093.79,2.1,0,30,low,0.58,0,none,0.0,,,360,164d+,1,0.0,0,0.3170050225696106,532.2833513431771,168.73649580597183,6925.053504194028
782,2024-09-27,EU-South,pet_care,15674.23,1.4,0,30,low,0.67,0,none,0.0,,,269,164d+,1,0.0,0,0.22414977892818197,690.4103223804163,154.75532113130518,15519.474678868695
1170,2024-03-19,EU-West,pet_care,4752.91,15.5,0,90,low,0.48,0,none,0.0,,,461,164d+,1,0.0,0,0.08596541398918552,558.365844917178,48.000151015726566,4704.909848984274
297,2024-11-10,EU-South,home_appliance,21249.92,6.1,0,0,medium,0.48,0,none,0.0,,,225,164d+,1,0.0,1,0.07841039339108545,718.099948424056,56.306499450048406,21193.61350054995
592,2024-04-16,EU-East,cleaning,8242.96,3.7,0,0,low,0.74,0,none,0.0,,,433,164d+,1,0.0,0,0.34460078718298875,346.689470701327,119.469464511731,8123.4905354882685
420,2024-01-31,EU-South,cleaning,8230.2,1.9,0,30,low,0.93,0,none,0.0,,,509,164d+,1,0.0,0,0.27055128673204165,535.8949208455134,144.98706038791926,8085.212939612082
439,2024-06-19,EU-North,cleaning,18108.94,1.8,0,0,medium,0.55,1,late_payment,638.18,34.0,,369,164d+,1,638.18,1,0.6449223855403687,885.0226082179629,570.7708917490878,17538.16910825091
262,2025-03-08,EU-South,cleaning,7833.11,1.7,0,30,low,0.94,0,none,0.0,,,107,90-120d,1,0.0,0,0.2757103671193446,535.8949208455134,147.75178536370862,7685.358214636291
725,2024-10-26,EU-West,beauty,3942.14,6.1,0,60,high,0.29,0,none,0.0,,,240,164d+,1,0.0,2,0.38494527135992146,707.3392496630921,272.28689940508224,3669.8531005949176
1226,2025-05-06,EU-South,beauty,7196.99,3.8,0,0,low,0.53,0,none,0.0,,,48,30-60d,1,0.0,0,0.25839214342002376,947.0990269349835,244.7229476007492,6952.267052399251
282,2024-11-14,EU-West,pet_care,2365.37,1.0,0,30,high,1.0,0,none,0.0,,,221,164d+,1,0.0,2,0.19277945767666602,148.20541670141097,28.570959856442308,2336.7990401435577
627,2025-06-19,EU-North,pet_care,13904.7,2.6,0,30,medium,0.45,0,none,0.0,,,4,<30d,1,0.0,1,0.3495449817123408,962.7052768930843,336.5087984059671,13568.191201594034
875,2024-10-14,EU-North,pet_care,6597.14,4.7,0,90,high,0.23,0,none,0.0,,,252,164d+,1,0.0,2,0.5914049640445315,1139.3057219425955,673.7910595211896,5923.348940478811
934,2024-06-01,Unknown,home_appliance,14309.64,4.0,0,60,medium,0.7,0,none,0.0,,,387,164d+,1,0.0,1,0.6097024114278798,762.4221177702817,464.85060373049174,13844.789396269507
1354,2024-04-27,EU-West,home_appliance,10333.3,10.3,0,60,low,0.33,0,none,0.0,,,422,164d+,1,0.0,0,0.33527970978893085,744.6422861596669,249.66344960017912,10083.63655039982
189,2024-11-30,EU-North,home_appliance,17335.36,5.2,0,0,low,0.55,0,none,0.0,,,205,164d+,1,0.0,0,0.28647702251742957,839.5349547617402,240.50747413944828,17094.85252586055
1121,2024-09-22,EU-North,home_appliance,7437.42,9.5,0,60,medium,0.23,1,freight_overrun,492.52,16.0,carrier surcharge applied,274,164d+,1,492.52,1,0.800899964888058,740.5725769808313,593.1245509010064,6844.295449098994
252,2024-04-11,EU-South,home_appliance,26071.66,5.8,0,30,medium,0.5,0,none,0.0,,,438,164d+,1,0.0,1,0.4147049138237844,1577.183292838984,654.0656615411034,25417.594338458897
584,2024-02-01,EU-West,home_appliance,7948.93,4.7,0,30,low,0.66,0,none,0.0,,,508,164d+,1,0.0,0,0.1624586932519793,673.8177158656856,109.46754560957277,7839.462454390427
902,2024-08-17,EU-West,cleaning,3857.43,1.0,0,90,low,0.56,0,none,0.0,,,310,164d+,1,0.0,0,0.1114862902244976,592.1472309148373,66.01629804140416,3791.4137019585955
1161,2024-02-29,EU-West,cleaning,6338.85,5.9,0,30,high,0.6,0,none,0.0,,,480,164d+,1,0.0,2,0.44602676432911137,928.2812373951316,414.0382767027742,5924.811723297226
991,2024-12-17,EU-North,beauty,12057.73,2.7,0,90,low,0.46,0,none,0.0,,,188,164d+,1,0.0,0,0.2965233297350115,804.1528902634892,238.45009263696312,11819.279907363036
515,2024-01-25,EU-West,home_appliance,3701.1,5.3,0,0,low,0.78,0,none,0.0,,,515,164d+,1,0.0,0,0.01776910734070709,381.19090623002955,6.773422130102806,3694.326577869897
913,2025-02-03,EU-South,beauty,26921.28,6.0,0,30,low,0.67,0,none,0.0,,,140,120-164d,1,0.0,0,0.2581326775101615,1690.872443299299,436.46943111699676,26484.810568883004
707,2024-09-03,EU-North,cleaning,21465.55,4.3,0,30,medium,0.74,0,none,0.0,,,293,164d+,1,0.0,1,0.23191382602032182,503.10999342349714,116.67816348390217,21348.871836516097
488,2025-01-03,EU-West,home_appliance,6539.49,1.5,0,30,medium,0.52,0,none,0.0,,,171,164d+,1,0.0,1,0.45393475842185027,818.5075164672346,371.5490117540228,6167.940988245977
664,2024-11-27,EU-West,home_appliance,17631.75,7.9,0,0,low,0.66,0,none,0.0,,,208,164d+,1,0.0,0,0.4044010735016111,673.9316140911993,272.5386682051545,17359.211331794846
274,2024-05-29,EU-East,home_appliance,7728.96,3.1,0,90,high,0.67,0,none,0.0,,,390,164d+,1,0.0,2,0.6915418780715726,752.160439035716,520.1504426218976,7208.809557378103
686,2024-01-14,EU-West,home_appliance,4989.5,2.8,0,30,low,0.63,1,late_payment,118.15,52.0,payment delayed,526,164d+,1,118.15,0,0.5689093527180902,446.3977075677368,253.95983086720045,4735.5401691328
1159,2024-02-06,EU-East,beauty,3798.32,9.5,0,0,high,0.38,0,none,0.0,,,503,164d+,1,0.0,2,0.223555611836327,531.6161086578051,118.8457644330429,3679.4742355669573
1258,2024-05-24,EU-South,beauty,6153.94,1.4,0,0,low,0.65,0,none,0.0,,,395,164d+,1,0.0,0,0.14346507641442696,660.0574713918535,94.6951955711457,6059.244804428854
449,2024-01-04,Unknown,beauty,4980.23,7.0,0,30,medium,0.6,0,none,0.0,,,536,164d+,1,0.0,1,0.4381162755177924,546.0670445744204,239.2408597519534,4740.989140248046
412,2024-11-17,EU-North,beauty,11700.71,3.3,0,0,low,0.56,0,none,0.0,,,218,164d+,1,0.0,0,0.25189325590988443,968.9691406145085,244.07679170559118,11456.633208294408
459,2024-08-16,EU-North,home_appliance,3978.87,0.5,1,30,low,0.55,0,none,0.0,,,311,164d+,1,0.0,0,0.2543814707063034,690.0705619614262,175.54116444287286,3803.328835557127
1042,2024-12-10,EU-North,home_appliance,2643.78,6.7,0,30,high,0.62,0,none,0.0,,,195,164d+,1,0.0,2,0.2022160693683026,295.80370654963525,59.81626284304207,2583.963737156958
1218,2024-01-16,EU-East,pet_care,2435.8,7.4,0,60,low,0.22,0,none,0.0,,,524,164d+,1,0.0,0,0.734828136977061,401.6610291730167,295.1518257634968,2140.6481742365036
668,2024-09-15,EU-South,pet_care,4132.59,0.5,1,0,low,0.44,0,none,0.0,,,281,164d+,1,0.0,0,0.2985777226350262,615.1276393443954,183.66340968530932,3948.9265903146907
1333,2024-11-15,EU-East,beauty,8486.94,0.7,1,30,low,0.19,0,none,0.0,,,220,164d+,1,0.0,0,0.4542197778410875,526.332431342934,239.07060003514692,8247.869399964853
150,2025-02-21,Unknown,home_appliance,10928.83,4.9,0,60,medium,0.49,0,none,0.0,,,122,120-164d,1,0.0,1,0.43810453667965704,933.9691954462804,409.1761416440647,10519.653858355936
802,2025-06-02,EU-West,pet_care,5597.53,3.7,0,90,low,0.33,0,none,0.0,,,21,<30d,1,0.0,0,0.40001300649159094,374.33125812010616,149.73737198440344,5447.792628015596
954,2025-02-04,EU-West,beauty,9321.46,2.6,0,30,low,0.77,0,none,0.0,,,139,120-164d,1,0.0,0,0.1742435408571206,468.182063260479,81.5777004682983,9239.8822995317
734,2024-09-13,EU-West,pet_care,8004.5,2.9,0,0,low,0.42,0,none,0.0,,,283,164d+,1,0.0,0,0.26718417307969194,716.3655028337593,191.40152449745568,7813.098475502545
219,2024-08-27,Unknown,pet_care,14355.04,0.0,1,30,low,0.22,1,dispute,1240.24,45.0,chargeback pending,300,164d+,1,1240.24,0,0.857790157575609,807.5222782755445,692.6846623277941,13662.355337672207
240,2024-01-07,EU-West,cleaning,9067.65,5.0,0,30,medium,0.78,0,none,0.0,,,533,164d+,1,0.0,1,0.07419326733351116,450.92272079148626,33.45542997043695,9034.194570029562
1000,2024-05-17,EU-West,beauty,29176.38,2.6,0,30,medium,0.63,0,none,0.0,,,402,164d+,1,0.0,1,0.33639199330492664,804.9726393401178,270.78635070355,28905.59364929645
726,2024-10-18,EU-West,beauty,3763.8,0.7,1,30,low,0.63,0,none,0.0,,,248,164d+,1,0.0,0,0.1805991553884302,406.0477183912893,73.331874988866,3690.4681250111344
193,2025-01-23,EU-West,pet_care,5870.64,2.9,0,60,medium,0.38,0,none,0.0,,,151,120-164d,1,0.0,1,0.4895235534605572,770.4526068357524,377.15469787118707,5493.485302128814
1374,2025-02-22,EU-South,home_appliance,14631.92,3.7,0,60,medium,0.66,0,none,0.0,,,121,120-164d,1,0.0,1,0.5008991578827655,829.3909237824167,415.4412152782215,14216.47878472178
192,2025-06-20,EU-West,home_appliance,7957.36,6.5,0,30,low,0.59,0,none,0.0,,,3,<30d,1,0.0,0,0.161131641616008,741.9057489701131,119.54449125590826,7837.815508744092
807,2024-07-22,EU-North,cleaning,8213.4,2.5,0,90,high,0.63,0,none,0.0,,,336,164d+,1,0.0,2,0.5869727525738189,841.8359129206208,494.13474302251046,7719.265256977489
948,2024-12-31,EU-South,pet_care,11937.52,3.0,0,30,low,0.5,0,none,0.0,,,174,164d+,1,0.0,0,0.46816013371261694,737.4087680765545,345.2253874635759,11592.294612536425
831,2024-01-26,EU-North,home_appliance,13952.65,1.1,0,30,low,0.69,0,none,0.0,,,514,164d+,1,0.0,0,0.29820610144143855,744.9880107451644,222.159970304928,13730.490029695071
645,2025-04-21,EU-North,pet_care,36859.38,5.8,0,60,high,0.63,0,none,0.0,,,63,60-90d,1,0.0,2,0.21744561786169905,363.6314923541675,79.07007452892366,36780.309925471076
983,2024-01-05,EU-North,home_appliance,10222.46,3.9,0,0,high,0.84,0,none,0.0,,,535,164d+,1,0.0,2,0.2442201626673449,478.2474627116452,116.79767313868295,10105.662326861317
826,2024-01-21,EU-West,home_appliance,8787.52,3.2,0,30,medium,0.8,0,none,0.0,,,519,164d+,1,0.0,1,0.3028743056009145,506.1978337438177,153.31431739184595,8634.205682608155
1356,2024-06-02,EU-West,cleaning,4317.9,2.6,0,60,low,0.31,0,none,0.0,,,386,164d+,1,0.0,0,0.7574424519950252,623.5172791614935,472.27845678934835,3845.6215432106515
17,2025-01-05,Unknown,beauty,21063.71,4.8,0,90,medium,0.25,0,none,0.0,,,169,164d+,1,0.0,1,0.177370635537719,554.3371688818357,98.32313594675108,20965.38686405325
987,2025-04-09,EU-West,pet_care,9223.0,6.6,0,60,low,0.44,0,none,0.0,,,75,60-90d,1,0.0,0,0.12593879723497348,729.0971452337695,91.8216175381937,9131.178382461807
1124,2024-03-30,EU-West,cleaning,16315.64,3.7,0,90,low,0.24,0,none,0.0,,,450,164d+,1,0.0,0,0.47485216710651074,686.7401962040464,326.1000704066418,15989.539929593358
583,2025-01-12,EU-West,pet_care,3215.12,6.3,0,30,medium,0.7,1,return,1101.69,52.0,goods sent back,162,120-164d,1,1101.69,1,0.5979199054735514,653.0774490241824,390.4880065874473,2824.6319934125527
1327,2024-06-30,EU-West,cleaning,11237.39,0.5,1,60,low,0.15,0,none,0.0,,,358,164d+,1,0.0,0,0.4218107604376236,758.3612683303035,319.884943280846,10917.505056719154
982,2025-01-30,EU-South,home_appliance,12047.33,10.5,0,30,low,0.7,0,none,0.0,,,144,120-164d,1,0.0,0,0.14275241631974556,1306.47237160298,186.50208790131393,11860.827912098686
628,2024-02-14,EU-West,beauty,4034.77,6.6,0,60,low,0.37,0,none,0.0,,,495,164d+,1,0.0,0,0.03762474442589551,599.0875663271601,22.54051657179112,4012.229483428209
1297,2024-07-25,EU-West,pet_care,5959.84,7.1,0,60,high,0.6,0,none,0.0,,,333,164d+,1,0.0,2,0.22590605486627593,984.98965184882,222.51512633327357,5737.3248736667265
324,2025-06-20,EU-East,beauty,11378.34,3.9,0,60,low,0.31,0,none,0.0,,,3,<30d,1,0.0,0,0.34385503112418425,571.6652324374527,196.56996629239433,11181.770033707606
1140,2025-05-05,EU-North,beauty,12378.15,2.7,0,30,low,0.57,0,none,0.0,,,49,30-60d,1,0.0,0,0.24915377748521,894.4138052799087,222.84657822041032,12155.303421779588
632,2025-03-26,EU-South,beauty,10799.86,2.7,0,30,low,0.56,0,none,0.0,,,89,60-90d,1,0.0,0,0.22639077570827165,894.1009346690612,202.41620416121947,10597.44379583878
1362,2025-05-03,EU-West,pet_care,8486.54,1.4,0,30,low,0.56,0,none,0.0,,,51,30-60d,1,0.0,0,0.24481876663254756,912.4351779209534,223.3812548907569,8263.158745109244
779,2024-11-22,EU-North,home_appliance,13528.08,4.0,0,0,medium,0.52,0,none,0.0,,,213,164d+,1,0.0,1,0.5215126051028991,781.2889284886039,407.45202443414445,13120.627975565856
908,2025-04-25,EU-West,beauty,3518.83,1.2,0,60,low,0.28,0,none,0.0,,,59,30-60d,1,0.0,0,0.5899270122492448,448.16133028864687,264.3824745828284,3254.4475254171716
438,2024-07-13,EU-East,beauty,2884.47,2.7,0,30,low,0.54,0,none,0.0,,,345,164d+,1,0.0,0,0.4568894579292466,431.2527185147603,197.03482079272283,2687.435179207277
120,2024-12-25,EU-North,home_appliance,10810.96,1.2,0,0,low,0.92,0,none,0.0,,,180,164d+,1,0.0,0,0.32719796353740144,543.316638567554,177.77209769529006,10633.18790230471
1086,2024-04-18,EU-North,beauty,8539.83,1.0,0,90,low,0.4,0,none,0.0,,,431,164d+,1,0.0,0,0.19836139562209867,823.192703284558,163.2896534894531,8376.540346510546
791,2024-12-02,EU-West,home_appliance,3366.91,5.1,0,30,low,0.77,0,none,0.0,,,203,164d+,1,0.0,0,0.061929057829949334,400.5065785762479,24.8029950659236,3342.107004934076
342,2024-10-29,EU-South,home_appliance,20611.83,11.5,0,0,low,0.4,0,none,0.0,,,237,164d+,1,0.0,0,0.12473685933925775,671.4091216229745,83.74946516297956,20528.080534837023
816,2024-08-16,EU-South,home_appliance,3002.29,7.1,0,60,low,0.41,0,none,0.0,,,311,164d+,1,0.0,0,0.1832482074124029,643.5232463946024,117.92448133002097,2884.365518669979
3,2024-05-25,EU-South,pet_care,5447.67,2.8,0,30,medium,0.89,0,none,0.0,,,394,164d+,1,0.0,1,0.2926009478827696,315.3994241970363,92.28617048173255,5355.383829518268
230,2025-04-01,EU-West,beauty,6141.78,4.8,0,0,medium,0.73,0,none,0.0,,,83,60-90d,1,0.0,1,0.34071949081079383,507.8435113178574,173.032182587786,5968.747817412213
893,2024-03-11,EU-West,cleaning,16462.02,3.5,0,60,medium,0.51,0,none,0.0,,,469,164d+,1,0.0,1,0.6101534612724043,816.5335345663318,498.2107623606378,15963.809237639363
1347,2024-05-10,Unknown,home_appliance,20299.12,0.4,1,0,low,0.58,0,none,0.0,,,409,164d+,1,0.0,0,0.38408381787073137,711.8453877765339,273.4082942708824,20025.711705729118
77,2024-04-28,EU-West,beauty,9947.19,1.8,0,30,low,0.61,0,none,0.0,,,421,164d+,1,0.0,0,0.28481733097777195,668.1329220729137,190.295835603187,9756.894164396814
1291,2024-07-04,EU-East,pet_care,8793.34,1.4,0,60,low,0.51,0,none,0.0,,,354,164d+,1,0.0,0,0.34119982788521624,686.7101312777997,234.30537859901952,8559.03462140098
1126,2024-03-29,EU-East,home_appliance,31254.36,3.2,0,60,medium,0.27,0,none,0.0,,,451,164d+,1,0.0,1,0.2885733838069843,341.2045429261752,98.4625495225218,31155.897450477478
372,2024-12-31,EU-West,cleaning,5602.22,1.5,0,30,medium,0.55,0,none,0.0,,"minor delay, no cost",174,164d+,1,0.0,1,0.4242293621248612,439.04529651293865,186.2559060836045,5415.9640939163955
181,2025-03-30,EU-South,pet_care,4847.26,1.4,0,0,medium,0.46,1,late_payment,223.06,66.0,,85,60-90d,1,223.06,1,0.717149626799501,517.6007130049247,371.1971581626374,4476.062841837363
1248,2024-08-07,EU-West,cleaning,6403.47,2.1,0,60,medium,0.47,1,freight_overrun,522.83,15.0,extra freight billed,320,164d+,1,522.83,1,0.5500893050950583,718.4077204519093,395.18840371831567,6008.281596281685
578,2025-03-01,EU-East,pet_care,18109.75,2.3,0,30,low,0.49,0,none,0.0,,,114,90-120d,1,0.0,0,0.473490501138018,625.6273932877099,296.2286279734696,17813.52137202653
937,2024-02-13,EU-South,pet_care,3817.26,3.9,0,0,low,0.89,0,none,0.0,,,496,164d+,1,0.0,0,0.178722432986943,624.0017542506201,111.52311170779133,3705.7368882922087
1149,2024-09-07,EU-East,home_appliance,4980.27,6.5,0,0,low,0.57,0,none,0.0,,,289,164d+,1,0.0,0,0.2840016949916854,603.7310896300063,171.46065277409895,4808.809347225902
1038,2024-06-15,EU-East,cleaning,5138.8,8.9,0,30,medium,0.61,0,none,0.0,,,373,164d+,1,0.0,1,0.2134261170245657,445.7182913278242,95.12792420492168,5043.672075795079
1201,2025-03-09,EU-East,beauty,10380.36,2.6,0,90,medium,0.62,0,none,0.0,,,106,90-120d,1,0.0,1,0.45403876998013704,488.48396142185766,221.79065699900497,10158.569343000996
1386,2024-10-05,EU-West,cleaning,12704.34,1.8,0,30,medium,0.56,0,none,0.0,,,261,164d+,1,0.0,1,0.49701468265108323,883.5185287729022,439.12168119441594,12265.218318805584
894,2024-04-06,EU-West,home_appliance,22775.04,5.5,0,30,medium,0.5,0,none,0.0,,,443,164d+,1,0.0,1,0.5921284065693937,663.6421408161627,392.9613633737756,22382.078636626225
590,2024-07-10,EU-West,home_appliance,10351.59,6.6,0,0,medium,0.7,0,none,0.0,,,348,164d+,1,0.0,1,0.24086790693358975,839.0130576629157,202.09131908921776,10149.498680910783
1046,2025-01-08,EU-West,beauty,25493.45,3.3,0,30,low,0.66,0,none,0.0,,,166,164d+,1,0.0,0,0.45690182622762804,1187.3529797555102,542.5037448271084,24950.946255172894
786,2024-12-09,EU-West,home_appliance,3261.94,2.7,0,30,low,0.44,0,none,0.0,,,196,164d+,1,0.0,0,0.3311915201433122,526.5540595972776,174.3902394356546,3087.5497605643454
1070,2025-06-01,Unknown,home_appliance,11063.07,3.5,0,30,low,0.69,0,none,0.0,,,22,<30d,1,0.0,0,0.34365998809417286,851.0783183288919,292.48156474411564,10770.588435255884
312,2024-10-09,EU-East,beauty,26808.97,5.7,0,0,low,0.51,0,none,0.0,,,257,164d+,1,0.0,0,0.10219554505571019,1040.3931124230303,106.32354119627834,26702.646458803723
302,2025-06-05,EU-West,pet_care,9410.68,2.6,0,60,medium,0.38,0,none,0.0,,,18,<30d,1,0.0,1,0.4419910814679264,725.2445801878961,320.55163632600045,9090.128363673999
723,2024-11-17,EU-West,home_appliance,10628.29,8.1,0,60,medium,0.45,0,none,0.0,,,218,164d+,1,0.0,1,0.4015910528004914,737.7697048024656,296.2817124759299,10332.008287524071
690,2025-01-06,EU-East,beauty,14293.6,2.2,0,30,low,0.48,1,freight_overrun,520.08,72.0,carrier surcharge applied,168,164d+,1,520.08,0,0.3464202740871373,567.9512759571275,196.74983668520747,14096.850163314793
813,2024-01-10,EU-South,pet_care,5884.78,0.5,1,30,low,0.07,1,return,,83.0,,530,164d+,0,658.67,0,0.5430390494231598,698.8538749369966,379.50494393147846,5505.275056068522
38,2024-07-09,EU-East,beauty,62587.35,4.2,0,30,medium,0.48,0,none,0.0,,,349,164d+,1,0.0,1,0.09521331097143668,255.49579131358837,24.32660023023398,62563.023399769765
354,2025-02-14,EU-East,pet_care,6213.36,1.0,0,0,high,0.6,0,none,0.0,,buyer queried ETA,129,120-164d,1,0.0,2,0.285559739622136,692.9465942715182,197.87764903222063,6015.482350967779
1283,2025-01-18,EU-East,home_appliance,11347.66,2.6,0,30,low,0.58,0,none,0.0,,,156,120-164d,1,0.0,0,0.2561513140983846,554.3569951426437,141.99927278541998,11205.66072721458
715,2024-07-12,EU-North,home_appliance,38507.44,5.6,0,30,medium,0.53,0,none,0.0,,,346,164d+,1,0.0,1,0.07981366977370914,408.49027159551144,32.60310764289691,38474.8368923571
237,2025-02-06,EU-East,beauty,10757.8,4.3,0,30,low,0.67,0,none,0.0,,,137,120-164d,1,0.0,0,0.24846326165404417,562.1775381602588,139.6804647599388,10618.119535240061
1164,2024-11-13,EU-West,beauty,15736.97,3.7,0,90,high,0.26,0,none,0.0,,,222,164d+,1,0.0,2,0.48933861461664385,642.0810831556439,314.1950677029369,15422.774932297063
730,2024-11-12,EU-East,home_appliance,2624.93,4.4,0,60,medium,0.35,0,none,0.0,,,223,164d+,1,0.0,1,0.7584224721702435,377.13184170474153,286.025263719827,2338.904736280173
1150,2025-05-27,EU-South,home_appliance,7409.19,7.7,0,60,high,0.21,1,dispute,3895.52,106.0,quality complaint raised,27,<30d,1,3895.52,2,0.8075713779189131,1124.0176655009234,907.7244949337806,6501.465505066219
952,2025-06-15,EU-West,pet_care,25466.5,4.3,0,30,high,0.77,0,none,0.0,,,8,<30d,1,0.0,2,0.1012387981965231,763.9281044742321,77.3391632055192,25389.16083679448
500,2024-07-01,EU-East,home_appliance,16628.9,2.2,0,30,medium,0.56,0,none,0.0,,,357,164d+,1,0.0,1,0.5961945532863665,715.8006807715229,426.75646711465515,16202.143532885346
1152,2025-03-22,EU-South,beauty,5954.48,2.8,0,30,low,0.82,0,none,0.0,,,93,90-120d,1,0.0,0,0.13497823591213393,462.51972549870726,62.430096622379935,5892.04990337762
554,2024-02-03,EU-South,pet_care,12017.76,0.7,1,60,low,0.04,0,none,0.0,,,506,164d+,1,0.0,0,0.5143638826260913,719.9187130928204,370.3001844416022,11647.459815558397
56,2024-12-24,EU-North,home_appliance,6895.28,3.9,0,90,low,0.27,1,return,423.39,63.0,QC reject on arrival,181,164d+,1,423.39,0,0.6081335850543632,737.2276557434586,448.33289728849337,6446.947102711506
303,2024-03-04,EU-East,beauty,23903.83,4.2,0,60,high,0.13,0,none,0.0,,,476,164d+,1,0.0,2,0.5453154690910771,402.6244682932087,219.55735079485657,23684.272649205144
795,2024-12-28,Unknown,beauty,24708.43,6.1,0,60,medium,0.62,0,none,0.0,,,177,164d+,1,0.0,1,0.18139915831126335,935.808463847525,169.75486768249735,24538.6751323175
287,2024-05-16,EU-West,beauty,8784.23,5.5,0,60,medium,0.47,0,none,0.0,,,403,164d+,1,0.0,1,0.264471347152415,689.921147338109,182.4643752654495,8601.76562473455
1064,2024-08-28,EU-North,beauty,5859.83,6.7,0,30,low,0.67,0,none,0.0,,,299,164d+,1,0.0,0,0.06216510654831059,897.5339922078241,55.79529625632995,5804.0347037436695
220,2024-10-18,EU-West,home_appliance,10717.78,5.3,0,30,low,0.51,0,none,0.0,,,248,164d+,1,0.0,0,0.13331102955820165,781.2532154002981,104.14967049066922,10613.630329509331
881,2024-08-24,EU-East,beauty,12628.89,7.2,0,60,low,0.47,0,none,0.0,,,303,164d+,1,0.0,0,0.2705313990727932,491.6511180047813,133.00706480953644,12495.882935190462
388,2024-03-21,Unknown,cleaning,14612.49,4.2,0,30,low,0.76,0,none,0.0,,,459,164d+,1,0.0,0,0.17637358456809726,475.3485673492787,83.83893074270189,14528.651069257297
1021,2024-06-11,EU-South,home_appliance,13068.0,5.4,0,30,low,0.63,0,none,0.0,,,377,164d+,1,0.0,0,0.2909431081111763,866.5365666442333,252.1128419914607,12815.88715800854
391,2025-03-22,EU-North,cleaning,5953.29,5.8,0,0,low,0.28,1,return,720.15,35.0,,93,90-120d,1,720.15,0,0.45954263529420647,739.6595107655207,339.9050807976109,5613.384919202389
1119,2024-06-01,EU-West,beauty,4427.49,2.5,0,0,low,0.55,1,dispute,1252.79,58.0,chargeback pending,387,164d+,1,1252.79,0,0.47172260432324054,721.9226907895445,340.5472518192854,4086.9427481807143
353,2024-07-13,Unknown,pet_care,23546.02,7.9,0,30,low,0.39,0,none,0.0,,,345,164d+,1,0.0,0,0.270702243134752,620.1604485652855,167.87882453007677,23378.141175469922
194,2024-04-27,EU-South,beauty,18192.65,0.6,1,60,low,0.07,1,freight_overrun,548.53,45.0,container reweigh cost,422,164d+,1,548.53,0,0.6856085140654997,723.9300483034747,496.3326047047107,17696.31739529529
236,2024-03-08,EU-South,beauty,6575.98,6.1,0,30,medium,0.64,0,none,0.0,,,472,164d+,1,0.0,1,0.34169624814858446,900.9314083728444,307.8448820802211,6268.135117919778
1203,2024-10-25,EU-South,beauty,10728.15,0.8,1,30,low,0.3,0,none,0.0,,,241,164d+,1,0.0,0,0.35225404051509007,636.137866735681,224.08213388229353,10504.067866117706
695,2025-02-04,EU-South,pet_care,7796.05,4.5,0,30,low,0.51,0,none,0.0,,,139,120-164d,1,0.0,0,0.17125290084844894,940.2145321424024,161.01446604925363,7635.035533950747
481,2024-07-29,EU-East,beauty,47281.06,1.4,0,30,low,0.96,0,none,0.0,,,329,164d+,1,0.0,0,0.284585862711416,152.35957941658714,43.35938235061795,47237.70061764938
568,2024-01-13,EU-West,pet_care,14202.47,0.8,1,30,medium,0.46,0,none,0.0,,,527,164d+,1,0.0,1,0.5106865483912472,740.326949528267,378.07501453561173,13824.394985464387
117,2025-04-25,EU-North,home_appliance,5567.36,4.6,0,0,low,0.6,0,none,0.0,,,59,30-60d,1,0.0,0,0.11629929717407016,356.64879541059537,41.47800424423098,5525.881995755769
1332,2024-04-25,EU-East,home_appliance,2099.18,2.5,0,60,medium,0.42,0,none,0.0,,,424,164d+,1,0.0,1,0.5054024484246183,286.4692923219677,144.78228173799022,1954.3977182620097
654,2025-02-13,EU-West,pet_care,2955.36,6.7,0,30,medium,0.39,0,none,0.0,,,130,120-164d,1,0.0,1,0.23840240575262314,531.8398962502478,126.79191074128457,2828.5680892587156
1169,2024-03-20,EU-South,cleaning,3240.84,5.4,0,60,medium,0.5,0,none,0.0,,,460,164d+,1,0.0,1,0.47434016991060224,651.2455418131846,308.91192095718816,2931.928079042812
1295,2025-03-07,EU-West,pet_care,14929.29,2.0,0,60,medium,0.24,0,none,0.0,,,108,90-120d,1,0.0,1,0.5585095382276902,681.7415104484204,380.75913619119535,14548.530863808806
758,2025-04-26,EU-South,home_appliance,9611.75,4.6,0,0,low,0.69,0,none,0.0,,,58,30-60d,1,0.0,0,0.16795119731347027,943.6436664498516,158.48608361752557,9453.263916382475
445,2025-03-24,EU-West,home_appliance,6012.3,3.3,0,0,high,0.61,0,none,0.0,,,91,90-120d,1,0.0,2,0.4152559623367541,964.42525223852,400.48333622017344,5611.816663779827
1089,2024-06-10,EU-East,home_appliance,17997.14,2.8,0,0,low,0.85,0,none,0.0,,,378,164d+,1,0.0,0,0.39472599016382526,306.8413633698489,121.11826097938172,17876.021739020616
121,2024-06-14,EU-East,home_appliance,7803.1,6.1,0,90,high,0.43,1,return,618.99,55.0,,374,164d+,1,618.99,2,0.6421290203534958,683.5561317836923,438.93122925888747,7364.168770741113
1072,2024-11-12,EU-North,pet_care,13126.17,3.1,0,30,medium,0.56,0,none,0.0,,,223,164d+,1,0.0,1,0.5773200559462983,1140.7503692571343,658.5780670002893,12467.59193299971
1198,2025-01-29,EU-North,beauty,11453.55,3.9,0,60,medium,0.35,0,none,0.0,,,145,120-164d,1,0.0,1,0.42001392144723415,772.8837909897973,324.6219518766292,11128.92804812337
1048,2025-02-23,EU-North,beauty,4226.12,8.8,0,60,low,0.58,0,none,0.0,,,120,90-120d,1,0.0,0,0.06371889578838544,732.5506372696075,46.67731771589746,4179.442682284102
63,2024-08-07,EU-East,home_appliance,8252.49,9.0,0,30,high,0.76,0,none,0.0,,,320,164d+,1,0.0,2,0.22895012547863858,392.2063714173395,89.7956979495214,8162.694302050479
744,2024-05-28,EU-West,pet_care,18444.89,4.0,0,30,medium,0.64,0,none,0.0,,,391,164d+,1,0.0,1,0.5094753049329857,574.7581300762685,292.8250735833195,18152.06492641668
919,2024-11-19,EU-West,beauty,8408.55,2.4,0,60,low,0.65,0,none,0.0,,,216,164d+,1,0.0,0,0.41638508475526065,711.8430048077078,296.4008098892968,8112.149190110703
454,2024-11-14,EU-West,cleaning,5567.58,3.2,0,0,medium,0.66,0,none,0.0,,,221,164d+,1,0.0,1,0.4891936933578156,377.0666592051649,184.4586316586674,5383.1213683413325
516,2025-05-27,EU-West,home_appliance,19463.39,1.9,0,30,medium,0.81,0,none,0.0,,,27,<30d,1,0.0,1,0.1534278349638399,397.64095770883324,61.009191234214114,19402.380808765785
571,2024-03-15,EU-West,home_appliance,4884.02,1.4,0,90,low,0.52,0,none,0.0,,,465,164d+,1,0.0,0,0.6209254947067161,648.6417854754054,402.75822153376373,4481.261778466237
224,2025-01-27,EU-South,home_appliance,9708.88,6.8,0,30,low,1.0,0,none,0.0,,,147,120-164d,1,0.0,0,0.08844579886397536,694.1315178794829,61.393016615514654,9647.486983384484
1028,2024-02-01,EU-West,cleaning,22444.98,0.4,1,30,high,0.4,0,none,0.0,,,508,164d+,1,0.0,2,0.3180892771921259,720.1863666237457,229.08356080297062,22215.89643919703
614,2025-05-08,EU-South,beauty,13282.81,2.1,0,0,high,0.68,0,none,0.0,,,46,30-60d,1,0.0,2,0.5998114801898954,653.3848603023836,391.9077401916407,12890.90225980836
844,2024-12-05,EU-East,home_appliance,41696.88,2.1,0,60,low,0.48,0,none,0.0,,,200,164d+,1,0.0,0,0.11945783238631257,318.4194628175295,38.03769881779613,41658.8423011822
222,2025-05-13,EU-East,beauty,38780.02,3.1,0,0,low,0.63,0,none,0.0,,,41,30-60d,1,0.0,0,0.07581291446650242,220.9721048239164,16.752539282498578,38763.2674607175
985,2024-11-09,EU-West,home_appliance,19045.31,4.7,0,90,medium,0.32,1,late_payment,,34.0,,226,164d+,0,232.46,1,0.6943806431294977,555.1717937904074,385.50054721953995,18659.80945278046
517,2024-10-18,EU-West,cleaning,7636.85,2.0,0,0,medium,0.4,0,none,0.0,,,248,164d+,1,0.0,1,0.6160777524049207,718.4077204519093,442.59501372635486,7194.254986273645
466,2025-02-10,EU-North,pet_care,21442.85,2.7,0,0,low,0.68,0,none,0.0,,,133,120-164d,1,0.0,0,0.12113760981865344,980.0541059461883,118.7214118872786,21324.12858811272
53,2024-06-03,EU-North,pet_care,27881.35,3.4,0,30,low,0.65,0,none,0.0,,,385,164d+,1,0.0,0,0.42082649609241524,1216.436124682138,511.9085520702204,27369.441447929777
1280,2024-11-06,EU-East,home_appliance,19482.76,1.1,0,30,low,0.56,0,none,0.0,,,229,164d+,1,0.0,0,0.15950871049836904,593.3135294884697,94.63867600994186,19388.121323990057
486,2024-09-18,EU-East,home_appliance,2721.98,7.0,0,30,low,0.31,0,none,0.0,,,278,164d+,1,0.0,0,0.4014520089091854,336.5445748120235,135.10649564577446,2586.8735043542256
876,2024-05-21,EU-South,home_appliance,7155.16,3.8,0,60,low,0.46,0,none,0.0,,,398,164d+,1,0.0,0,0.24954645048236818,890.35780379997,222.1856295975593,6932.97437040244
1331,2025-05-08,EU-North,home_appliance,9266.87,3.5,0,0,high,0.66,0,none,0.0,,,46,30-60d,1,0.0,2,0.5429662154399391,683.3886875601831,371.0569693590196,8895.81303064098
819,2024-02-07,Unknown,pet_care,8534.89,4.2,0,30,low,0.36,0,none,0.0,,,502,164d+,1,0.0,0,0.2775391899549749,683.300627606772,189.64270268170944,8345.24729731829
387,2024-04-09,EU-North,home_appliance,11729.37,5.2,0,60,low,0.49,0,none,0.0,,,440,164d+,1,0.0,0,0.3662218694256103,1003.5074039911394,367.5063574720762,11361.863642527924
156,2024-07-07,EU-North,cleaning,6221.58,1.3,0,30,low,0.38,0,none,0.0,,,351,164d+,1,0.0,0,0.21696106582033137,826.0540443375978,179.22156588468047,6042.358434115319
1394,2025-01-24,EU-West,pet_care,5787.38,2.5,0,0,medium,0.67,0,none,0.0,,,150,120-164d,1,0.0,1,0.5659382781518313,796.1807267557517,450.5891495978238,5336.790850402176
601,2025-05-02,EU-East,pet_care,4650.5,3.4,0,60,low,0.5,0,none,0.0,,,52,30-60d,1,0.0,0,0.4168550005627894,665.4868726783765,277.4115306848736,4373.0884693151265
1151,2024-08-06,EU-West,beauty,8238.12,1.5,0,30,low,0.56,0,none,0.0,,,321,164d+,1,0.0,0,0.2493192286902077,908.629729695829,226.538863372756,8011.581136627245
249,2025-02-10,EU-West,pet_care,11468.67,3.2,0,0,low,0.56,0,none,0.0,,,133,120-164d,1,0.0,0,0.31318442182981465,954.446690388593,298.9178348967316,11169.75216510327
762,2024-08-15,EU-West,home_appliance,15007.17,7.2,0,0,low,0.48,0,none,0.0,,,312,164d+,1,0.0,0,0.3268217322351977,683.436918703447,223.36203764414654,14783.807962355853
871,2025-03-16,EU-North,cleaning,17163.87,1.3,0,30,low,0.7,0,none,0.0,,,99,90-120d,1,0.0,0,0.2697947226906511,793.8747125130508,214.18320791357888,16949.68679208642
856,2024-02-15,EU-East,beauty,13544.01,3.9,0,0,medium,0.54,0,none,0.0,,,494,164d+,1,0.0,1,0.5426335977607868,624.5445009005202,338.8988294853642,13205.111170514636
442,2024-09-05,EU-West,beauty,12913.34,1.6,0,60,low,0.26,0,none,0.0,,,291,164d+,1,0.0,0,0.33994051731165814,731.0464301713602,248.51230165129314,12664.827698348707
1270,2024-04-19,EU-East,beauty,13749.91,1.1,0,30,medium,0.5,1,return,505.05,40.0,goods sent back,430,164d+,1,505.05,1,0.4668386804626494,624.3121138252689,291.4530434150359,13458.456956584963
1284,2024-02-05,EU-North,beauty,12749.78,1.7,0,30,low,0.37,0,none,0.0,,,504,164d+,1,0.0,0,0.32833595615028316,775.0174026547755,254.46607993376472,12495.313920066235
543,2025-02-22,EU-South,beauty,33541.38,0.9,1,0,medium,0.41,0,none,0.0,,,121,120-164d,1,0.0,1,0.11708584690968293,339.70898916483816,39.77511469919738,33501.6048853008
1075,2024-11-01,EU-South,beauty,6844.51,3.0,0,0,medium,0.7,1,dispute,472.87,120.0,quality complaint raised,234,164d+,1,472.87,1,0.6120377857147166,694.0528527796773,424.7865711842559,6419.723428815744
702,2024-01-04,EU-West,home_appliance,38082.46,2.9,0,0,high,0.44,0,none,0.0,,,536,164d+,1,0.0,2,0.09261913711275405,346.9414496021806,32.13341769080201,38050.3265823092
118,2024-06-08,EU-North,pet_care,29814.9,3.0,0,0,low,0.3,0,none,0.0,,,380,164d+,1,0.0,0,0.3605634526826113,685.4882103744865,247.16199590584907,29567.738004094153
1006,2025-01-06,EU-West,home_appliance,15402.16,1.3,0,0,low,0.17,1,dispute,2616.66,47.0,chargeback pending,168,164d+,1,2616.66,0,0.6348467293461254,686.1588324637382,435.60569060156024,14966.55430939844
629,2025-05-14,EU-East,beauty,10107.21,1.9,0,30,medium,0.67,0,none,0.0,,,40,30-60d,1,0.0,1,0.35268006588147577,551.5318739431399,194.51429763800036,9912.695702361998
993,2024-02-05,EU-North,beauty,5913.38,2.7,0,0,medium,0.58,0,none,0.0,,,504,164d+,1,0.0,1,0.3670739630401802,723.6000266768876,265.6147294482653,5647.765270551735
207,2024-08-18,EU-West,pet_care,9022.97,1.4,0,0,low,0.57,0,none,0.0,,,309,164d+,1,0.0,0,0.2770048736730157,912.4351779209534,252.7489911948093,8770.22100880519
292,2025-04-11,EU-West,pet_care,11980.9,4.5,0,30,low,0.71,0,none,0.0,,,73,60-90d,1,0.0,0,0.25982962185787023,737.6063352328763,191.6519751635277,11789.248024836472
1222,2025-03-11,EU-West,pet_care,5540.21,2.3,0,0,low,0.67,0,none,0.0,,,104,90-120d,1,0.0,0,0.25427458552450627,405.5332441697184,103.11679757766355,5437.093202422337
382,2024-01-21,EU-South,cleaning,4129.37,4.0,0,90,medium,0.69,0,none,0.0,,,519,164d+,1,0.0,1,0.23767623872976093,807.1951947772891,191.85111781540283,3937.5188821845973
820,2024-09-16,EU-West,home_appliance,13184.88,14.2,0,0,low,0.43,0,none,0.0,,,280,164d+,1,0.0,0,0.08621146187411113,589.823315721899,50.84953029582031,13134.03046970418
971,2024-09-26,EU-West,beauty,8960.42,5.3,0,90,medium,0.54,0,none,0.0,,,270,164d+,1,0.0,1,0.37683247039081225,802.6498421548965,302.46452287802515,8657.955477121975
1212,2024-11-30,EU-South,pet_care,9623.21,1.9,0,0,medium,0.34,1,dispute,,44.0,chargeback pending,205,164d+,0,1348.18,1,0.7046443293749756,674.4347143846867,475.23659702480074,9147.973402975198
201,2024-07-17,EU-North,pet_care,7473.52,4.1,0,30,low,0.55,0,none,0.0,,,341,164d+,1,0.0,0,0.2717550204536996,991.7030398015994,269.5002798652797,7204.019720134721
597,2025-01-21,EU-North,home_appliance,10294.28,5.7,0,30,medium,0.39,0,none,0.0,,,153,120-164d,1,0.0,1,0.2791228618490672,738.8556983073588,206.23151700504098,10088.04848299496
898,2025-01-05,EU-West,home_appliance,4009.72,3.5,0,30,low,0.69,0,none,0.0,,,169,164d+,1,0.0,0,0.11311146062390011,664.689805792987,75.18403479506127,3934.5359652049387
1178,2024-08-27,EU-West,pet_care,8342.55,5.4,0,30,high,0.71,0,none,0.0,,,300,164d+,1,0.0,2,0.5762260274337263,993.3010305059453,572.3659068542675,7770.184093145732
855,2024-04-16,EU-West,pet_care,34915.75,1.2,0,60,medium,0.59,0,none,0.0,,,433,164d+,1,0.0,1,0.06258341388001244,339.4165567179506,21.24184684680822,34894.50815315319
1328,2024-02-22,EU-East,home_appliance,13236.0,0.8,1,30,low,0.39,0,none,0.0,,,487,164d+,1,0.0,0,0.5760432226514505,550.3780408593227,317.04154033319594,12918.958459666805
1389,2024-08-22,EU-South,pet_care,20071.27,3.5,0,90,medium,0.43,0,none,0.0,,,305,164d+,1,0.0,1,0.32532953212060356,572.4025791934321,186.219463273626,19885.050536726376
805,2025-03-18,EU-West,home_appliance,8885.51,0.3,1,60,medium,0.15,1,late_payment,,38.0,,97,90-120d,0,232.46,1,0.874997729049248,619.7201699644588,542.2537413649154,8343.256258635085
1128,2024-04-29,EU-North,pet_care,4606.45,1.1,0,90,medium,0.38,0,none,0.0,,,420,164d+,1,0.0,1,0.2499319054736082,781.4741428023494,195.31532158894578,4411.134678411054
963,2024-01-19,EU-West,beauty,9553.55,3.1,0,30,low,0.37,0,none,0.0,,,521,164d+,1,0.0,0,0.27973745805939004,729.9433660731461,204.1925017526167,9349.357498247382
793,2025-06-08,EU-West,cleaning,29520.22,6.7,0,30,low,0.68,0,none,0.0,,,15,<30d,1,0.0,0,0.513456401072739,319.2594513099189,163.92580887804834,29356.294191121953
770,2024-09-05,EU-North,beauty,13539.96,4.4,0,90,low,0.37,0,none,0.0,,,291,164d+,1,0.0,0,0.4533307407611024,779.7885914802567,353.5021398128015,13186.457860187198
1174,2024-12-09,EU-North,pet_care,53944.64,3.2,0,30,high,0.55,1,freight_overrun,489.64,46.0,,196,164d+,1,489.64,2,0.6114478773581613,654.1983250765646,400.0081772393298,53544.63182276067
814,2024-07-21,EU-East,beauty,4318.75,1.8,0,60,low,0.28,1,freight_overrun,590.83,160.0,container reweigh cost,337,164d+,1,590.83,0,0.7729329098680692,592.4068563459145,457.89075530124296,3860.859244698757
1115,2024-04-02,EU-South,home_appliance,3836.57,5.9,0,90,medium,0.24,0,none,0.0,,,447,164d+,1,0.0,1,0.4149086354493421,550.8081715294406,228.53506684362736,3608.034933156373
506,2025-06-20,EU-North,beauty,11858.17,4.5,0,30,high,0.65,1,freight_overrun,594.24,19.0,container reweigh cost,3,<30d,1,594.24,2,0.5426100000235384,623.1341162404,338.11880282787104,11520.05119717213
892,2024-04-27,EU-South,cleaning,15391.34,10.0,0,30,medium,0.43,1,dispute,1351.45,13.0,chargeback pending,422,164d+,1,1351.45,1,0.6000438831813617,892.2397811686667,535.3830230213351,14855.956976978665
349,2024-10-12,EU-East,beauty,4388.69,2.3,0,60,high,0.27,1,return,1576.21,65.0,QC reject on arrival,254,164d+,1,1576.21,2,0.8665963972664774,737.711786898794,639.2983767475102,3749.3916232524894
1287,2024-11-17,EU-West,home_appliance,5317.86,2.2,0,30,medium,0.45,0,none,0.0,,,218,164d+,1,0.0,1,0.3905869890634182,379.3239967792603,148.15901778151303,5169.700982218486
1141,2024-02-07,EU-West,beauty,3978.75,1.9,0,0,low,0.74,0,none,0.0,,,502,164d+,1,0.0,0,0.12054929718490669,448.686134656602,54.08879818946578,3924.6612018105343
1392,2024-08-04,EU-South,home_appliance,4993.68,0.6,1,0,low,0.38,1,freight_overrun,809.86,57.0,extra freight billed,323,164d+,1,809.86,0,0.7707666726866074,448.273252303917,345.51408313269417,4648.165916867306
341,2025-04-18,EU-West,home_appliance,4100.38,2.3,0,30,high,0.48,0,none,0.0,,,66,60-90d,1,0.0,2,0.34919190880299644,780.5587883320292,272.56481323061536,3827.8151867693846
787,2024-03-17,EU-South,pet_care,5196.19,5.3,0,60,low,0.32,0,none,0.0,,,463,164d+,1,0.0,0,0.2200496988117315,459.14980493892557,101.03577628627585,5095.154223713724
616,2024-05-24,EU-North,beauty,5630.75,6.1,0,60,high,0.73,1,freight_overrun,112.12,21.0,container reweigh cost,395,164d+,1,112.12,2,0.5913913623389856,300.76678269183225,177.87087736243632,5452.879122637563
155,2025-03-20,EU-West,home_appliance,9266.76,0.3,1,0,high,0.21,0,none,0.0,,,95,90-120d,1,0.0,2,0.818577114289499,677.8300215201263,554.8561429947339,8711.903857005267
1292,2024-07-23,EU-North,beauty,11355.71,2.3,0,30,low,0.58,0,none,0.0,,,335,164d+,1,0.0,0,0.24229907188569652,711.9129014881909,172.49583529404194,11183.214164705958
1263,2025-03-16,EU-West,beauty,11816.39,6.9,0,30,medium,0.47,0,none,0.0,,,99,90-120d,1,0.0,1,0.1940562140943382,721.6985992002298,140.05009787798377,11676.339902122016
78,2024-12-25,EU-North,pet_care,6804.38,3.0,0,30,low,0.54,0,none,0.0,,,180,164d+,1,0.0,0,0.3294550405733295,1050.0874423133762,345.95660091289716,6458.423399087103
1387,2024-06-17,EU-North,cleaning,16693.8,1.6,0,30,medium,0.73,0,none,0.0,,,371,164d+,1,0.0,1,0.3274417199068458,470.7104232120023,154.1302305546173,16539.669769445383
288,2024-10-21,EU-West,beauty,9989.26,7.0,0,30,low,0.61,0,none,0.0,,,245,164d+,1,0.0,0,0.11072320782414219,742.5375645391193,82.21614107569731,9907.043858924302
323,2024-09-29,EU-West,cleaning,22582.16,0.8,1,30,medium,0.0,1,freight_overrun,481.62,47.0,extra freight billed,267,164d+,1,481.62,1,0.6767119342624588,556.579223665593,376.6438030170411,22205.51619698296
687,2024-01-04,EU-East,beauty,70977.15,5.8,0,60,low,0.44,0,none,0.0,,,536,164d+,1,0.0,0,0.2048685031464652,272.021900264742,55.72871953029474,70921.4212804697
1076,2024-07-08,EU-West,home_appliance,8334.42,5.6,0,30,medium,0.71,0,none,0.0,,,350,164d+,1,0.0,1,0.4776434137687753,805.3381536060573,384.66446492663954,7949.75553507336
1059,2025-05-15,EU-East,home_appliance,3097.29,2.2,0,90,medium,0.59,0,none,0.0,,,39,30-60d,1,0.0,1,0.6263548634090058,307.26075835726834,192.45427033181434,2904.8357296681856
914,2024-11-21,EU-South,home_appliance,11845.3,6.8,0,90,medium,0.24,0,none,0.0,,,214,164d+,1,0.0,1,0.4498344397687152,839.1289117858663,377.46908392692677,11467.830916073073
1267,2024-10-30,EU-West,pet_care,26926.1,2.4,0,30,low,0.75,1,return,903.17,97.0,goods sent back,236,164d+,1,903.17,0,0.6267092809074181,797.0609659429476,499.52550480547677,26426.574495194523
1260,2024-02-21,EU-South,home_appliance,8333.14,1.6,0,30,medium,0.6,0,none,0.0,,,488,164d+,1,0.0,1,0.4615237155911571,621.8409004393144,286.9943228773032,8046.145677122696
83,2024-09-04,EU-South,beauty,3366.02,9.8,0,30,low,0.53,0,none,0.0,,,292,164d+,1,0.0,0,0.1859624376962544,739.109020276652,137.44651513393651,3228.5734848660636
513,2024-04-01,EU-West,pet_care,22127.22,9.5,0,60,high,0.44,0,none,0.0,,,448,164d+,1,0.0,2,0.4968231400042571,583.5051203571117,289.8988461043822,21837.32115389562
1395,2024-09-11,EU-South,pet_care,12642.76,8.4,0,30,medium,0.66,0,none,0.0,,,285,164d+,1,0.0,1,0.5650873854299557,934.1080287072232,527.8526636512947,12114.907336348706
965,2025-06-13,EU-South,cleaning,5891.62,2.1,0,30,low,0.81,0,none,0.0,,,10,<30d,1,0.0,0,0.2688349922782621,464.9962972080131,125.00727596933666,5766.612724030663
465,2024-03-18,EU-East,cleaning,7987.7,3.4,0,30,low,0.58,0,none,0.0,,,462,164d+,1,0.0,0,0.2699985789726121,562.9522957593048,151.99631988438193,7835.703680115618
1252,2024-09-17,Unknown,beauty,5241.46,2.6,0,0,high,0.41,0,none,0.0,,,279,164d+,1,0.0,2,0.6981000712043065,458.95271528638614,320.39492322083595,4921.065076779164
360,2024-10-29,EU-East,pet_care,6250.77,0.7,1,60,low,0.52,0,none,0.0,,,237,164d+,1,0.0,0,0.30659260659126975,696.2796712928679,213.47419933819285,6037.295800661807
1367,2024-10-06,EU-West,beauty,7737.43,2.0,0,0,low,0.5,0,none,0.0,,,260,164d+,1,0.0,0,0.4277255433153616,817.8204655743208,349.80270297219835,7387.627297027802
930,2024-10-11,EU-North,beauty,4580.69,2.8,0,0,medium,0.35,1,dispute,714.34,48.0,buyer disputes invoice,255,164d+,1,714.34,1,0.8124578639285819,603.6963453357915,490.4778431930087,4090.212156806991
1135,2024-11-18,EU-South,pet_care,7022.7,1.0,0,30,low,0.46,0,none,0.0,,,217,164d+,1,0.0,0,0.1364514008698006,666.1768392276158,90.9007629396241,6931.799237060376
334,2024-11-28,EU-South,home_appliance,11446.34,5.1,0,60,low,0.59,0,none,0.0,,,207,164d+,1,0.0,0,0.27259651087226067,941.471740060864,256.6419114254275,11189.698088574572
11,2024-06-11,EU-West,pet_care,8806.6,8.1,0,60,low,0.58,0,none,0.0,,,377,164d+,1,0.0,0,0.46579964834641197,848.7846701556407,395.36360088032274,8411.236399119678
739,2024-12-02,EU-West,cleaning,2216.64,4.1,0,30,low,0.58,1,late_payment,22.68,58.0,payment delayed,203,164d+,1,22.68,0,0.5329503271493391,74.24610696735124,39.569486997814664,2177.070513002185
471,2024-05-28,EU-East,home_appliance,20223.85,0.3,1,30,medium,0.51,0,none,0.0,,,391,164d+,1,0.0,1,0.4657944346587707,672.610484710005,313.2982204710585,19910.55177952894
832,2025-02-02,EU-East,cleaning,17954.62,3.2,0,0,low,0.83,1,return,394.08,75.0,goods sent back,141,120-164d,1,394.08,0,0.628528703741591,333.2819722079014,209.47728597227322,17745.142714027726
33,2025-05-11,EU-West,home_appliance,19485.15,0.4,1,60,low,0.0,0,none,0.0,,,43,30-60d,1,0.0,0,0.6576259395078037,828.1341674469415,544.6025099058078,18940.547490094195
151,2025-02-21,EU-South,home_appliance,7494.79,3.8,0,0,low,0.56,0,none,0.0,,,122,120-164d,1,0.0,0,0.2860005034252255,1052.2456110398348,300.94277448437674,7193.847225515623
414,2024-10-15,Unknown,home_appliance,5238.03,3.1,0,30,low,0.5,1,late_payment,,54.0,remittance overdue,251,164d+,0,232.46,0,0.4932327072245922,428.9524042377547,211.5733556126854,5026.456644387315
581,2024-11-21,EU-East,pet_care,21909.87,4.2,0,30,low,0.57,0,none,0.0,,,214,164d+,1,0.0,0,0.2295730187813048,591.9806492570099,135.90278471004854,21773.96721528995
383,2025-01-07,EU-North,home_appliance,12500.0,2.9,0,90,medium,0.57,1,freight_overrun,579.31,99.0,,167,164d+,1,579.31,1,0.6162081617179901,895.1651236461557,551.6080552760549,11948.391944723946
794,2025-06-21,EU-West,home_appliance,8684.28,3.8,0,90,low,0.42,0,none,0.0,,,2,<30d,1,0.0,0,0.33887535289799064,734.4374261397594,248.8827419646029,8435.397258035398
1077,2025-02-02,EU-East,home_appliance,22117.39,6.5,0,90,high,0.49,1,dispute,1760.46,92.0,,141,120-164d,1,1760.46,2,0.7029185213376871,576.6584513952287,405.3439059716146,21712.046094028385
377,2025-06-02,EU-South,cleaning,12101.73,6.4,0,60,low,0.41,1,freight_overrun,776.8,16.0,container reweigh cost,21,<30d,1,776.8,0,0.47773542017757253,865.0243584640849,413.2527753546747,11688.477224645325
1324,2024-11-16,EU-North,beauty,20836.39,7.3,0,60,medium,0.14,0,none,0.0,,,219,164d+,1,0.0,1,0.4940725515720766,658.65473166754,325.4232238800029,20510.966776119996
615,2024-09-06,EU-West,beauty,17640.8,2.8,0,30,low,0.63,0,none,0.0,,,290,164d+,1,0.0,0,0.2545958020709645,567.0527446525709,144.36924834136312,17496.430751658638
1330,2024-08-29,EU-West,pet_care,9392.49,4.3,0,90,high,0.44,0,none,0.0,,,298,164d+,1,0.0,2,0.4906608086719486,642.9193313476151,315.4553190298493,9077.034680970151
379,2024-02-08,EU-West,home_appliance,6206.02,2.1,0,0,medium,0.55,0,none,0.0,,,501,164d+,1,0.0,1,0.47791729614494466,902.8840148917652,431.50388712956436,5774.516112870436
90,2025-04-23,EU-East,beauty,38068.68,3.4,0,60,low,0.63,0,none,0.0,,,61,60-90d,1,0.0,0,0.1261490592395615,199.1099882851418,25.117537707370747,38043.562462292626
693,2025-02-22,Unknown,beauty,3217.82,2.2,0,60,high,0.54,0,none,0.0,,,121,120-164d,1,0.0,2,0.7549680488788855,664.3437106008843,501.55827497730854,2716.2617250226917
602,2024-03-07,EU-North,beauty,3166.46,11.8,0,30,high,0.57,0,none,0.0,,,473,164d+,1,0.0,2,0.3498844112605897,635.3176824465867,222.28775328626628,2944.172246713734
214,2024-08-18,EU-South,beauty,16787.73,4.4,0,30,medium,0.3,1,return,891.2,40.0,buyer returned partial shipment,309,164d+,1,891.2,1,0.5559272496462047,857.3660063780434,476.63312586589603,16311.096874134104
834,2024-05-04,EU-North,pet_care,17145.11,1.8,0,60,medium,0.4,0,none,0.0,,,415,164d+,1,0.0,1,0.4898857517773465,1008.5825373436295,494.0902145360876,16651.019785463912
333,2024-07-29,EU-North,cleaning,18057.79,3.4,0,60,low,0.3,0,none,0.0,,,329,164d+,1,0.0,0,0.5328861014698105,815.8833315721433,434.77288781568024,17623.01711218432
134,2025-02-11,Unknown,cleaning,6159.44,3.2,0,60,low,0.49,0,none,0.0,,buyer queried ETA,132,120-164d,1,0.0,0,0.372429061135436,1063.4786017472745,396.0703371863637,5763.369662813636
347,2024-12-28,EU-South,cleaning,7118.3,10.9,0,30,low,0.68,0,none,0.0,,,177,164d+,1,0.0,0,0.13283092953221529,956.0860026635488,126.99779244653925,6991.302207553461
556,2024-05-24,EU-West,pet_care,14585.27,2.8,0,0,low,0.65,0,none,0.0,,,395,164d+,1,0.0,0,0.3292374861916034,657.592097973662,216.50396927631107,14368.76603072369
8,2024-03-19,EU-North,home_appliance,22293.82,8.7,0,30,high,0.24,0,none,0.0,,,461,164d+,1,0.0,2,0.6972101731054193,770.3694901607792,537.1094455901305,21756.71055440987
29,2024-10-02,EU-West,cleaning,2765.72,1.4,0,0,high,0.89,0,none,0.0,,,264,164d+,1,0.0,2,0.34884943467257584,194.16220733165446,67.73337626242711,2697.9866237375727
321,2024-06-15,EU-South,home_appliance,6183.91,7.5,0,90,high,0.49,1,default,,93.0,,373,164d+,0,5930.99,2,0.8284481256580585,1565.2322410439297,1296.713716312406,4887.196283687594
1225,2024-04-10,EU-West,beauty,14212.73,0.4,1,30,low,0.0,1,dispute,,63.0,buyer disputes invoice,439,164d+,0,1348.18,0,0.7908606036418537,721.4891375256694,570.5973348245914,13642.132665175408
188,2025-06-07,EU-West,beauty,18564.17,1.3,0,60,low,0.54,0,none,0.0,,,16,<30d,1,0.0,0,0.3188397192631636,767.9177128820962,244.84266799253825,18319.32733200746
1206,2025-03-17,EU-West,home_appliance,16189.49,0.7,1,0,low,0.34,1,late_payment,228.65,43.0,paid 40 days late,98,90-120d,1,228.65,0,0.8456646754531899,715.3049099782833,604.9080945468581,15584.581905453142
635,2024-02-27,EU-West,home_appliance,3519.08,1.9,0,90,medium,0.41,1,dispute,341.25,11.0,chargeback pending,482,164d+,1,341.25,1,0.6055150614999292,449.23152715644557,272.0164557938422,3247.0635442061575
553,2024-03-11,EU-West,cleaning,8501.51,2.6,0,90,high,0.28,0,none,0.0,,,469,164d+,1,0.0,2,0.5871488088839786,902.8971448041187,530.1349831164835,7971.375016883517
305,2025-01-22,EU-South,beauty,5308.89,13.1,0,30,high,0.61,0,none,0.0,,,152,120-164d,1,0.0,2,0.22723427923049544,476.30753771762767,108.23340002531714,5200.656599974684
32,2024-04-07,EU-South,cleaning,16965.33,4.2,0,30,low,0.53,0,none,0.0,,,442,164d+,1,0.0,0,0.39752197292583297,808.8664458934938,321.5421854050882,16643.787814594914
1083,2024-06-20,EU-South,home_appliance,19363.88,2.1,0,60,low,0.4,0,none,0.0,,,368,164d+,1,0.0,0,0.37385329564152486,613.8114692395203,229.47544067776113,19134.40455932224
685,2024-10-29,EU-North,cleaning,20848.11,2.7,0,30,low,0.41,0,none,0.0,,,237,164d+,1,0.0,0,0.14315343098079253,807.6755832559886,115.62153086250751,20732.488469137494
797,2024-06-13,EU-West,home_appliance,13764.87,0.8,1,0,low,0.16,1,freight_overrun,652.11,44.0,container reweigh cost,375,164d+,1,652.11,0,0.8822096788823308,678.2069763469343,598.3207588187854,13166.549241181216
1157,2024-06-11,EU-West,home_appliance,15355.76,7.7,0,90,medium,0.21,0,none,0.0,,,377,164d+,1,0.0,1,0.741927523498535,693.5163625178064,514.5388773485483,14841.221122651452
175,2025-02-24,EU-West,home_appliance,9889.37,3.2,0,0,high,0.77,1,return,373.26,68.0,goods sent back,119,90-120d,1,373.26,2,0.7190097809691258,475.15181568905524,341.63880292567006,9547.73119707433
767,2025-03-01,EU-West,pet_care,11081.89,2.1,0,0,low,0.64,0,none,0.0,,,114,90-120d,1,0.0,0,0.34232567101632605,693.8259800772781,237.5144441985143,10844.375555801485
246,2024-10-15,EU-South,beauty,11866.82,9.7,0,30,low,0.57,0,none,0.0,,,251,164d+,1,0.0,0,0.14778104624475608,1098.975494409976,162.40774836125433,11704.412251638745
1294,2024-12-27,EU-West,pet_care,7164.19,9.0,0,30,medium,0.91,0,none,0.0,,,178,164d+,1,0.0,1,0.29059158112804134,595.8501684313522,173.1490425598764,6991.040957440123
146,2025-06-16,EU-West,beauty,21994.97,1.4,0,30,low,0.69,0,none,0.0,,,7,<30d,1,0.0,0,0.11094964887198736,640.2206982016415,71.03226166605072,21923.93773833395
91,2025-04-02,EU-West,home_appliance,3086.99,3.3,0,60,low,0.42,0,none,0.0,,,82,60-90d,1,0.0,0,0.44306600620464215,444.15883721585436,196.79168212572637,2890.1983178742735
683,2024-07-16,EU-West,cleaning,9952.67,11.1,0,30,low,0.91,0,none,0.0,,,342,164d+,1,0.0,0,0.19806221309803376,472.26429308660755,93.53771105591194,9859.132288944089
311,2025-04-06,EU-East,cleaning,18440.2,2.9,0,0,high,0.53,0,none,0.0,,,78,60-90d,1,0.0,2,0.7423524569627674,514.9443411740428,382.2701968696243,18057.929803130377
94,2024-08-07,EU-West,cleaning,19662.55,1.8,0,0,low,0.52,0,none,0.0,,,320,164d+,1,0.0,0,0.313034111989471,698.436663724164,218.63450080978245,19443.915499190218
1187,2025-05-08,EU-West,home_appliance,9984.21,17.0,0,30,low,0.51,0,none,0.0,,,46,30-60d,1,0.0,0,0.08186455322873788,674.260825106326,55.19806120696955,9929.01193879303
925,2024-03-26,EU-West,home_appliance,7327.35,2.8,0,30,low,0.69,0,none,0.0,,,454,164d+,1,0.0,0,0.22605952716524422,745.711954927075,168.57529193228447,7158.774708067716
1173,2024-12-26,EU-West,cleaning,25509.74,0.6,1,30,low,0.04,0,none,0.0,,,179,164d+,1,0.0,0,0.7583810966128283,1498.455753671475,1136.4005176951753,24373.339482304826
1036,2025-01-16,Unknown,pet_care,14505.2,6.0,0,30,medium,0.81,0,none,0.0,,,158,120-164d,1,0.0,1,0.1123673471640758,468.44606768217096,52.63804191488865,14452.561958085113
244,2025-02-25,Unknown,home_appliance,29192.37,11.6,0,90,medium,0.6,0,none,0.0,,,118,90-120d,1,0.0,1,0.3668577637080914,293.4418140152041,107.65140766806346,29084.718592331934
215,2024-10-06,EU-North,pet_care,8053.02,5.8,0,90,medium,0.53,0,none,0.0,,,260,164d+,1,0.0,1,0.48963386479864085,966.8952303500978,473.4246484916905,7579.59535150831
999,2024-09-12,EU-South,home_appliance,7033.12,6.4,0,60,low,0.56,0,none,0.0,,,284,164d+,1,0.0,0,0.24593539456821464,1121.0472665554385,275.7052018299303,6757.41479817007
854,2025-02-18,EU-South,beauty,25415.8,2.4,0,60,medium,0.32,0,none,0.0,,,125,120-164d,1,0.0,1,0.34358377646032917,1059.7523168568528,364.1137031382608,25051.68629686174
426,2024-05-29,EU-South,home_appliance,15892.94,3.7,0,30,medium,0.43,0,none,0.0,,,390,164d+,1,0.0,1,0.4323601409869975,838.812215749527,362.66896786308126,15530.27103213692
1399,2025-01-22,EU-East,cleaning,26056.19,1.7,0,0,medium,0.41,0,none,0.0,,,152,120-164d,1,0.0,1,0.2712175422163594,967.7698227903056,262.47615276834836,25793.71384723165
227,2025-03-08,Unknown,beauty,10095.34,2.5,0,90,low,0.24,0,none,0.0,,,107,90-120d,1,0.0,0,0.3296514886125557,736.2541313188425,242.70727038640052,9852.6327296136
1133,2024-04-18,EU-West,cleaning,10019.37,3.3,0,90,low,0.43,0,none,0.0,,,431,164d+,1,0.0,0,0.4256566168288818,773.5875275219778,329.28264978602454,9690.087350213977
1,2025-03-04,EU-North,beauty,55313.4,1.3,0,0,high,0.6,0,none,0.0,,,111,90-120d,1,0.0,2,0.21933026608044168,414.5799109334301,90.92992217663503,55222.47007782337
402,2024-08-26,EU-South,cleaning,39361.25,8.9,0,30,low,0.42,0,none,0.0,,,301,164d+,1,0.0,0,0.06785972058422422,384.93451002177676,26.12154829330303,39335.128451706696
85,2024-12-29,EU-West,cleaning,15885.87,1.8,0,30,low,0.54,0,none,0.0,,,176,164d+,1,0.0,0,0.2970396667366195,837.4874720481791,248.76699959328508,15637.103000406716
163,2025-05-23,EU-West,pet_care,6685.43,2.7,0,90,low,0.35,1,late_payment,219.62,58.0,,31,30-60d,1,219.62,0,0.5402815499425149,763.2263049936834,412.3570910188858,6273.072908981115
115,2024-06-11,EU-West,pet_care,25794.81,2.5,0,0,medium,0.51,0,none,0.0,,,377,164d+,1,0.0,1,0.2891961439629116,1352.0920819309501,391.01981637721593,25403.790183622787
671,2024-02-25,EU-West,pet_care,13980.27,1.3,0,60,low,0.45,0,none,0.0,,,484,164d+,1,0.0,0,0.35242855683665314,765.42443132135,269.7574276980993,13710.512572301901
1062,2024-10-22,EU-North,cleaning,9557.35,10.6,0,90,low,0.33,0,none,0.0,,,244,164d+,1,0.0,0,0.3409502203538846,772.5985667058416,263.4176515634521,9293.932348436549
890,2024-08-21,EU-North,home_appliance,5175.78,3.5,0,0,medium,0.37,0,none,0.0,,,306,164d+,1,0.0,1,0.42566454246986946,406.26047726900293,172.93068018030093,5002.849319819698
626,2024-12-27,Unknown,beauty,5167.65,6.2,0,60,low,0.39,0,none,0.0,,,178,164d+,1,0.0,0,0.13240611282572776,380.7677657678405,50.415979754656966,5117.234020245342
953,2025-02-19,EU-West,home_appliance,16364.07,8.6,0,0,low,0.57,0,none,0.0,,,124,120-164d,1,0.0,0,0.1373386294958845,920.2406661230627,126.38459189172126,16237.685408108278
808,2024-02-14,EU-West,beauty,6283.35,4.6,0,60,high,0.36,0,none,0.0,,,495,164d+,1,0.0,2,0.43340784561353074,857.2113267386129,371.5221143572986,5911.827885642701
259,2024-05-09,EU-West,beauty,4242.73,2.0,0,60,high,0.37,0,none,0.0,,,410,164d+,1,0.0,2,0.595195138718526,780.5587883320292,464.5847962992467,3778.145203700753
625,2024-05-20,EU-South,beauty,11508.67,2.0,0,0,medium,0.61,0,none,0.0,,,399,164d+,1,0.0,1,0.3771600707196885,650.4871458288549,245.3377779230592,11263.33222207694
827,2025-02-16,EU-East,cleaning,26027.15,15.1,0,30,medium,0.88,0,none,0.0,,,127,120-164d,1,0.0,1,0.2998363222159014,432.7792371507868,129.7629347986953,25897.387065201307
235,2025-04-10,EU-South,pet_care,9686.41,4.4,0,0,medium,0.69,0,none,0.0,,,74,60-90d,1,0.0,1,0.3916380515805472,937.5711326086166,367.18853159300545,9319.221468406995
136,2025-04-27,EU-West,beauty,2626.66,3.1,0,30,low,0.63,0,none,0.0,,,57,30-60d,1,0.0,0,0.6213144194004916,181.05282107654466,112.49072840799444,2514.1692715920053
617,2025-04-15,EU-North,home_appliance,7772.83,3.2,0,30,high,0.7,0,none,0.0,,,69,60-90d,1,0.0,2,0.7337713475893449,1021.1612061773952,749.2988343627482,7023.531165637251
837,2024-02-23,Unknown,home_appliance,6464.9,1.4,0,30,medium,0.81,1,freight_overrun,527.64,28.0,carrier surcharge applied,486,164d+,1,527.64,1,0.7402137810575466,462.5272507353031,342.3690451089306,6122.530954891069
843,2024-01-08,EU-East,beauty,15545.27,1.4,0,30,medium,0.63,0,none,0.0,,,532,164d+,1,0.0,1,0.4403107671636634,484.29706015686776,213.2412100927773,15332.028789907223
960,2024-01-12,EU-East,home_appliance,8813.54,6.1,0,0,medium,0.73,1,return,188.25,76.0,buyer returned partial shipment,528,164d+,1,188.25,1,0.5085581572337295,334.0404170216932,169.87897892213883,8643.661021077862
593,2024-06-19,EU-West,home_appliance,10029.58,8.2,0,30,medium,0.67,0,none,0.0,,,369,164d+,1,0.0,1,0.49325285602031915,897.1867193249532,442.53991169053364,9587.040088309466
344,2025-04-04,EU-East,pet_care,4554.35,3.5,0,30,low,0.57,0,none,0.0,,,80,60-90d,1,0.0,0,0.22817984056948265,694.0020138937338,158.35726888517206,4395.9927311148285
1146,2024-03-13,EU-West,beauty,23506.87,11.0,0,60,high,0.43,1,late_payment,279.76,31.0,remittance overdue,467,164d+,1,279.76,2,0.8133685654968593,396.47861504994836,322.483242373358,23184.386757626642
294,2024-01-27,EU-West,cleaning,14769.23,4.6,0,30,low,0.64,0,none,0.0,,,513,164d+,1,0.0,0,0.32770136134149724,679.3745792592596,222.6319744840663,14546.598025515934
365,2024-01-30,EU-North,home_appliance,17099.88,11.8,0,30,medium,0.57,0,none,0.0,,,510,164d+,1,0.0,1,0.5641509927774332,656.1760039821419,370.1823440832543,16729.697655916745
179,2024-07-14,Unknown,pet_care,29826.25,2.6,0,0,low,0.64,0,none,0.0,,,344,164d+,1,0.0,0,0.10090986495178428,296.3268208306748,29.902299471614974,29796.347700528386
660,2024-03-04,EU-West,home_appliance,8248.94,3.3,0,90,low,0.42,0,none,0.0,,,476,164d+,1,0.0,0,0.36341828943138,768.8162229533079,279.4018766327856,7969.538123367215
997,2024-08-08,EU-North,home_appliance,10401.41,2.2,0,0,medium,0.41,0,none,0.0,,,319,164d+,1,0.0,1,0.579637027182238,782.3692478369761,453.4901849750284,9947.919815024972
15,2024-07-13,EU-East,home_appliance,3186.41,4.2,0,60,low,0.28,1,late_payment,,61.0,payment delayed,345,164d+,0,232.46,0,0.7141295677143102,375.80190634727336,268.37125292599205,2918.038747074008
166,2024-07-17,Unknown,beauty,6795.61,2.0,0,60,low,0.17,0,none,0.0,,,341,164d+,1,0.0,0,0.3767142376986508,727.8514985896284,274.1920224490125,6521.417977550987
60,2024-07-20,EU-West,beauty,8264.59,4.7,0,30,medium,0.75,1,freight_overrun,469.8,40.0,extra freight billed,338,164d+,1,469.8,1,0.4784594570156638,472.5651452509301,226.10326280128828,8038.486737198712
710,2025-05-01,EU-East,home_appliance,19633.94,3.7,0,90,medium,0.44,0,none,0.0,,,53,30-60d,1,0.0,1,0.42441212397975764,459.497103113515,195.0161414949526,19438.923858505044
677,2024-06-21,EU-South,pet_care,4563.82,4.1,0,90,high,0.46,0,none,0.0,,,367,164d+,1,0.0,2,0.40929020603815586,849.5244229371674,347.7020260983987,4216.117973901601
781,2024-06-29,EU-West,cleaning,9984.66,2.4,0,60,low,0.49,1,default,5622.36,35.0,buyer did not pay,359,164d+,1,5622.36,0,0.5799083829867632,1002.6049785759634,581.4190319004653,9403.240968099535
425,2024-09-21,EU-North,cleaning,14593.88,2.3,0,0,high,0.58,0,none,0.0,,,275,164d+,1,0.0,2,0.6322946441413607,630.5598675016677,398.6996270317905,14195.180372968209
293,2025-02-21,EU-South,home_appliance,9229.09,1.7,0,30,low,0.65,0,none,0.0,,,122,120-164d,1,0.0,0,0.1876781335620144,621.3187290275929,116.60793941102162,9112.482060588978
1066,2024-10-20,EU-South,cleaning,12219.39,1.1,0,0,low,0.82,0,none,0.0,,,246,164d+,1,0.0,0,0.2694840647508743,417.6930192011646,112.56161263239481,12106.828387367605
1242,2025-06-12,Unknown,cleaning,17028.79,3.5,0,90,high,0.43,1,freight_overrun,,100.0,,11,<30d,0,423.64,2,0.5965215060873887,557.2299269133274,332.3996352393036,16696.390364760697
330,2024-09-11,EU-West,beauty,13422.37,7.6,0,0,low,0.81,0,none,0.0,,,285,164d+,1,0.0,0,0.26750432010357317,484.5354219364696,129.61531861121327,13292.754681388788
430,2024-02-02,EU-South,beauty,6414.07,0.8,1,0,low,0.3,1,freight_overrun,261.93,62.0,carrier surcharge applied,507,164d+,1,261.93,0,0.7087411468639258,628.876279089535,445.7104952774353,5968.359504722564
1013,2024-10-17,EU-East,beauty,8124.01,1.9,0,30,medium,0.39,0,none,0.0,,,249,164d+,1,0.0,1,0.48791044217146795,566.7955310650318,276.54545818275164,7847.464541817249
80,2025-05-30,EU-North,beauty,17084.19,1.6,0,0,low,0.73,0,none,0.0,,,24,<30d,1,0.0,0,0.33306048580501224,490.1278570538326,163.24222217691909,16920.94777782308
1053,2024-04-29,EU-West,cleaning,7088.16,3.4,0,30,low,0.62,0,none,0.0,,,420,164d+,1,0.0,0,0.23548878794552225,717.3237344293068,168.92169678531315,6919.238303214686
938,2025-02-22,EU-West,beauty,39397.79,3.9,0,60,medium,0.75,0,none,0.0,,,121,120-164d,1,0.0,1,0.07985871545531764,140.99048808889512,11.259319270197427,39386.530680729804
835,2024-09-11,EU-North,cleaning,12762.73,7.2,0,30,low,0.47,1,return,256.53,102.0,,285,164d+,1,256.53,0,0.46520562612557503,728.0498782087083,338.6928994427308,12424.037100557269
750,2024-11-25,EU-South,home_appliance,11918.77,15.1,0,60,low,0.48,0,none,0.0,,,210,164d+,1,0.0,0,0.1632778439914702,813.7669831678002,132.87011852308143,11785.899881476918
891,2024-11-18,EU-West,pet_care,23361.83,2.9,0,90,medium,0.66,1,freight_overrun,311.47,43.0,,217,164d+,1,311.47,1,0.730214846657131,563.4010825094549,411.40383507110323,22950.4261649289
255,2024-01-24,EU-West,pet_care,9496.42,1.1,0,60,medium,0.29,0,none,0.0,,,516,164d+,1,0.0,1,0.3609995973444617,687.6318640657153,248.23482604894483,9248.185173951055
1361,2024-01-01,EU-North,cleaning,13432.01,2.4,0,30,high,0.43,0,none,0.0,,,539,164d+,1,0.0,2,0.6115423257067604,724.285582667923,442.9312897006177,12989.078710299382
137,2024-06-09,EU-South,cleaning,10741.67,2.1,0,90,low,0.3,0,none,0.0,,,379,164d+,1,0.0,0,0.4638431766872538,682.0856830547848,316.3807900010267,10425.289209998973
853,2024-11-01,EU-South,beauty,9559.46,6.5,0,30,low,0.61,0,none,0.0,,,234,164d+,1,0.0,0,0.16092980077389113,910.5645390183704,146.53696985599638,9412.923030144002
724,2024-04-30,EU-South,home_appliance,3681.78,3.0,0,0,medium,0.7,0,none,0.0,,,419,164d+,1,0.0,1,0.39750900132099376,482.02200722548963,191.60808670694522,3490.171913293055
860,2024-02-16,EU-East,beauty,6635.6,2.0,0,0,medium,0.65,0,none,0.0,,,493,164d+,1,0.0,1,0.3857741119917154,490.6465235792662,189.2787269356137,6446.321273064386
970,2024-03-22,EU-West,beauty,15030.88,9.6,0,90,low,0.29,0,none,0.0,,,458,164d+,1,0.0,0,0.44628107541457235,738.2642822265386,329.473377812227,14701.406622187773
497,2024-07-28,EU-East,cleaning,7049.33,1.8,0,90,medium,0.66,0,none,0.0,,,330,164d+,1,0.0,1,0.3771721832979706,493.2733759100164,186.04899615474145,6863.281003845258
951,2024-05-23,EU-East,home_appliance,62226.7,6.1,0,60,high,0.34,0,none,0.0,,,396,164d+,1,0.0,2,0.33440055771706734,239.79546209626292,80.1877362630122,62146.512263736986
806,2025-03-27,EU-West,beauty,13136.92,8.3,0,90,low,0.43,1,late_payment,467.11,74.0,payment delayed,88,60-90d,1,467.11,0,0.6398367156796599,778.6425148318209,498.2040693785432,12638.715930621456
130,2024-12-04,EU-East,home_appliance,28868.88,1.3,0,30,medium,0.57,1,late_payment,821.02,29.0,paid 40 days late,201,164d+,1,821.02,1,0.35715017873291555,896.3393859403415,320.1277718939447,28548.752228106056
338,2024-04-27,EU-North,home_appliance,5431.53,2.3,0,30,medium,0.58,0,none,0.0,,,422,164d+,1,0.0,1,0.4594843625623694,353.63185703560646,162.48830841175257,5269.041691588247
1388,2024-07-30,EU-West,beauty,9304.27,1.3,0,0,medium,0.82,0,none,0.0,,,328,164d+,1,0.0,1,0.34758086263696286,468.57574169067817,162.8679605076006,9141.4020394924
609,2025-01-26,EU-North,home_appliance,11844.8,3.8,0,60,medium,0.11,0,none,0.0,,,148,120-164d,1,0.0,1,0.6605594763098622,663.3219802472829,438.163619896966,11406.636380103033
196,2024-07-04,EU-West,cleaning,20732.75,4.2,0,30,low,0.62,0,none,0.0,,,354,164d+,1,0.0,0,0.20195703331031806,581.5794334483613,117.45405701352661,20615.295942986475
910,2024-09-05,EU-West,pet_care,7516.55,0.5,1,30,medium,0.36,0,none,0.0,,,291,164d+,1,0.0,1,0.6279175038524915,738.2008034679732,463.52920585551334,7053.020794144487
585,2024-03-25,EU-South,cleaning,11112.89,4.3,0,0,low,0.75,0,none,0.0,,,455,164d+,1,0.0,0,0.29193131243916565,616.0510876123851,179.844602536259,10933.04539746374
104,2024-01-13,EU-South,beauty,21316.68,0.4,1,60,medium,0.14,0,none,0.0,,,527,164d+,1,0.0,1,0.2626841206404827,615.5630887324754,161.69864866242972,21154.98135133757
1285,2024-01-13,EU-South,home_appliance,3829.08,0.9,1,60,low,0.05,0,none,0.0,,,527,164d+,1,0.0,0,0.4124930978422981,443.3569904244113,182.88169843020353,3646.1983015697965
1299,2024-02-13,EU-North,beauty,46128.83,6.3,0,60,low,0.31,0,none,0.0,,,496,164d+,1,0.0,0,0.1408290746372024,386.5378036892122,54.43576120584835,46074.39423879416
720,2025-01-22,EU-South,home_appliance,5114.26,9.5,0,60,medium,0.36,0,none,0.0,,,152,120-164d,1,0.0,1,0.4458117182816503,604.5847662063798,269.53097346937597,4844.729026530625
885,2024-12-18,EU-West,home_appliance,5332.64,6.2,0,60,low,0.54,0,none,0.0,,,187,164d+,1,0.0,0,0.1315415405609575,443.72326809810795,58.36804226836788,5274.271957731632
777,2025-01-02,EU-North,beauty,12704.73,2.6,0,30,low,0.5,0,none,0.0,,,172,164d+,1,0.0,0,0.38013451695192646,805.0237313990805,306.01730727022687,12398.712692729772
850,2024-03-12,EU-South,home_appliance,11409.99,2.4,0,0,medium,0.45,0,none,0.0,,,468,164d+,1,0.0,1,0.3631461795155619,710.6675799634911,258.0762165693119,11151.913783430688
895,2024-08-12,EU-North,home_appliance,6266.93,9.5,0,0,low,0.56,0,none,0.0,,,315,164d+,1,0.0,0,0.11346069691604597,924.789227039281,104.92723020032828,6162.002769799672
228,2024-02-14,EU-East,home_appliance,3229.35,3.7,0,30,medium,0.58,0,none,0.0,,,495,164d+,1,0.0,1,0.5568513511859431,470.01471840400035,261.7283310205481,2967.621668979452
1309,2024-07-15,Unknown,home_appliance,8815.9,5.5,0,60,low,0.24,0,none,0.0,,,343,164d+,1,0.0,0,0.21794086192012854,695.3021227384221,151.53474392450673,8664.365256075493
127,2024-04-02,EU-West,beauty,4627.39,2.7,0,60,low,0.74,0,none,0.0,,,447,164d+,1,0.0,0,0.33239188218513005,401.57677760017043,133.48086094836003,4493.9091390516405
406,2024-09-15,EU-South,cleaning,11832.86,4.0,0,60,low,0.67,1,default,5930.99,25.0,non-payment - escalated,281,164d+,1,5930.99,0,0.5248440280265203,1057.2602501180293,554.8967283442728,11277.963271655728
776,2025-01-15,EU-South,beauty,21015.3,3.4,0,0,low,0.3,0,none,0.0,,,159,120-164d,1,0.0,0,0.2746988873840805,546.2234207054439,150.04696593091197,20865.253034069086
822,2024-09-08,EU-East,beauty,5550.04,2.5,0,30,medium,0.68,0,none,0.0,,,288,164d+,1,0.0,1,0.38382400019170876,344.82334606915015,132.35147604775113,5417.688523952249
712,2024-12-21,EU-North,beauty,9638.99,3.2,0,30,high,0.35,0,none,0.0,,,184,164d+,1,0.0,2,0.49253295811935033,734.4185386780396,361.72533535278535,9277.264664647215
1313,2024-01-17,EU-East,home_appliance,18445.75,10.1,0,60,high,0.25,1,freight_overrun,287.48,88.0,container reweigh cost,523,164d+,1,287.48,2,0.8411679107539171,407.46283428193453,342.7446610228044,18103.005338977197
1061,2024-11-14,EU-South,pet_care,17808.67,1.6,0,30,medium,0.71,0,none,0.0,,,221,164d+,1,0.0,1,0.26973295598393443,591.5256856411967,159.55397172842353,17649.116028271575
304,2024-05-17,EU-East,cleaning,9105.92,2.9,0,0,medium,0.54,1,freight_overrun,812.48,117.0,extra freight billed,402,164d+,1,812.48,1,0.6446494513800881,663.5287712632899,427.74345836978375,8678.176541630217
268,2024-08-04,EU-West,home_appliance,7159.78,1.4,0,0,low,0.66,0,none,0.0,,,323,164d+,1,0.0,0,0.18028553564909727,660.5066803845195,119.07980067293019,7040.70019932707
546,2024-10-07,EU-East,pet_care,24665.47,1.8,0,0,medium,0.8,0,none,0.0,,,259,164d+,1,0.0,1,0.04364973116529728,460.65818187452453,20.107605797917618,24645.362394202082
213,2024-02-04,EU-West,cleaning,4364.36,10.4,0,0,low,0.39,0,none,0.0,,,505,164d+,1,0.0,0,0.188052178788847,767.3708695727255,144.30576396224316,4220.054236037757
897,2024-06-02,EU-West,cleaning,8777.84,4.9,0,60,medium,0.65,0,none,0.0,,,386,164d+,1,0.0,1,0.43486290178828185,685.8203220422267,298.2378153486567,8479.602184651343
917,2025-04-19,EU-West,home_appliance,15310.65,1.5,0,30,medium,0.48,0,none,0.0,,"minor delay, no cost",65,60-90d,1,0.0,1,0.34441404584049234,724.2991617532649,249.45880469831917,15061.19119530168
676,2025-06-12,EU-West,beauty,7702.93,4.7,0,30,medium,0.41,0,none,0.0,,,11,<30d,1,0.0,1,0.3976685000369636,682.0465808903847,271.2284407780188,7431.701559221981
815,2024-01-02,EU-West,pet_care,20407.68,4.4,0,30,medium,0.44,0,none,0.0,,,538,164d+,1,0.0,1,0.25498866300259126,581.2904575506319,148.22247658700016,20259.457523413
343,2024-03-11,EU-South,home_appliance,7140.29,2.1,0,30,low,0.72,0,none,0.0,,,469,164d+,1,0.0,0,0.31461086720470244,430.38367936335544,135.40338259525586,7004.886617404744
550,2024-10-31,EU-East,pet_care,20979.07,4.5,0,0,low,0.55,0,none,0.0,,,235,164d+,1,0.0,0,0.07822235653743952,530.2952723716941,41.480945865577254,20937.589054134423
967,2025-06-04,EU-South,home_appliance,14266.25,2.2,0,30,high,0.48,0,none,0.0,,,19,<30d,1,0.0,2,0.5636632587027504,632.2653179017427,356.3847294532267,13909.865270546774
296,2024-04-23,EU-South,beauty,12708.04,2.0,0,30,medium,0.36,1,freight_overrun,415.05,82.0,container reweigh cost,426,164d+,1,415.05,1,0.5271859534654939,655.9662365400015,345.81618585151244,12362.223814148489
696,2024-03-27,EU-East,home_appliance,10668.05,0.7,1,0,low,0.47,0,none,0.0,,,453,164d+,1,0.0,0,0.3522673032349404,555.135055904943,195.55592907481213,10472.494070925188
74,2025-02-25,EU-West,beauty,7668.68,8.5,0,60,medium,0.67,0,none,0.0,,,118,90-120d,1,0.0,1,0.5383575743906529,886.949905715995,477.49619984728133,7191.183800152719
606,2025-05-02,EU-North,pet_care,17111.22,7.1,0,30,low,0.66,0,none,0.0,,,52,30-60d,1,0.0,0,0.3598569898342817,964.7497536449866,347.17194229004974,16764.04805770995
105,2024-11-26,EU-North,pet_care,14857.75,3.1,0,30,low,0.58,0,none,0.0,,,209,164d+,1,0.0,0,0.4176252948801481,904.6433486803381,377.8019452539909,14479.94805474601
646,2024-09-13,EU-South,home_appliance,6196.65,2.1,0,30,low,0.43,0,none,0.0,,"minor delay, no cost",283,164d+,1,0.0,0,0.20266570137142992,721.1219542001719,146.146686622314,6050.503313377686
1365,2024-09-17,EU-East,home_appliance,5740.57,9.1,0,0,low,0.69,0,none,0.0,,,279,164d+,1,0.0,0,0.11971911276716063,676.6958621050112,81.01342822442082,5659.556571775579
1041,2024-04-22,EU-West,pet_care,9416.16,8.5,0,0,low,0.59,1,dispute,,18.0,,427,164d+,0,1348.18,0,0.4088043702348756,796.6776031173907,325.6852858226351,9090.474714177364
440,2025-06-19,EU-North,cleaning,11203.53,4.0,0,0,low,0.55,0,none,0.0,,,4,<30d,1,0.0,0,0.33213182177523654,841.0211411627984,279.3298837658886,10924.200116234111
1020,2024-11-25,EU-East,pet_care,4063.1,9.5,0,30,medium,0.55,0,none,0.0,,,210,164d+,1,0.0,1,0.29195044678661947,630.7811011900062,184.15682431697815,3878.9431756830218
92,2024-02-01,EU-North,pet_care,56712.44,5.2,0,30,medium,0.58,0,none,0.0,,,508,164d+,1,0.0,1,0.2868007133806,478.2312132353793,137.1570531167766,56575.28294688323
1113,2024-02-07,EU-North,home_appliance,14969.57,12.0,0,60,medium,0.29,0,none,0.0,,,502,164d+,1,0.0,1,0.6998912582207949,501.06666898395207,350.6921814076808,14618.877818592318
1217,2024-05-27,EU-West,home_appliance,10078.64,7.8,0,0,medium,0.53,0,none,0.0,,,392,164d+,1,0.0,1,0.5266117935443081,836.128642308017,440.31520395959205,9638.324796040408
909,2025-04-01,EU-West,beauty,26800.25,4.0,0,60,medium,0.26,0,none,0.0,,,83,60-90d,1,0.0,1,0.3911757788266723,1076.1942337603366,420.98111755997354,26379.268882440025
103,2024-08-08,EU-West,beauty,8799.83,3.4,0,60,medium,0.27,0,none,0.0,,,319,164d+,1,0.0,1,0.5812414399921562,692.6688480053646,402.60783865234606,8397.222161347654
239,2025-03-25,EU-West,home_appliance,5715.97,3.4,0,30,high,0.57,1,default,,55.0,buyer did not pay,90,60-90d,0,5930.99,2,0.6261207695057633,2152.5662199678522,1347.7664180583838,4368.203581941616
1184,2024-03-04,EU-West,home_appliance,7932.41,3.2,0,30,medium,0.8,0,none,0.0,,,476,164d+,1,0.0,1,0.28941569363649394,500.4171986317721,144.8285906496455,7787.581409350354
943,2024-08-07,EU-West,cleaning,6353.25,5.7,0,60,low,0.42,0,none,0.0,,,320,164d+,1,0.0,0,0.18692980641491294,722.2240174862053,135.00519577689707,6218.244804223103
939,2024-06-24,EU-South,beauty,4755.01,6.1,0,90,medium,0.45,0,none,0.0,,,364,164d+,1,0.0,1,0.18563083942356814,652.8585669225631,121.19068380270313,4633.819316197297
6,2025-01-09,EU-South,home_appliance,2854.19,11.6,0,60,low,0.27,1,dispute,915.96,29.0,buyer disputes invoice,165,164d+,1,915.96,0,0.8425771192551251,679.6215964549368,572.6336069245698,2281.55639307543
1262,2024-07-09,EU-East,beauty,4116.2,2.4,0,30,low,0.4,0,none,0.0,,,349,164d+,1,0.0,0,0.1748714741381148,586.4445188397816,102.55241750973005,4013.64758249027
966,2025-05-29,EU-East,cleaning,5728.26,2.8,0,90,low,0.43,0,none,0.0,,,25,<30d,1,0.0,0,0.4498317895941068,1148.9860451481559,516.8504489076502,5211.40955109235
19,2024-01-01,EU-South,pet_care,15477.33,1.8,0,30,medium,0.4,0,none,0.0,,,539,164d+,1,0.0,1,0.45524219201557503,668.657245288742,304.40099005234293,15172.929009947657
122,2024-11-16,EU-North,beauty,5308.94,0.8,1,30,medium,0.4,0,none,0.0,,,219,164d+,1,0.0,1,0.4123300232618372,401.5476269579725,165.57014236431633,5143.369857635684
662,2024-10-21,EU-South,home_appliance,7002.08,7.3,0,0,low,0.58,0,none,0.0,,,245,164d+,1,0.0,0,0.38676292632594705,909.7899437653884,351.87302099262047,6650.206979007379
1172,2024-05-16,EU-North,beauty,3471.48,3.8,0,30,medium,0.64,0,none,0.0,,,403,164d+,1,0.0,1,0.4981387381753074,472.02728930037705,235.1350782764006,3236.3449217235993
275,2024-07-30,EU-North,cleaning,7370.15,5.0,0,0,low,0.88,0,none,0.0,,,328,164d+,1,0.0,0,0.19317568795612663,499.90831053412523,96.57013180241464,7273.579868197585
434,2024-02-02,EU-South,home_appliance,16026.97,2.1,0,30,low,0.46,0,none,0.0,,,507,164d+,1,0.0,0,0.2911759599609591,672.9899124066213,195.95848378903972,15831.01151621096
812,2024-07-27,EU-West,beauty,14733.97,4.9,0,60,medium,0.42,0,none,0.0,,,331,164d+,1,0.0,1,0.41786588585000384,684.0112118677105,285.8249509784355,14448.145049021565
1300,2025-03-06,EU-West,pet_care,9775.96,2.5,0,60,low,0.31,0,none,0.0,,,109,90-120d,1,0.0,0,0.43250381661382226,732.0006435864384,316.5930721149088,9459.36692788509
1314,2024-02-27,EU-West,home_appliance,9233.12,6.2,0,60,medium,0.53,0,none,0.0,,,482,164d+,1,0.0,1,0.44238927577857673,781.9095836674842,345.9084144429868,8887.211585557014
182,2024-08-11,EU-South,home_appliance,18741.71,0.9,1,30,medium,0.23,0,none,0.0,,,316,164d+,1,0.0,1,0.6514436023409934,540.3447556435376,352.00413412249,18389.70586587751
185,2025-06-04,EU-North,cleaning,4059.98,7.0,0,0,low,0.46,0,none,0.0,,,19,<30d,1,0.0,0,0.02606846015132671,599.007872497801,15.615212854539918,4044.36478714546
407,2025-02-28,EU-West,home_appliance,7491.73,5.5,0,30,low,0.69,0,none,0.0,,,115,90-120d,1,0.0,0,0.16647163762096628,795.479850997303,132.42483349000327,7359.3051665099965
866,2024-07-04,Unknown,home_appliance,27466.42,5.3,0,60,medium,0.1,0,none,0.0,,,354,164d+,1,0.0,1,0.2853479717460562,711.7263044825631,203.08965742241543,27263.33034257758
521,2025-01-28,EU-South,beauty,5358.31,0.4,1,60,low,0.06,0,none,0.0,,,146,120-164d,1,0.0,0,0.4022694809129717,351.87481073308317,141.54849745994753,5216.761502540053
1004,2025-01-24,EU-West,pet_care,5823.59,6.2,0,90,low,0.52,0,none,0.0,,,150,120-164d,1,0.0,0,0.2944805848019751,877.8001465145355,258.49510048485985,5565.09489951514
381,2024-05-08,EU-East,home_appliance,5558.64,4.6,0,0,low,0.45,0,none,0.0,,,411,164d+,1,0.0,0,0.08487730655400127,338.22149048304607,28.707329130880726,5529.93267086912
428,2024-08-29,EU-South,beauty,12560.45,5.1,0,30,low,0.69,0,none,0.0,,,298,164d+,1,0.0,0,0.2386397698188163,911.1423349539587,217.4347970855915,12343.01520291441
79,2025-03-16,EU-East,beauty,3555.6,2.3,0,30,low,0.77,0,none,0.0,,,99,90-120d,1,0.0,0,0.31015913647386856,313.70678721593424,97.2990262288858,3458.300973771114
1010,2025-03-19,EU-East,pet_care,18582.95,6.5,0,30,low,0.82,0,none,0.0,,,96,90-120d,1,0.0,0,0.05617245477198343,292.9967684956955,16.458347726661756,18566.49165227334
1372,2024-08-20,EU-South,cleaning,10105.99,5.7,0,0,low,0.65,0,none,0.0,,,307,164d+,1,0.0,0,0.22853684219762632,915.4350004558213,209.21062424135602,9896.779375758644
608,2025-04-29,EU-West,home_appliance,8411.4,4.2,0,30,low,0.62,0,none,0.0,,,55,30-60d,1,0.0,0,0.21713357501667166,681.5974150726693,147.99768345685092,8263.402316543148
1236,2025-01-17,EU-West,beauty,32550.73,5.3,0,60,medium,0.36,0,none,0.0,,,157,120-164d,1,0.0,1,0.11867254778784347,378.29058108927705,44.892707062008306,32505.83729293799
1385,2024-09-23,EU-South,home_appliance,4914.82,1.3,0,60,high,0.71,1,freight_overrun,897.21,16.0,container reweigh cost,273,164d+,1,897.21,2,0.7537630636817249,649.3775159513323,489.4767859095044,4425.343214090495
1268,2024-10-31,EU-South,home_appliance,7980.29,3.1,0,60,low,0.28,1,late_payment,275.61,78.0,,235,164d+,1,275.61,0,0.5876505392540318,677.8780115850686,398.3553790564164,7581.9346209435835
1058,2024-10-15,EU-West,home_appliance,8779.17,7.2,0,60,low,0.51,0,none,0.0,,,251,164d+,1,0.0,0,0.3034784277110962,832.3527079477293,252.60109110905012,8526.56890889095
1092,2024-09-22,EU-North,beauty,4502.3,5.0,0,0,medium,0.85,0,none,0.0,,,274,164d+,1,0.0,1,0.22498879947813769,424.01920363980605,95.39957158259595,4406.900428417404
1102,2024-06-27,EU-West,cleaning,8789.29,8.6,0,30,high,0.58,0,none,0.0,,,361,164d+,1,0.0,2,0.5704068404750963,992.6370135345036,566.2069426288516,8223.08305737115
1130,2024-12-28,EU-South,cleaning,31728.27,0.8,1,60,medium,0.09,0,none,0.0,,,177,164d+,1,0.0,1,0.32217028630772443,348.8880966417841,112.40137798444061,31615.86862201556
1223,2024-04-07,EU-South,home_appliance,24752.16,5.1,0,30,low,0.62,0,none,0.0,,,442,164d+,1,0.0,0,0.2527552567829998,1374.9747724078152,347.53210167008405,24404.627898329916
959,2024-11-11,EU-East,pet_care,6066.42,5.8,0,30,medium,0.65,0,none,0.0,,,224,164d+,1,0.0,1,0.36423567905037124,581.7508591717049,211.8944192285428,5854.5255807714575
560,2025-02-06,EU-East,cleaning,9483.93,5.9,0,30,medium,0.54,0,none,0.0,,,137,120-164d,1,0.0,1,0.4824245687670457,626.616413927253,302.29515327120765,9181.634846728793
847,2024-06-30,EU-West,home_appliance,12287.06,5.7,0,60,low,0.51,0,none,0.0,,buyer queried ETA,358,164d+,1,0.0,0,0.28324405975380323,803.6804439227134,227.63771168140815,12059.422288318592
691,2025-05-25,EU-West,beauty,36827.33,1.2,0,30,low,0.51,0,none,0.0,,,29,<30d,1,0.0,0,0.06505309885000886,413.764893828937,26.916688538917256,36800.41331146108
1377,2024-01-20,EU-North,cleaning,5619.28,3.8,0,60,high,0.36,0,none,0.0,,,520,164d+,1,0.0,2,0.6614002506631521,479.73082147664104,317.29408557549027,5301.985914424509
1298,2024-06-04,EU-West,home_appliance,11082.96,10.6,0,0,medium,0.45,0,none,0.0,,,384,164d+,1,0.0,1,0.43661005051508484,724.8990616376342,316.49821591994504,10766.461784080055
437,2024-07-05,EU-West,home_appliance,17047.61,3.5,0,30,medium,0.74,0,none,0.0,,,353,164d+,1,0.0,1,0.41908073807172375,429.5798026608214,180.02862075980246,16867.581379240197
491,2024-07-12,EU-North,home_appliance,15228.28,6.2,0,30,medium,0.71,0,none,0.0,,,346,164d+,1,0.0,1,0.3759259229061158,838.3471334419816,315.15641985487355,14913.123580145128
1390,2024-06-16,EU-West,beauty,7998.29,5.2,0,30,medium,0.6,0,none,0.0,,,372,164d+,1,0.0,1,0.3794381081191897,674.3839378077745,255.88696550775126,7742.4030344922485
1277,2024-10-29,EU-West,beauty,11155.29,5.9,0,30,medium,0.51,0,none,0.0,,,237,164d+,1,0.0,1,0.42301432222578683,817.9178484358106,345.99096429244827,10809.299035707552
70,2025-04-12,EU-East,home_appliance,2589.2,4.5,0,90,medium,0.3,0,none,0.0,,,72,60-90d,1,0.0,1,0.8128881925755299,286.38174450502515,232.7963386773171,2356.4036613226826
809,2024-02-23,EU-East,home_appliance,30449.91,0.5,1,0,low,0.25,0,none,0.0,,,486,164d+,1,0.0,0,0.6356187504677465,415.8701846340672,264.3348871138968,30185.575112886105
1185,2024-04-12,EU-West,home_appliance,4577.3,4.6,0,0,low,0.37,0,none,0.0,,,437,164d+,1,0.0,0,0.14894931514295412,531.88691736035,79.22419207432117,4498.075807925679
12,2025-01-16,EU-South,pet_care,16727.94,4.7,0,30,medium,0.7,0,none,0.0,,,158,120-164d,1,0.0,1,0.5136185430039573,1002.0498088366814,514.6713628320903,16213.268637167908
145,2025-01-08,EU-East,beauty,16758.63,0.8,1,30,low,0.0,0,none,0.0,,,166,164d+,1,0.0,0,0.6472830420192518,598.4720958167703,387.38083874391623,16371.249161256084
918,2025-04-22,EU-West,cleaning,12626.51,0.8,1,30,low,0.17,0,none,0.0,,,62,60-90d,1,0.0,0,0.5196057163556008,657.0104887472991,341.38640565868377,12285.123594341316
640,2024-04-30,EU-South,cleaning,8140.0,2.6,0,30,low,0.64,0,none,0.0,,,419,164d+,1,0.0,0,0.27544357490270416,617.5131719515844,170.09003563185266,7969.9099643681475
177,2025-04-12,Unknown,cleaning,12710.14,1.9,0,90,low,0.68,1,dispute,1738.47,65.0,chargeback pending,72,60-90d,1,1738.47,0,0.6737023416864198,799.8367302327092,538.8518781245855,12171.288121875414
995,2025-01-20,EU-South,beauty,72526.41,4.6,0,60,low,0.19,0,none,0.0,,,154,120-164d,1,0.0,0,0.22504930242019694,390.99468915827225,87.9930820450709,72438.41691795494
441,2025-01-14,EU-South,home_appliance,15351.63,0.6,1,0,low,0.49,1,return,880.19,51.0,buyer returned partial shipment,160,120-164d,1,880.19,0,0.8017228545163331,862.1588124086903,691.212424130707,14660.417575869293
522,2024-03-28,EU-West,home_appliance,7814.99,6.7,0,30,low,0.52,0,none,0.0,,,452,164d+,1,0.0,0,0.07361271701306846,772.3377191134242,56.85387795561525,7758.136122044384
1378,2024-11-09,EU-South,beauty,6463.14,1.3,0,90,medium,0.55,0,none,0.0,,,226,164d+,1,0.0,1,0.5165554753015077,781.3636587166538,403.61767611170615,6059.5223238882945
1005,2025-02-08,EU-North,pet_care,2993.27,5.6,0,60,medium,0.51,0,none,0.0,,,135,120-164d,1,0.0,1,0.3277587480095033,714.6362181201445,234.22827213330484,2759.041727866695
144,2024-12-07,EU-East,home_appliance,18502.46,7.3,0,60,high,0.52,1,freight_overrun,142.02,32.0,,198,164d+,1,142.02,2,0.7750853919110227,431.8675979164795,334.73426638476644,18167.725733615232
754,2024-02-19,EU-East,cleaning,5070.94,6.5,0,0,medium,0.5,0,none,0.0,,,490,164d+,1,0.0,1,0.668279958980728,491.1660134481229,328.23640331983927,4742.70359668016
520,2024-07-04,EU-South,pet_care,31288.67,1.5,0,0,low,0.61,0,none,0.0,,,354,164d+,1,0.0,0,0.12522463226968755,375.42230918040315,47.01212061295293,31241.657879387047
823,2025-06-16,EU-West,beauty,16356.95,2.2,0,30,low,0.21,0,none,0.0,,,7,<30d,1,0.0,0,0.3348214240207874,686.1588324637382,229.74067738994972,16127.209322610051
429,2024-08-24,EU-West,pet_care,5360.21,0.6,1,60,low,0.25,0,none,0.0,,,303,164d+,1,0.0,0,0.3488845119779303,408.15882239080133,142.40029155930145,5217.809708440698
613,2025-03-27,EU-South,home_appliance,10357.44,4.8,0,60,high,0.52,0,none,0.0,,,88,60-90d,1,0.0,2,0.6040703448971085,900.0817042395569,543.7126655155663,9813.727334484434
1033,2024-12-29,EU-East,beauty,7276.28,0.9,1,30,high,0.29,0,none,0.0,,,176,164d+,1,0.0,2,0.6049355698445769,701.4298371407284,424.3198582367153,6851.960141763285
157,2025-01-25,EU-West,pet_care,6225.62,1.3,0,0,medium,0.38,0,none,0.0,,,149,120-164d,1,0.0,1,0.44408235785923234,770.4526068357524,342.14441026241303,5883.475589737587
540,2024-12-22,EU-South,home_appliance,2259.81,1.1,0,30,high,0.88,0,none,0.0,,,183,164d+,1,0.0,2,0.3593612270135384,101.73383861630617,36.55919707395308,2223.250802926047
462,2025-05-06,EU-West,pet_care,7385.04,3.3,0,60,high,0.16,0,none,0.0,,,48,30-60d,1,0.0,2,0.58842625607314,815.6713544997909,479.962441314419,6905.077558685581
577,2024-08-15,EU-South,beauty,21188.59,3.7,0,60,low,0.55,0,none,0.0,,,312,164d+,1,0.0,0,0.2459987715048839,889.3174334623654,218.7709961096182,20969.81900389038
256,2024-01-29,EU-North,beauty,52741.39,1.1,0,0,low,0.44,0,none,0.0,,,511,164d+,1,0.0,0,0.08766912815688661,506.42368097189535,44.397722588807355,52696.99227741119
980,2024-03-20,EU-West,cleaning,13513.7,1.3,0,30,high,0.34,0,none,0.0,,,460,164d+,1,0.0,2,0.4530656832418679,676.3147088968309,306.4149856728677,13207.285014327133
1186,2024-08-21,EU-South,beauty,15773.45,7.7,0,60,medium,0.35,0,none,0.0,,,306,164d+,1,0.0,1,0.5520905896991364,896.9719684497807,495.2097830050346,15278.240216994966
1007,2025-01-04,EU-South,beauty,70248.07,3.0,0,90,high,0.39,0,none,0.0,,,170,164d+,1,0.0,2,0.22319114611550728,345.0775083632398,77.01824459027505,70171.05175540973
561,2024-11-06,EU-West,cleaning,7266.52,3.7,0,30,low,0.9,0,none,0.0,,,229,164d+,1,0.0,0,0.2684986894437201,587.8993341200621,157.8502007360724,7108.669799263928
209,2024-07-04,EU-West,beauty,30334.26,2.6,0,90,low,0.57,0,none,0.0,,,354,164d+,1,0.0,0,0.2991126219331776,596.2440940376513,178.34413427977398,30155.915865720224
911,2025-04-10,EU-North,pet_care,25775.54,5.4,0,30,high,0.57,0,none,0.0,,,74,60-90d,1,0.0,2,0.5716587591193771,2053.009144965241,1173.620660271563,24601.919339728436
2,2024-10-10,EU-East,home_appliance,26224.51,3.0,0,90,low,0.5,0,none,0.0,,,256,164d+,1,0.0,0,0.6585199486189854,1173.6694950815343,772.8847755967626,25451.625224403237
270,2024-07-01,EU-West,pet_care,20790.03,1.8,0,30,high,0.62,0,none,0.0,,,357,164d+,1,0.0,2,0.18573191917656137,528.8536041253765,98.2249948576476,20691.805005142352
266,2025-06-22,EU-West,pet_care,3349.33,3.1,0,30,medium,0.8,0,none,0.0,,,1,<30d,1,0.0,1,0.17096171543182456,508.73293611924754,86.97385545561538,3262.3561445443847
915,2024-05-24,EU-South,beauty,17984.45,0.5,1,30,low,0.14,0,none,0.0,,,395,164d+,1,0.0,0,0.5852195837487011,679.478812653304,397.6443079070282,17586.805692092974
231,2024-10-10,EU-West,beauty,41026.77,0.6,1,90,medium,0.06,0,none,0.0,,,256,164d+,1,0.0,1,0.19215135694098226,394.6315489846028,75.82898762911313,40950.94101237088
1375,2024-06-01,EU-South,cleaning,6311.01,2.8,0,30,low,0.53,0,none,0.0,,,387,164d+,1,0.0,0,0.1898730568584589,756.5205850958973,143.64287606850792,6167.367123931493
1120,2025-01-07,EU-South,home_appliance,9968.99,1.4,0,90,high,0.06,0,none,0.0,,,167,164d+,1,0.0,2,0.6578134464859472,577.2493736252634,379.72239994628876,9589.26760005371
1370,2024-07-12,EU-West,pet_care,24186.01,7.3,0,30,low,0.7,1,dispute,,76.0,quality complaint raised,346,164d+,0,1348.18,0,0.7898683530761856,1049.4915531421568,828.9601646477636,23357.049835352234
865,2024-12-20,EU-West,beauty,3741.84,6.7,0,0,high,0.83,0,none,0.0,,,185,164d+,1,0.0,2,0.0280407119481282,517.2287093185377,14.503461249303246,3727.336538750697
1067,2024-10-25,EU-West,pet_care,19693.45,1.2,0,60,medium,0.15,0,none,0.0,,,241,164d+,1,0.0,1,0.3732612892275412,528.251430292215,197.1758099071648,19496.274190092838
874,2025-06-02,EU-West,pet_care,5791.54,2.6,0,90,low,0.22,0,none,0.0,,,21,<30d,1,0.0,0,0.3189136555890882,777.6292286831809,247.99658001227627,5543.543419987724
1246,2024-07-06,EU-West,pet_care,3799.3,1.8,0,30,medium,0.68,0,none,0.0,,,352,164d+,1,0.0,1,0.3074232296108611,500.9302159529208,153.997584797913,3645.302415202087
399,2024-10-03,EU-East,beauty,24005.6,3.8,0,60,medium,0.11,1,freight_overrun,529.12,9.0,carrier surcharge applied,263,164d+,1,529.12,1,0.6236054519420021,406.6745881373243,253.6044903287037,23751.995509671295
1271,2024-07-07,EU-South,cleaning,5504.86,11.6,0,30,medium,0.55,0,none,0.0,,,351,164d+,1,0.0,1,0.3560487372606703,407.0931885832017,144.9450157424689,5359.914984257531
46,2024-03-20,EU-South,beauty,20872.43,4.5,0,60,medium,0.23,0,none,0.0,,,460,164d+,1,0.0,1,0.24113634093119274,680.8572577914442,164.17942784027468,20708.250572159726
162,2024-04-15,EU-South,cleaning,17430.62,14.6,0,60,low,0.26,0,none,0.0,,,434,164d+,1,0.0,0,0.37254722597088863,674.6543497250217,251.34060647925057,17179.27939352075
992,2024-07-24,EU-North,cleaning,11765.24,8.0,0,0,medium,0.49,0,none,0.0,,,334,164d+,1,0.0,1,0.5339269335618664,1002.7412433512391,535.3905572185403,11229.84944278146
728,2024-04-18,EU-West,home_appliance,41970.66,4.5,0,30,low,0.62,0,none,0.0,,,431,164d+,1,0.0,0,0.09536033179520566,291.6467087202551,27.811526910543225,41942.84847308946
630,2024-04-02,EU-South,beauty,8117.57,4.4,0,0,low,0.6,0,none,0.0,,,447,164d+,1,0.0,0,0.16052117349065392,826.3151612263557,132.64107935317352,7984.928920646827
289,2024-02-26,EU-East,beauty,16564.44,5.8,0,30,medium,0.67,0,none,0.0,,,483,164d+,1,0.0,1,0.5079330498220134,607.7192653421321,308.68069988082254,16255.759300119176
1060,2025-06-06,EU-North,beauty,4727.71,9.2,0,0,low,0.95,0,none,0.0,,,17,<30d,1,0.0,0,0.08939573246491994,424.6933337375458,37.9657716424366,4689.744228357564
1359,2024-11-19,EU-North,cleaning,14548.48,2.6,0,30,medium,0.45,0,none,0.0,,buyer queried ETA,216,164d+,1,0.0,1,0.3678287368772661,771.575603523523,283.8076796493717,14264.672320350628
576,2025-04-26,EU-East,home_appliance,10902.6,1.9,0,0,low,0.57,0,none,0.0,,,58,30-60d,1,0.0,0,0.31969383502722254,754.6030283479012,241.24193605569644,10661.358063944304
851,2024-01-02,EU-West,beauty,5654.69,3.7,0,90,low,0.24,0,none,0.0,,,538,164d+,1,0.0,0,0.3636443423709607,361.53979450777416,131.4719008147118,5523.218099185287
912,2025-02-19,EU-South,home_appliance,10261.52,7.6,0,0,low,0.66,0,none,0.0,,,124,120-164d,1,0.0,0,0.434611937461462,973.693375638486,423.1787644796335,9838.341235520367
1255,2024-10-05,EU-West,beauty,7994.86,2.1,0,30,low,0.59,0,none,0.0,,,261,164d+,1,0.0,0,0.32884748729356217,667.5643313008223,219.5268529550825,7775.3331470449175
1264,2024-03-24,EU-South,home_appliance,18520.86,11.4,0,0,medium,0.73,0,none,0.0,,,456,164d+,1,0.0,1,0.6101886626976715,372.3546057233976,227.2065589156787,18293.653441084323
933,2025-04-24,EU-East,pet_care,13926.08,3.8,0,30,high,0.57,0,none,0.0,,,60,30-60d,1,0.0,2,0.6187622215135988,629.9310360919324,389.7775272926071,13536.302472707393
1101,2025-01-14,EU-West,home_appliance,7918.28,6.7,0,90,low,0.48,0,none,0.0,,,160,120-164d,1,0.0,0,0.12315033971869548,726.0554987626736,89.41398132725013,7828.866018672749
1208,2024-11-02,EU-East,home_appliance,9552.79,2.3,0,90,low,0.3,1,late_payment,282.06,38.0,,233,164d+,1,282.06,0,0.6176679934448945,578.684362975408,357.4348093169573,9195.355190683043
248,2024-09-02,EU-East,cleaning,7237.63,5.1,0,60,low,0.53,0,none,0.0,,,294,164d+,1,0.0,0,0.26939579650324313,652.6884128133352,175.83151483828598,7061.798485161714
477,2024-11-30,EU-East,home_appliance,20168.63,6.0,0,30,medium,0.57,0,none,0.0,,,205,164d+,1,0.0,1,0.3233041526707347,578.676885760648,187.08864022098584,19981.541359779014
86,2024-02-07,EU-West,home_appliance,4808.59,3.4,0,60,low,0.62,0,none,0.0,,,502,164d+,1,0.0,0,0.2950466492240221,593.3420448088026,175.06358216456675,4633.526417835434
470,2024-09-03,EU-East,pet_care,12385.91,2.6,0,0,medium,0.42,0,none,0.0,,,293,164d+,1,0.0,1,0.3950153848109205,549.5536583180224,217.08214981474273,12168.827850185256
226,2025-05-23,EU-South,cleaning,5911.23,2.2,0,30,medium,0.68,0,none,0.0,,,31,30-60d,1,0.0,1,0.5454415707011229,749.8213019027567,408.98370865500044,5502.246291344999
775,2024-03-15,EU-West,beauty,6387.28,2.1,0,60,low,0.15,1,dispute,997.92,49.0,quality complaint raised,465,164d+,1,997.92,0,0.5440544926971198,728.9469008955779,396.58683636988127,5990.693163630119
332,2025-02-11,EU-West,home_appliance,5476.8,0.7,1,60,low,0.04,0,none,0.0,,,132,120-164d,1,0.0,0,0.4620137513119042,402.59833765324913,186.00596825111427,5290.794031748886
234,2024-05-28,Unknown,cleaning,9534.65,2.6,0,60,low,0.24,0,none,0.0,,,391,164d+,1,0.0,0,0.3231023338353452,732.3689046683951,236.6301023267939,9298.019897673206
589,2025-03-03,EU-West,pet_care,14908.3,1.7,0,60,low,0.13,0,none,0.0,,,112,90-120d,1,0.0,0,0.40176349034612724,725.7307725308974,291.5721282236047,14616.727871776395
476,2024-03-02,EU-West,cleaning,4828.9,4.5,0,30,medium,0.65,1,return,,79.0,QC reject on arrival,478,164d+,0,658.67,1,0.6422754219737717,529.1685505118476,339.87195407524604,4489.028045924753
600,2025-05-24,EU-North,beauty,13927.13,1.9,0,30,medium,0.76,0,none,0.0,,,30,<30d,1,0.0,1,0.17439295703973406,468.2034833583793,81.65138995917168,13845.478610040827
422,2024-01-17,EU-West,beauty,6070.8,2.5,0,0,medium,0.55,0,none,0.0,,,523,164d+,1,0.0,1,0.44956047039523167,902.8840148917652,405.90096244707735,5664.899037552923
183,2024-06-19,EU-East,beauty,5970.61,0.3,1,30,low,0.24,0,none,0.0,,,369,164d+,1,0.0,0,0.4856747017396766,568.1195420961301,275.9212891600196,5694.68871083998
989,2024-12-01,EU-West,cleaning,11613.49,2.1,0,30,low,0.69,0,none,0.0,,,204,164d+,1,0.0,0,0.25631238936842055,793.2811223588244,203.32777991265266,11410.162220087346
1001,2024-11-11,EU-West,beauty,6179.05,5.8,0,30,low,0.58,0,none,0.0,,,224,164d+,1,0.0,0,0.1370763789839866,797.2487175737364,109.2839673546348,6069.766032645365
50,2025-02-12,EU-West,home_appliance,9513.73,7.6,0,0,low,0.52,0,none,0.0,,,131,120-164d,1,0.0,0,0.46569299270602904,835.4268183837402,389.0524152400002,9124.67758476
1305,2025-03-06,EU-South,cleaning,9682.27,1.7,0,30,low,0.32,0,none,0.0,,,109,90-120d,1,0.0,0,0.3113907741189845,640.2002587469007,199.3524541623716,9482.917545837628
1030,2024-01-17,EU-East,cleaning,13525.05,4.0,0,60,medium,0.11,1,dispute,297.05,43.0,,523,164d+,1,297.05,1,0.6759750923743086,458.227599065857,309.75044360700036,13215.299556392998
530,2024-12-02,EU-West,beauty,9631.07,4.4,0,30,low,0.69,0,none,0.0,,,203,164d+,1,0.0,0,0.1478954961226961,769.5192787180943,113.8084355019918,9517.261564498009
1259,2024-03-18,EU-East,home_appliance,20093.71,5.9,0,60,medium,0.26,0,none,0.0,,,462,164d+,1,0.0,1,0.4710450844847069,435.6476351973289,205.20967712708855,19888.50032287291
487,2024-01-10,EU-East,home_appliance,11831.93,1.4,0,60,high,0.4,0,none,0.0,,,530,164d+,1,0.0,2,0.5509179521233698,562.9841721402457,310.15808719337485,11521.771912806626
498,2024-04-03,EU-North,home_appliance,14502.2,3.8,0,60,low,0.41,0,none,0.0,,,446,164d+,1,0.0,0,0.4915518236474196,779.7885914802567,383.3065042015729,14118.893495798427
107,2024-10-11,EU-East,cleaning,6215.42,1.5,0,0,medium,0.95,0,none,0.0,,,255,164d+,1,0.0,1,0.3759991402291063,413.62055379910987,155.52097260955213,6059.899027390448
444,2024-02-04,EU-West,pet_care,3468.13,0.9,1,30,low,0.29,0,none,0.0,,,505,164d+,1,0.0,0,0.7152438521895749,459.1884972447394,328.4317496504694,3139.6982503495306
647,2025-06-08,EU-West,beauty,9400.94,8.2,0,90,high,0.5,1,freight_overrun,,72.0,,15,<30d,0,423.64,2,0.7725088450086675,784.8872741195627,606.3323615921047,8794.607638407895
1037,2024-03-28,EU-West,beauty,21233.39,1.7,0,30,low,0.72,0,none,0.0,,,452,164d+,1,0.0,0,0.0942570573897575,397.3067489060555,37.44896503297604,21195.941034967025
727,2024-05-02,EU-West,home_appliance,13960.91,7.2,0,30,low,0.44,0,none,0.0,,,417,164d+,1,0.0,0,0.3788688281063674,683.436918703447,258.9329444738016,13701.977055526198
191,2024-03-01,EU-South,home_appliance,3845.68,1.7,0,30,low,0.65,0,none,0.0,,"minor delay, no cost",479,164d+,1,0.0,0,0.10051638644373787,382.00178072516314,38.397438613566514,3807.2825613864334
283,2024-07-20,EU-West,cleaning,4197.42,2.9,0,0,high,0.77,0,none,0.0,,,338,164d+,1,0.0,2,0.4366311607119791,591.4241621624965,258.2342183981206,3939.1857816018796
30,2024-01-04,EU-North,beauty,33753.97,1.6,0,60,low,0.43,0,none,0.0,,,536,164d+,1,0.0,0,0.1839385175881051,510.3761710892557,93.87783632245079,33660.09216367755
170,2024-02-18,EU-South,beauty,10036.93,1.7,0,30,medium,0.73,0,none,0.0,,,491,164d+,1,0.0,1,0.28037819202261033,435.7230622068974,122.16724440412527,9914.762755595875
1002,2024-07-23,EU-East,cleaning,7102.08,7.9,0,30,medium,0.8,0,none,0.0,,,335,164d+,1,0.0,1,0.058543857894273646,318.6565011345011,18.655380919504683,7083.424619080495
1205,2024-06-26,EU-West,home_appliance,5505.61,2.8,0,30,medium,0.52,0,none,0.0,,,362,164d+,1,0.0,1,0.4222174394847757,429.95989046560896,181.53656403354404,5324.073435966456
101,2025-03-19,EU-South,cleaning,22866.72,5.1,0,30,low,0.49,0,none,0.0,,,96,90-120d,1,0.0,0,0.3766583791022858,925.0247395580204,348.41831903143805,22518.30168096856
198,2024-09-13,EU-South,home_appliance,1454.37,1.1,0,0,low,0.48,0,none,0.0,,,283,164d+,1,0.0,0,0.18499976270806573,90.76255103148901,16.791050403604174,1437.5789495963957
496,2024-12-03,EU-East,home_appliance,18193.74,5.9,0,60,low,0.45,0,none,0.0,,,202,164d+,1,0.0,0,0.32041057520705396,489.1670842807319,156.73430684674676,18037.005693153256
648,2025-03-11,EU-East,beauty,13336.86,5.2,0,0,low,0.78,0,none,0.0,,,104,90-120d,1,0.0,0,0.11225869642146752,324.4742903642313,36.425060858569346,13300.43493914143
988,2024-11-15,EU-West,home_appliance,26131.45,2.6,0,0,low,0.61,0,none,0.0,,,220,164d+,1,0.0,0,0.27603984283051336,1099.2052744193588,303.42445118919113,25828.02554881081
45,2024-05-03,EU-South,home_appliance,14055.37,1.9,0,30,medium,0.25,0,none,0.0,,,416,164d+,1,0.0,1,0.6146949615610996,638.6197404704976,392.55633682067196,13662.81366317933
711,2024-03-05,EU-South,beauty,6789.89,5.1,0,30,low,0.69,0,none,0.0,,,475,164d+,1,0.0,0,0.1287222191128087,932.8773737266662,120.08204570622546,6669.807954293775
374,2024-08-28,EU-West,pet_care,23175.19,1.1,0,30,medium,0.53,0,none,0.0,,,299,164d+,1,0.0,1,0.48019659900964656,697.622056065116,334.99573871658566,22840.194261283414
679,2024-08-22,Unknown,home_appliance,10727.78,6.2,0,60,medium,0.29,0,none,0.0,,buyer queried ETA,305,164d+,1,0.0,1,0.44489175987512286,653.1547172294262,290.5831516189376,10437.196848381063
567,2025-06-13,EU-North,cleaning,85987.61,4.8,0,30,low,0.64,0,none,0.0,,,10,<30d,1,0.0,0,0.2637616739115726,281.41582018074416,74.2267077960712,85913.38329220393
848,2024-09-10,EU-North,cleaning,41053.69,4.1,0,30,high,0.75,0,none,0.0,,,286,164d+,1,0.0,2,0.2153283404309354,162.4912545257446,34.98897217156931,41018.701027828436
461,2025-03-28,EU-East,beauty,20278.77,1.3,0,90,medium,0.54,0,none,0.0,,,87,60-90d,1,0.0,1,0.28487168692090636,566.1328144479492,161.27520987306775,20117.494790126933
1156,2024-02-22,EU-West,cleaning,4724.69,5.2,0,60,low,0.16,0,none,0.0,,,487,164d+,1,0.0,0,0.36753170143310343,534.458773606525,196.43054240945597,4528.259457590543
40,2024-05-28,EU-North,pet_care,7153.38,3.5,0,60,medium,0.28,0,none,0.0,,,391,164d+,1,0.0,1,0.5745201559234951,910.1735175838206,522.9130312396927,6630.466968760307
435,2025-04-15,Unknown,home_appliance,19607.47,4.6,0,90,medium,0.17,0,none,0.0,,,69,60-90d,1,0.0,1,0.5238188061408506,501.753848307308,262.82810179691154,19344.64189820309
974,2024-05-24,EU-South,home_appliance,15799.58,5.8,0,0,high,0.71,0,none,0.0,,buyer queried ETA,395,164d+,1,0.0,2,0.4695858850433217,957.5345992305724,449.6447322392907,15349.93526776071
1240,2024-05-23,EU-West,home_appliance,8285.93,3.2,0,0,medium,0.5,0,none,0.0,,,396,164d+,1,0.0,1,0.7118998524665063,827.9552855848526,589.4212456567207,7696.50875434328
1008,2025-02-21,EU-West,home_appliance,7656.61,9.8,0,30,high,0.44,0,none,0.0,,,122,120-164d,1,0.0,2,0.610975248668707,916.6452782716077,560.0475768329917,7096.562423167008
457,2024-06-22,EU-South,home_appliance,9126.5,1.2,0,60,low,0.08,0,none,0.0,,,366,164d+,1,0.0,0,0.3072639030412961,677.7579215107651,208.25054428055407,8918.249455719446
261,2024-02-09,Unknown,home_appliance,17564.12,1.6,0,90,low,0.26,0,none,0.0,,,500,164d+,1,0.0,0,0.4526614228907155,624.8834664788469,282.86063907719756,17281.259360922802
36,2024-07-22,EU-West,pet_care,8825.19,6.2,0,60,low,0.36,0,none,0.0,,,336,164d+,1,0.0,0,0.347492841766692,729.0971452337695,253.3560389212651,8571.833961078735
828,2025-04-12,EU-West,home_appliance,32004.01,3.6,0,0,low,0.54,0,none,0.0,,,72,60-90d,1,0.0,0,0.13693923013791515,439.80466690434764,60.22651249694358,31943.783487503053
310,2024-01-31,EU-West,home_appliance,14271.08,3.1,0,30,medium,0.42,0,none,0.0,,,509,164d+,1,0.0,1,0.39882243100983245,724.2991617532649,288.86675246882095,13982.21324753118
277,2024-05-15,EU-West,cleaning,19753.25,4.4,0,60,low,0.26,0,none,0.0,,,404,164d+,1,0.0,0,0.3544528203526212,587.8863371415641,208.37797024659935,19544.872029753402
637,2024-04-18,EU-North,pet_care,9839.93,4.6,0,30,medium,0.53,0,none,0.0,,,431,164d+,1,0.0,1,0.44341684910662593,978.053701117775,433.6854904067174,9406.244509593284
655,2024-04-21,EU-South,home_appliance,5670.46,0.8,1,30,medium,0.18,1,freight_overrun,240.16,58.0,carrier surcharge applied,428,164d+,1,240.16,1,0.8180764577283085,299.1249344687077,244.7070668083728,5425.752933191628
623,2024-05-14,EU-South,home_appliance,9517.03,10.4,0,30,medium,0.66,1,dispute,4111.51,69.0,quality complaint raised,405,164d+,1,4111.51,1,0.5650048564302307,1199.5584446936668,677.7563468238161,8839.273653176184
845,2024-05-16,EU-West,beauty,10455.83,11.0,0,0,medium,0.88,1,return,304.15,49.0,buyer returned partial shipment,403,164d+,1,304.15,1,0.6399028584939588,353.33109635425063,226.09757855188937,10229.73242144811
394,2025-04-21,EU-North,cleaning,6193.3,4.3,0,0,medium,0.39,0,none,0.0,,,63,60-90d,1,0.0,1,0.339088350512933,780.7693623710553,264.74979521743563,5928.550204782565
108,2024-01-13,EU-West,beauty,4761.49,4.5,0,60,medium,0.38,0,none,0.0,,,527,164d+,1,0.0,1,0.27169188877133643,532.3340488718196,144.63084319527758,4616.859156804722
350,2024-07-09,EU-West,beauty,5251.37,8.8,0,0,low,0.69,0,none,0.0,,,349,164d+,1,0.0,0,0.06076619425489033,465.56066788158074,28.290349981928614,5223.079650018071
525,2024-01-05,EU-West,home_appliance,12473.52,12.0,0,30,high,0.4,0,none,0.0,,,535,164d+,1,0.0,2,0.5463789084687221,451.0974936515281,246.4701561942982,12227.049843805702
785,2025-04-22,EU-South,beauty,7953.86,10.5,0,0,low,0.5,0,none,0.0,,,62,60-90d,1,0.0,0,0.2553168670646531,1246.6286327165415,318.2853168982795,7635.57468310172
48,2024-09-05,EU-West,beauty,10573.74,7.3,0,60,medium,0.44,0,none,0.0,,,291,164d+,1,0.0,1,0.5941709325066692,689.921147338109,409.93109146995533,10163.808908530045
204,2024-09-26,Unknown,pet_care,23995.27,4.2,0,30,medium,0.76,0,none,0.0,,,270,164d+,1,0.0,1,0.09420783648180445,419.0638272530769,39.479096513297016,23955.790903486704
22,2024-04-03,EU-West,beauty,18221.96,1.7,0,30,medium,0.64,0,none,0.0,,,446,164d+,1,0.0,1,0.41614580016365077,567.5293828923857,236.17496916013476,17985.785030839863
403,2024-06-10,EU-North,home_appliance,8669.17,5.4,0,30,medium,0.62,0,none,0.0,,,378,164d+,1,0.0,1,0.42633835834522643,718.9207975968359,306.50351262767583,8362.666487372324
1108,2024-04-22,EU-West,pet_care,1931.55,5.2,0,60,low,0.36,1,dispute,890.17,100.0,quality complaint raised,427,164d+,1,890.17,0,0.7179276637153427,510.61078348699743,366.58160685668076,1564.9683931433192
1155,2025-05-26,EU-East,home_appliance,1924.03,5.8,0,90,medium,0.3,1,freight_overrun,,44.0,,28,<30d,0,423.64,1,0.8130581142913308,407.4822063241691,331.3067142811999,1592.7232857188
990,2024-09-16,EU-North,home_appliance,15408.33,4.2,0,30,high,0.43,0,none,0.0,,,280,164d+,1,0.0,2,0.5626890293736092,687.6273573756175,386.9203702924261,15021.409629707574
742,2024-05-22,EU-West,beauty,10025.39,3.1,0,30,low,0.7,0,none,0.0,,,397,164d+,1,0.0,0,0.4080329819442776,814.8362626579762,332.4800700486647,9692.909929951335
1311,2024-10-05,EU-West,pet_care,8743.72,3.2,0,0,high,0.8,0,none,0.0,,,261,164d+,1,0.0,2,0.3238760932172062,650.7431732514967,210.7601566404623,8532.959843359537
1148,2024-02-07,EU-South,home_appliance,10293.83,3.2,0,60,low,0.23,0,none,0.0,,,502,164d+,1,0.0,0,0.4233532352482356,685.7045202913371,290.295227089677,10003.534772910323
34,2024-04-12,EU-West,home_appliance,14819.45,12.4,0,60,low,0.4,0,none,0.0,,,437,164d+,1,0.0,0,0.19168800611939607,628.417943425833,120.46018258494937,14698.989817415051
788,2025-02-03,Unknown,beauty,29665.63,4.0,0,30,low,0.51,0,none,0.0,,,140,120-164d,1,0.0,0,0.19905378267082985,427.78413832698385,85.15205090056766,29580.477949099433
924,2024-02-12,EU-East,home_appliance,13117.58,4.6,0,30,medium,0.73,0,none,0.0,,,497,164d+,1,0.0,1,0.3577977024358431,346.1274069992966,123.84359097442429,12993.736409025576
1044,2024-10-28,EU-North,beauty,2706.21,6.6,0,30,medium,0.34,0,none,0.0,,,238,164d+,1,0.0,1,0.4287728293907642,431.3537328927453,184.95276052069036,2521.2572394793096
1345,2024-08-17,EU-South,beauty,10451.49,13.8,0,90,low,0.44,0,none,0.0,,,310,164d+,1,0.0,0,0.19619477854698755,842.79864938597,165.35269437598058,10286.137305624019
1244,2024-01-18,EU-West,pet_care,8275.48,3.0,0,60,low,0.5,1,default,,71.0,non-payment - escalated,522,164d+,0,5930.99,0,0.5721885694068672,874.9579727204034,500.6409507020204,7774.839049297979
580,2025-05-31,EU-West,home_appliance,6191.94,1.4,0,30,medium,0.63,0,none,0.0,,,23,<30d,1,0.0,1,0.31328289107287544,710.382204756176,222.55059087273816,5969.389409127261
482,2024-12-22,EU-West,cleaning,19955.97,0.8,1,30,high,0.22,0,none,0.0,,,183,164d+,1,0.0,2,0.2712639445305121,572.2480447082776,155.2302618574402,19800.73973814256
932,2024-09-01,EU-West,beauty,10892.3,2.9,0,0,medium,0.88,0,none,0.0,,,295,164d+,1,0.0,1,0.6113200754239028,545.8704754024714,333.70158019472046,10558.59841980528
357,2024-02-01,EU-North,home_appliance,35537.6,0.4,1,0,low,0.02,0,none,0.0,,,508,164d+,1,0.0,0,0.44853892389329303,601.0635263148143,269.60038728475485,35267.99961271524
1249,2025-06-21,EU-South,cleaning,4506.25,4.3,0,0,medium,0.68,0,none,0.0,,,2,<30d,1,0.0,1,0.2876740319472491,732.6980075416748,210.7781900292295,4295.471809970771
760,2024-11-11,EU-East,home_appliance,21068.22,2.4,0,30,high,0.28,0,none,0.0,,,224,164d+,1,0.0,2,0.3513570848697194,456.73534949043903,160.47720095391313,20907.74279904609
93,2024-11-11,EU-East,cleaning,5215.25,1.4,0,30,low,0.83,0,none,0.0,,,224,164d+,1,0.0,0,0.1667587605446935,237.07671761273855,39.534619583104586,5175.715380416896
1176,2024-03-03,EU-North,cleaning,3927.29,2.8,0,0,low,0.55,0,none,0.0,,,477,164d+,1,0.0,0,0.18784665729461592,694.4768289197608,130.45515088114192,3796.834849118858
1342,2024-02-15,EU-South,pet_care,6925.85,2.1,0,90,low,0.28,0,none,0.0,,,494,164d+,1,0.0,0,0.5876616061902997,672.9484293338722,395.4659548655828,6530.384045134418
804,2024-04-25,EU-East,home_appliance,12662.52,7.3,0,30,low,0.47,0,none,0.0,,,424,164d+,1,0.0,0,0.4078419998695239,461.4427537757087,188.19573552518534,12474.324264474815
746,2024-12-03,EU-East,pet_care,24761.07,1.9,0,30,medium,0.57,0,none,0.0,,,202,164d+,1,0.0,1,0.33999690811453703,1216.0525465929773,413.45410594642124,24347.61589405358
280,2024-06-09,EU-South,beauty,20744.42,2.0,0,0,low,0.69,0,none,0.0,,,379,164d+,1,0.0,0,0.06652336238595993,595.359313325714,39.605303350222734,20704.814696649777
765,2024-06-06,EU-South,pet_care,15445.77,4.5,0,0,medium,0.66,0,none,0.0,,,382,164d+,1,0.0,1,0.4837875384734085,823.3611507015731,398.3318643725472,15047.438135627453
605,2025-06-14,EU-South,home_appliance,32250.45,4.2,0,0,low,0.77,0,none,0.0,,,9,<30d,1,0.0,0,0.04787103221352105,221.71223437389608,10.613593513844508,32239.836406486156
1383,2024-01-01,EU-East,cleaning,6298.6,2.4,0,90,medium,0.13,0,none,0.0,,,539,164d+,1,0.0,1,0.581921622468602,491.59816383785954,286.07160110311287,6012.528398896888
401,2024-07-21,EU-West,cleaning,14417.58,7.5,0,30,low,0.61,0,none,0.0,,,337,164d+,1,0.0,0,0.6269107618107949,791.4410161745451,496.1628903782937,13921.417109621707
258,2024-12-08,EU-West,pet_care,5787.62,2.0,0,0,medium,0.52,1,return,561.79,128.0,QC reject on arrival,197,164d+,1,561.79,1,0.6241441403924559,873.1629078280505,544.9795125289157,5242.640487471084
945,2025-01-22,EU-East,cleaning,10891.54,6.7,0,60,medium,0.33,0,none,0.0,,,152,120-164d,1,0.0,1,0.2635835045953318,534.1664165628771,140.79745611477304,10750.742543885228
1097,2024-03-30,EU-West,beauty,26950.83,0.9,1,30,high,0.32,0,none,0.0,,,450,164d+,1,0.0,2,0.3278440856633353,967.570300760059,317.2122005676799,26633.617799432322
1220,2024-09-25,Unknown,pet_care,19697.91,1.8,0,60,medium,0.23,1,late_payment,,43.0,remittance overdue,271,164d+,0,232.46,1,0.6298551905977421,582.7288533302913,367.0347929811543,19330.875207018846
1162,2025-05-27,EU-North,cleaning,12391.08,2.6,0,30,low,0.52,0,none,0.0,,,27,<30d,1,0.0,0,0.27953791103823783,800.7760985285494,223.8472777920208,12167.232722207978
495,2025-01-26,EU-North,home_appliance,4662.46,9.6,0,30,low,0.44,0,none,0.0,,,148,120-164d,1,0.0,0,0.05342091161022198,609.1465893430496,32.54116610696324,4629.918833893037
773,2025-01-08,EU-East,beauty,14150.36,4.2,0,0,high,0.73,0,none,0.0,,,166,164d+,1,0.0,2,0.4545002123969302,324.8794382028716,147.65777366660052,14002.7022263334
551,2025-01-11,EU-East,pet_care,7448.04,4.4,0,30,medium,0.52,0,none,0.0,,,163,120-164d,1,0.0,1,0.40796314656025057,611.8909259048747,249.62894748381783,7198.411052516182
202,2024-08-07,EU-South,home_appliance,5851.73,0.8,1,30,medium,0.13,0,none,0.0,,,320,164d+,1,0.0,1,0.7494612581451949,612.2289900300464,458.84190914088055,5392.888090859119
313,2024-09-14,EU-West,pet_care,19872.68,1.3,0,0,low,0.56,0,none,0.0,,,282,164d+,1,0.0,0,0.30228845335301135,774.4503518863864,234.10739907043117,19638.57260092957
291,2024-03-25,EU-South,cleaning,5493.58,5.6,0,60,low,0.46,0,none,0.0,,,455,164d+,1,0.0,0,0.11065639109286077,465.2740637773741,51.485548766713755,5442.094451233286
1214,2024-03-03,EU-West,cleaning,52507.05,2.3,0,0,low,0.4,1,freight_overrun,407.75,35.0,extra freight billed,477,164d+,1,407.75,0,0.5268082760649229,392.9543240242252,207.01159001145916,52300.03840998854
764,2024-01-20,EU-West,beauty,24971.62,0.7,1,30,high,0.1,0,none,0.0,,,520,164d+,1,0.0,2,0.558200038492618,1270.2353269019407,709.0454083713465,24262.574591628654
1137,2024-02-04,EU-East,cleaning,4043.65,1.4,0,0,low,0.51,0,none,0.0,,,505,164d+,1,0.0,0,0.19183555038537678,634.4105310733697,121.70249339873907,3921.947506601261
950,2024-02-17,EU-West,home_appliance,13349.53,3.6,0,60,medium,0.38,0,none,0.0,,,492,164d+,1,0.0,1,0.4591038494392458,684.0112118677105,314.0321804280694,13035.49781957193
184,2025-06-13,EU-West,home_appliance,11579.63,2.2,0,60,low,0.31,1,dispute,1897.31,146.0,buyer disputes invoice,10,<30d,1,1897.31,0,0.48048314560193695,771.3215627258096,370.6070107290987,11209.022989270901
1177,2024-02-14,EU-East,cleaning,2067.62,2.5,0,0,low,0.68,0,none,0.0,,,495,164d+,1,0.0,0,0.5759022218614893,77.82359145330398,44.81877923119857,2022.8012207688014
1350,2025-01-20,EU-West,home_appliance,2976.86,6.3,0,60,medium,0.51,0,none,0.0,,,154,120-164d,1,0.0,1,0.5429629509251056,525.5897876547256,285.37578208110943,2691.484217918891
1069,2024-03-15,EU-West,beauty,5529.03,2.6,0,30,medium,0.88,1,freight_overrun,,65.0,,465,164d+,0,423.64,1,0.5684287141554326,314.33903891591245,178.6793356998266,5350.350664300173
1031,2024-10-10,EU-East,pet_care,18944.75,10.0,0,30,low,0.48,0,none,0.0,,,256,164d+,1,0.0,0,0.10204151670560056,430.5738903262372,43.93641282272016,18900.81358717728
251,2024-04-03,EU-North,home_appliance,11560.95,4.4,0,60,low,0.37,0,none,0.0,,,446,164d+,1,0.0,0,0.25864951204704495,822.7453804526557,212.80269119303975,11348.147308806962
824,2025-02-04,EU-North,home_appliance,10714.57,3.1,0,0,low,0.34,0,none,0.0,,,139,120-164d,1,0.0,0,0.4869229476649952,781.7124942009292,380.63375190287195,10333.936248097129
1100,2025-03-12,EU-West,beauty,8985.5,3.0,0,30,high,0.73,0,none,0.0,,,103,90-120d,1,0.0,2,0.6176631840300857,439.832604428048,271.6684068912733,8713.831593108727
941,2024-03-31,EU-West,home_appliance,6118.94,2.9,0,60,low,0.44,0,none,0.0,,,449,164d+,1,0.0,0,0.21442780250908575,826.1638947360697,177.15250846060306,5941.787491539397
392,2024-08-01,EU-West,home_appliance,12820.42,2.2,0,30,low,0.57,0,none,0.0,,,326,164d+,1,0.0,0,0.40321553060787296,911.2460765085564,367.42857025373996,12452.99142974626
1093,2025-02-26,EU-West,home_appliance,5027.9,3.5,0,90,low,0.4,1,freight_overrun,310.85,129.0,,117,90-120d,1,310.85,0,0.6565914753870155,519.6508469386331,341.1983162775492,4686.70168372245
1192,2025-06-15,EU-West,pet_care,5832.04,4.5,0,60,low,0.4,0,none,0.0,,,8,<30d,1,0.0,0,0.275138289973652,774.5449903505105,213.10698415269823,5618.933015847302
905,2024-04-29,EU-South,beauty,9290.77,4.9,0,30,high,0.58,0,none,0.0,,,420,164d+,1,0.0,2,0.5134273630875708,793.6765954352603,407.4952815386464,8883.274718461354
731,2025-06-13,EU-West,home_appliance,26762.4,8.9,0,30,high,0.53,0,none,0.0,,,10,<30d,1,0.0,2,0.6354628428925145,1291.1757330469204,820.4942019958224,25941.90579800418
555,2024-02-18,EU-West,pet_care,7000.07,11.9,0,90,medium,0.36,0,none,0.0,,,491,164d+,1,0.0,1,0.5910674688294427,488.47014584086446,288.7188127009085,6711.351187299091
367,2025-02-05,EU-North,pet_care,9419.14,0.8,1,30,low,0.17,0,none,0.0,,,138,120-164d,1,0.0,0,0.4397305990227769,947.1404826775571,416.4866518065242,9002.653348193475
346,2024-08-08,EU-North,cleaning,6865.82,3.8,0,90,medium,0.44,0,none,0.0,,,319,164d+,1,0.0,1,0.4230838763027005,726.5689154120167,307.39959313356496,6558.420406866435
536,2024-05-12,EU-West,home_appliance,7600.47,6.4,0,60,low,0.54,0,none,0.0,,,407,164d+,1,0.0,0,0.3062645919362355,844.6797697820939,258.69550500910634,7341.774494990894
1210,2025-03-01,EU-East,beauty,2492.37,3.3,0,30,medium,0.63,1,late_payment,86.87,33.0,,114,90-120d,1,86.87,1,0.6500322814061457,88.58418210996189,57.582577993436,2434.7874220065637
1373,2024-11-19,EU-East,pet_care,14634.54,2.2,0,0,low,0.78,0,none,0.0,,,216,164d+,1,0.0,0,0.2631587034655454,350.72703815645474,92.29687263156349,14542.243127368438
920,2024-01-22,EU-East,pet_care,37827.98,9.4,0,90,medium,0.17,0,none,0.0,,,518,164d+,1,0.0,1,0.21194481730431763,192.11183648096244,40.717108084954525,37787.26289191505
212,2025-04-03,EU-East,cleaning,22437.5,1.9,0,0,medium,0.64,0,none,0.0,,,81,60-90d,1,0.0,1,0.1989303532057403,429.83685073635183,85.50759653782553,22351.992403462173
503,2025-04-01,EU-South,pet_care,21580.85,1.5,0,60,medium,0.38,0,none,0.0,,,83,60-90d,1,0.0,1,0.2116571889175413,572.4025791934321,121.15312084123214,21459.696879158768
538,2024-01-30,EU-West,cleaning,4481.04,2.8,0,0,low,0.45,0,none,0.0,,,510,164d+,1,0.0,0,0.3419506713889252,617.2423553769896,211.06643783084317,4269.973562169157
1221,2025-05-12,EU-West,pet_care,6372.44,8.8,0,30,high,0.71,0,none,0.0,,,42,30-60d,1,0.0,2,0.4721188998859846,1106.5601180691126,522.4279456004947,5850.012054399505
176,2024-02-07,EU-West,home_appliance,2070.35,4.0,0,90,low,0.48,0,none,0.0,,,502,164d+,1,0.0,0,0.4924475978709398,182.01028701067136,89.63052862620542,1980.7194713737945
